emoji,hexcode,group,subgroups,annotation,tags,openmoji_tags,openmoji_author,openmoji_date,skintone,skintone_combination,skintone_base_emoji,skintone_base_hexcode,unicode,order
😀,1F600,smileys-emotion,face-smiling,grinning face,"cheerful, cheery, face, grin, grinning, happy, laugh, nice, smile, smiling, teeth","smile, happy",Emily Jäger,2018-04-18,,,,,1,1
😃,1F603,smileys-emotion,face-smiling,grinning face with big eyes,"awesome, big, eyes, face, grin, grinning, happy, mouth, open, smile, smiling, teeth, yay","eyes, teeth",Emily Jäger,2018-04-18,,,,,0.6,2
😄,1F604,smileys-emotion,face-smiling,grinning face with smiling eyes,"eye, eyes, face, grin, grinning, happy, laugh, lol, mouth, open, smile, smiling","happy, teeth",Emily Jäger,2018-04-18,,,,,0.6,3
😁,1F601,smileys-emotion,face-smiling,beaming face with smiling eyes,"beaming, eye, eyes, face, grin, grinning, happy, nice, smile, smiling, teeth","happy, teeth, mouth",Emily Jäger,2018-04-18,,,,,0.6,4
😆,1F606,smileys-emotion,face-smiling,grinning squinting face,"closed, eyes, face, grinning, haha, hahaha, happy, laugh, lol, mouth, open, rofl, smile, smiling, squinting",,Emily Jäger,2018-04-18,,,,,0.6,5
😅,1F605,smileys-emotion,face-smiling,grinning face with sweat,"cold, dejected, excited, face, grinning, mouth, nervous, open, smile, smiling, stress, stressed, sweat",laugh,Emily Jäger,2018-04-18,,,,,0.6,6
🤣,1F923,smileys-emotion,face-smiling,rolling on the floor laughing,"crying, face, floor, funny, haha, happy, hehe, hilarious, joy, laugh, lmao, lol, rofl, roflmao, rolling, tear",tears,Emily Jäger,2018-04-18,,,,,3,7
😂,1F602,smileys-emotion,face-smiling,face with tears of joy,"crying, face, feels, funny, haha, happy, hehe, hilarious, joy, laugh, lmao, lol, rofl, roflmao, tear",,Emily Jäger,2018-04-18,,,,,0.6,8
🙂,1F642,smileys-emotion,face-smiling,slightly smiling face,"face, happy, slightly, smile, smiling",satisfied,Emily Jäger,2018-04-18,,,,,1,9
🙃,1F643,smileys-emotion,face-smiling,upside-down face,"face, hehe, smile, upside-down",turn,Emily Jäger,2018-04-18,,,,,1,10
🫠,1FAE0,smileys-emotion,face-smiling,melting face,"disappear, dissolve, embarrassed, face, haha, heat, hot, liquid, lol, melt, melting, sarcasm, sarcastic",,Liz Bravo,2022-02-10,,,,,14,11
😉,1F609,smileys-emotion,face-smiling,winking face,"face, flirt, heartbreaker, sexy, slide, tease, wink, winking, winks",eye,Emily Jäger,2018-04-18,,,,,0.6,12
😊,1F60A,smileys-emotion,face-smiling,smiling face with smiling eyes,"blush, eye, eyes, face, glad, satisfied, smile, smiling",satisfied,Emily Jäger,2018-04-18,,,,,0.6,13
😇,1F607,smileys-emotion,face-smiling,smiling face with halo,"angel, angelic, angels, blessed, face, fairy, fairytale, fantasy, halo, happy, innocent, peaceful, smile, smiling, spirit, tale",,Emily Jäger,2018-04-18,,,,,1,14
🥰,1F970,smileys-emotion,face-affection,smiling face with hearts,"3, adore, crush, face, heart, hearts, ily, love, romance, smile, smiling, you",,Antonia Wagner,2019-05-03,,,,,11,15
😍,1F60D,smileys-emotion,face-affection,smiling face with heart-eyes,"143, bae, eye, face, feels, heart-eyes, hearts, ily, kisses, love, romance, romantic, smile, xoxo","hearts, happy",Emily Jäger,2018-04-18,,,,,0.6,16
🤩,1F929,smileys-emotion,face-affection,star-struck,"excited, eyes, face, grinning, smile, star, starry-eyed, wow",surprised,Emily Jäger,2018-04-18,,,,,5,17
😘,1F618,smileys-emotion,face-affection,face blowing a kiss,"adorbs, bae, blowing, face, flirt, heart, ily, kiss, love, lover, miss, muah, romantic, smooch, xoxo, you","love, happy",Emily Jäger,2018-04-18,,,,,0.6,18
😗,1F617,smileys-emotion,face-affection,kissing face,"143, date, dating, face, flirt, ily, kiss, love, smooch, smooches, xoxo, you",,Emily Jäger,2018-04-18,,,,,1,19
☺️,263A,smileys-emotion,face-affection,smiling face,"face, happy, outlined, relaxed, smile, smiling",satisfied,Emily Jäger,2018-04-18,,,,,0.6,21
😚,1F61A,smileys-emotion,face-affection,kissing face with closed eyes,"143, bae, blush, closed, date, dating, eye, eyes, face, flirt, ily, kisses, kissing, smooches, xoxo","love, happy",Emily Jäger,2018-04-18,,,,,0.6,22
😙,1F619,smileys-emotion,face-affection,kissing face with smiling eyes,"143, closed, date, dating, eye, eyes, face, flirt, ily, kiss, kisses, kissing, love, night, smile, smiling",,Emily Jäger,2018-04-18,,,,,1,23
🥲,1F972,smileys-emotion,face-affection,smiling face with tear,"face, glad, grateful, happy, joy, pain, proud, relieved, smile, smiley, smiling, tear, touched",,Liz Bravo,2020-03-07,,,,,13,24
😋,1F60B,smileys-emotion,face-tongue,face savoring food,"delicious, eat, face, food, full, hungry, savor, smile, smiling, tasty, um, yum, yummy","yummy, tongue",Emily Jäger,2018-04-18,,,,,0.6,25
😛,1F61B,smileys-emotion,face-tongue,face with tongue,"awesome, cool, face, nice, party, stuck-out, sweet, tongue",,Mariella Steeb,2018-04-18,,,,,1,26
😜,1F61C,smileys-emotion,face-tongue,winking face with tongue,"crazy, epic, eye, face, funny, joke, loopy, nutty, party, stuck-out, tongue, wacky, weirdo, wink, winking, yolo",,Mariella Steeb,2018-04-18,,,,,0.6,27
🤪,1F92A,smileys-emotion,face-tongue,zany face,"crazy, eye, eyes, face, goofy, large, small, zany",,Mariella Steeb,2018-04-18,,,,,5,28
😝,1F61D,smileys-emotion,face-tongue,squinting face with tongue,"closed, eye, eyes, face, gross, horrible, omg, squinting, stuck-out, taste, tongue, whatever, yolo",,Mariella Steeb,2018-04-18,,,,,0.6,29
🤑,1F911,smileys-emotion,face-tongue,money-mouth face,"face, money, money-mouth, mouth, paid","tongue, dollar",Emily Jäger,2018-04-18,,,,,1,30
🤗,1F917,smileys-emotion,face-hand,smiling face with open hands,"face, hands, hug, hugging, open, smiling",hands,Emily Jäger,2018-04-18,,,,,1,31
🤭,1F92D,smileys-emotion,face-hand,face with hand over mouth,"face, giggle, giggling, hand, mouth, oops, realization, secret, shock, sudden, surprise, whoops","hand, mouth, smile, giggling, covering",Liz Bravo,2020-12-21,,,,,5,32
🫢,1FAE2,smileys-emotion,face-hand,face with open eyes and hand over mouth,"amazement, awe, disbelief, embarrass, eyes, face, gasp, hand, mouth, omg, open, over, quiet, scared, shock, surprise",,Liz Bravo,2022-02-10,,,,,14,33
🫣,1FAE3,smileys-emotion,face-hand,face with peeking eye,"captivated, embarrass, eye, face, hide, hiding, peek, peeking, peep, scared, shy, stare",,Robin Bauer,2022-05-09,,,,,14,34
🤫,1F92B,smileys-emotion,face-hand,shushing face,"face, quiet, shh, shush, shushing","hand, silent",Emily Jäger,2018-04-18,,,,,5,35
🤔,1F914,smileys-emotion,face-hand,thinking face,"chin, consider, face, hmm, ponder, pondering, thinking, wondering","hand, chin, overthinking, frown, curious",Emily Jäger,2018-04-18,,,,,1,36
🫡,1FAE1,smileys-emotion,face-hand,saluting face,"face, good, luck, ma’am, ok, respect, salute, saluting, sir, troops, yes",,Alan Seng,2022-05-09,,,,,14,37
🤐,1F910,smileys-emotion,face-neutral-skeptical,zipper-mouth face,"face, keep, mouth, quiet, secret, shut, zip, zipper, zipper-mouth",,Emily Jäger,2018-04-18,,,,,1,38
🤨,1F928,smileys-emotion,face-neutral-skeptical,face with raised eyebrow,"disapproval, disbelief, distrust, emoji, eyebrow, face, hmm, mild, raised, skeptic, skeptical, skepticism, surprise, what",suspicious,Emily Jäger,2018-04-18,,,,,5,39
😐️,1F610,smileys-emotion,face-neutral-skeptical,neutral face,"awkward, blank, deadpan, expressionless, face, fine, jealous, meh, neutral, oh, shade, straight, unamused, unhappy, unimpressed, whatever",poker face,Mariella Steeb,2018-04-18,,,,,0.7,40
😑,1F611,smileys-emotion,face-neutral-skeptical,expressionless face,"awkward, dead, expressionless, face, fine, inexpressive, jealous, meh, not, oh, omg, straight, uh, unhappy, unimpressed, whatever","unamused, annoyed",Mariella Steeb,2018-04-18,,,,,1,41
😶,1F636,smileys-emotion,face-neutral-skeptical,face without mouth,"awkward, blank, expressionless, face, mouth, mouthless, mute, quiet, secret, silence, silent, speechless",shhh,Emily Jäger,2018-04-18,,,,,1,42
🫥,1FAE5,smileys-emotion,face-neutral-skeptical,dotted line face,"depressed, disappear, dotted, face, hidden, hide, introvert, invisible, line, meh, whatever, wtv",,Liz Bravo,2022-02-10,,,,,14,43
😶‍🌫️,1F636-200D-1F32B-FE0F,smileys-emotion,face-neutral-skeptical,face in clouds,"absentminded, clouds, face, fog, head",,Nelly Nieter,2021-04-23,,,,,13.1,44
😏,1F60F,smileys-emotion,face-neutral-skeptical,smirking face,"boss, dapper, face, flirt, homie, kidding, leer, shade, slick, sly, smirk, smug, snicker, suave, suspicious, swag",,Mariella Steeb,2018-04-18,,,,,0.6,46
😒,1F612,smileys-emotion,face-neutral-skeptical,unamused face,"..., bored, face, fine, jealous, jel, jelly, pissed, smh, ugh, uhh, unamused, unhappy, weird, whatever",,Mariella Steeb,2018-04-18,,,,,0.6,47
🙄,1F644,smileys-emotion,face-neutral-skeptical,face with rolling eyes,"eyeroll, eyes, face, rolling, shade, ugh, whatever",annoyed,Emily Jäger,2018-04-18,,,,,1,48
😬,1F62C,smileys-emotion,face-neutral-skeptical,grimacing face,"awk, awkward, dentist, face, grimace, grimacing, grinning, smile, smiling",awkward,Daniel Utz,2019-11-11,,,,,1,49
😮‍💨,1F62E-200D-1F4A8,smileys-emotion,face-neutral-skeptical,face exhaling,"blow, blowing, exhale, exhaling, exhausted, face, gasp, groan, relief, sigh, smiley, smoke, whisper, whistle",,Natalia Kenig,2026-08-06,,,,,13.1,50
🤥,1F925,smileys-emotion,face-neutral-skeptical,lying face,"face, liar, lie, lying, pinocchio","nose, long",Emily Jäger,2018-04-18,,,,,3,51
🫨,1FAE8,smileys-emotion,face-neutral-skeptical,shaking face,"crazy, daze, earthquake, face, omg, panic, shaking, shock, surprise, vibrate, whoa, wow",,Linda Hartmann,2023-10-25,,,,,15,52
🙂‍↔️,1F642-200D-2194-FE0F,smileys-emotion,face-neutral-skeptical,head shaking horizontally,"head, horizontally, no, shake, shaking",,Vanessa Stoessinger,2024-10-03,,,,,15.1,53
🙂‍↕️,1F642-200D-2195-FE0F,smileys-emotion,face-neutral-skeptical,head shaking vertically,"head, nod, shaking, vertically, yes",,Annika Raue,2024-10-03,,,,,15.1,55
😌,1F60C,smileys-emotion,face-sleepy,relieved face,"calm, face, peace, relief, relieved, zen",,Mariella Steeb,2018-04-18,,,,,0.6,57
😔,1F614,smileys-emotion,face-sleepy,pensive face,"awful, bored, dejected, died, disappointed, face, losing, lost, pensive, sad, sucks",,Mariella Steeb,2018-04-18,,,,,0.6,58
😪,1F62A,smileys-emotion,face-sleepy,sleepy face,"crying, face, good, night, sad, sleep, sleeping, sleepy, tired","snot bubble, side-tear",Mariella Steeb,2018-04-18,,,,,0.6,59
🤤,1F924,smileys-emotion,face-sleepy,drooling face,"drooling, face","hungry, yummy",Emily Jäger,2018-04-18,,,,,3,60
😴,1F634,smileys-emotion,face-sleepy,sleeping face,"bed, bedtime, face, good, goodnight, nap, night, sleep, sleeping, tired, whatever, yawn, zzz",tired,Emily Jäger,2018-04-18,,,,,1,61
🫩,1FAE9,smileys-emotion,face-sleepy,face with bags under eyes,"bags, bored, exhausted, eyes, face, fatigued, late, sleepy, tired, weary",,Daniel Utz,2025-02-18,,,,,16,62
😷,1F637,smileys-emotion,face-unwell,face with medical mask,"cold, dentist, dermatologist, doctor, dr, face, germs, mask, medical, medicine, sick",ill,Emily Jäger,2018-04-18,,,,,0.6,63
🤒,1F912,smileys-emotion,face-unwell,face with thermometer,"face, ill, sick, thermometer",fever,Emily Jäger,2018-04-18,,,,,1,64
🤕,1F915,smileys-emotion,face-unwell,face with head-bandage,"bandage, face, head-bandage, hurt, injury, ouch",head,Emily Jäger,2018-04-18,,,,,1,65
🤢,1F922,smileys-emotion,face-unwell,nauseated face,"face, gross, nasty, nauseated, sick, vomit",green,Emily Jäger,2018-04-18,,,,,3,66
🤮,1F92E,smileys-emotion,face-unwell,face vomiting,"barf, ew, face, gross, puke, sick, spew, throw, up, vomit, vomiting",,Emily Jäger,2018-04-18,,,,,5,67
🤧,1F927,smileys-emotion,face-unwell,sneezing face,"face, fever, flu, gesundheit, sick, sneeze, sneezing",tissue,Emily Jäger,2018-04-18,,,,,3,68
🥵,1F975,smileys-emotion,face-unwell,hot face,"dying, face, feverish, heat, hot, panting, red-faced, stroke, sweating, tongue",,Antonia Wagner,2019-05-03,,,,,11,69
🥶,1F976,smileys-emotion,face-unwell,cold face,"blue, blue-faced, cold, face, freezing, frostbite, icicles, subzero, teeth",,Antonia Wagner,2019-05-03,,,,,11,70
🥴,1F974,smileys-emotion,face-unwell,woozy face,"dizzy, drunk, eyes, face, intoxicated, mouth, tipsy, uneven, wavy, woozy",,Antonia Wagner,2019-05-03,,,,,11,71
😵,1F635,smileys-emotion,face-unwell,face with crossed-out eyes,"crossed-out, dead, dizzy, eyes, face, feels, knocked, out, sick, tired",dead eyes,Mariella Steeb,2018-04-18,,,,,0.6,72
😵‍💫,1F635-200D-1F4AB,smileys-emotion,face-unwell,face with spiral eyes,"confused, dizzy, eyes, face, hypnotized, omg, smiley, spiral, trouble, whoa, woah, woozy",,Nelly Nieter,2021-04-23,,,,,13.1,73
🤯,1F92F,smileys-emotion,face-unwell,exploding head,"blown, explode, exploding, head, mind, mindblown, no, shocked, way",explosion,Tara Lynn Connelly,2020-04-13,,,,,5,74
🤠,1F920,smileys-emotion,face-hat,cowboy hat face,"cowboy, cowgirl, face, hat",howdy,Emily Jäger,2018-04-18,,,,,3,75
🥳,1F973,smileys-emotion,face-hat,partying face,"bday, birthday, celebrate, celebration, excited, face, happy, hat, hooray, horn, party, partying",,Antonia Wagner,2019-05-03,,,,,11,76
🥸,1F978,smileys-emotion,face-hat,disguised face,"disguise, eyebrow, face, glasses, incognito, moustache, mustache, nose, person, spy, tache, tash",,Liz Bravo,2020-03-07,,,,,13,77
😎,1F60E,smileys-emotion,face-glasses,smiling face with sunglasses,"awesome, beach, bright, bro, chilling, cool, face, rad, relaxed, shades, slay, smile, style, sunglasses, swag, win",,Emily Jäger,2018-04-18,,,,,1,78
🤓,1F913,smileys-emotion,face-glasses,nerd face,"brainy, clever, expert, face, geek, gifted, glasses, intelligent, nerd, smart","glasses, learning",Emily Jäger,2018-04-18,,,,,1,79
🧐,1F9D0,smileys-emotion,face-glasses,face with monocle,"classy, face, fancy, monocle, rich, stuffy, wealthy","glasses, intelligent",Emily Jäger,2018-04-18,,,,,5,80
😕,1F615,smileys-emotion,face-concerned,confused face,"befuddled, confused, confusing, dunno, face, frown, hm, meh, not, sad, sorry, sure",frown,Mariella Steeb,2018-04-18,,,,,1,81
🫤,1FAE4,smileys-emotion,face-concerned,face with diagonal mouth,"confused, confusion, diagonal, disappointed, doubt, doubtful, face, frustrated, frustration, meh, mouth, skeptical, unsure, whatever, wtv",,Liz Bravo,2022-02-10,,,,,14,82
😟,1F61F,smileys-emotion,face-concerned,worried face,"anxious, butterflies, face, nerves, nervous, sad, stress, stressed, surprised, worried, worry",sad,Mariella Steeb,2018-04-18,,,,,1,83
🙁,1F641,smileys-emotion,face-concerned,slightly frowning face,"face, frown, frowning, sad, slightly",,Mariella Steeb,2018-04-18,,,,,1,84
☹️,2639,smileys-emotion,face-concerned,frowning face,"face, frown, frowning, sad","negative, sad",Mariella Steeb,2018-04-18,,,,,0.7,86
😮,1F62E,smileys-emotion,face-concerned,face with open mouth,"believe, face, forgot, mouth, omg, open, shocked, surprised, sympathy, unbelievable, unreal, whoa, wow, you",,Mariella Steeb,2018-04-18,,,,,1,87
😯,1F62F,smileys-emotion,face-concerned,hushed face,"epic, face, hushed, omg, stunned, surprised, whoa, woah",,Mariella Steeb,2018-04-18,,,,,1,88
😲,1F632,smileys-emotion,face-concerned,astonished face,"astonished, cost, face, no, omg, shocked, totally, way",,Emily Jäger,2018-04-18,,,,,0.6,89
😳,1F633,smileys-emotion,face-concerned,flushed face,"amazed, awkward, crazy, dazed, dead, disbelief, embarrassed, face, flushed, geez, heat, hot, impressed, jeez, what, wow",red jaws,Mariella Steeb,2018-04-18,,,,,0.6,90
🫪,1FAEA,smileys-emotion,face-concerned,distorted face,"anxiety, bloated, panic, shocked, surprised, vulnerable",,Natalia Kenig,2026-03-16,,,,,17,91
🥺,1F97A,smileys-emotion,face-concerned,pleading face,"begging, big, eyes, face, mercy, not, pleading, please, pretty, puppy, sad, why",,Antonia Wagner,2019-05-03,,,,,11,92
🥹,1F979,smileys-emotion,face-concerned,face holding back tears,"admiration, aww, back, cry, embarrassed, face, feelings, grateful, gratitude, holding, joy, please, proud, resist, sad, tears",,Liz Bravo,2022-02-10,,,,,14,93
😦,1F626,smileys-emotion,face-concerned,frowning face with open mouth,"caught, face, frown, frowning, guard, mouth, open, scared, scary, surprise, what, wow",,Mariella Steeb,2018-04-18,,,,,1,94
😧,1F627,smileys-emotion,face-concerned,anguished face,"anguished, face, forgot, scared, scary, stressed, surprise, unhappy, what, wow",,Mariella Steeb,2018-04-18,,,,,1,95
😨,1F628,smileys-emotion,face-concerned,fearful face,"afraid, anxious, blame, face, fear, fearful, scared, worried",,Liz Bravo,2020-12-27,,,,,0.6,96
😰,1F630,smileys-emotion,face-concerned,anxious face with sweat,"anxious, blue, cold, eek, face, mouth, nervous, open, rushed, scared, sweat, yikes","anxious, worried, considerate",Natalia Kenig,2026-08-06,,,,,0.6,97
😥,1F625,smileys-emotion,face-concerned,sad but relieved face,"anxious, call, close, complicated, disappointed, face, not, relieved, sad, sweat, time, whew",anxious,Liz Bravo,2020-12-27,,,,,0.6,98
😢,1F622,smileys-emotion,face-concerned,crying face,"awful, cry, crying, face, feels, miss, sad, tear, triste, unhappy",,Mariella Steeb,2018-04-18,,,,,0.6,99
😭,1F62D,smileys-emotion,face-concerned,loudly crying face,"bawling, cry, crying, face, loudly, sad, sob, tear, tears, unhappy",,Carlin MacKenzie,2020-05-11,,,,,0.6,100
😱,1F631,smileys-emotion,face-concerned,face screaming in fear,"epic, face, fear, fearful, munch, scared, scream, screamer, screaming, shocked, surprised, woah",open mouth,Mariella Steeb,2018-04-18,,,,,0.6,101
😖,1F616,smileys-emotion,face-concerned,confounded face,"annoyed, confounded, confused, cringe, distraught, face, feels, frustrated, mad, sad",,Mariella Steeb,2018-04-18,,,,,0.6,102
😣,1F623,smileys-emotion,face-concerned,persevering face,"concentrate, concentration, face, focus, headache, persevere, persevering",ouch,Mariella Steeb,2018-04-18,,,,,0.6,103
😞,1F61E,smileys-emotion,face-concerned,disappointed face,"awful, blame, dejected, disappointed, face, fail, losing, sad, unhappy",,Mariella Steeb,2018-04-18,,,,,0.6,104
😓,1F613,smileys-emotion,face-concerned,downcast face with sweat,"close, cold, downcast, face, feels, headache, nervous, sad, scared, sweat, yikes",,Mariella Steeb,2018-04-18,,,,,0.6,105
😩,1F629,smileys-emotion,face-concerned,weary face,"crying, face, fail, feels, hungry, mad, nooo, sad, sleepy, tired, unhappy, weary",distraught,Mariella Steeb,2018-04-18,,,,,0.6,106
😫,1F62B,smileys-emotion,face-concerned,tired face,"cost, face, feels, nap, sad, sneeze, tired",exhausted,Mariella Steeb,2018-04-18,,,,,0.6,107
🥱,1F971,smileys-emotion,face-concerned,yawning face,"bedtime, bored, face, goodnight, nap, night, sleep, sleepy, tired, whatever, yawn, yawning, zzz",,Liz Bravo,2020-12-27,,,,,12,108
😤,1F624,smileys-emotion,face-negative,face with steam from nose,"anger, angry, face, feels, fume, fuming, furious, fury, mad, nose, steam, triumph, unhappy, won",,Mariella Steeb,2018-04-18,,,,,0.6,109
😡,1F621,smileys-emotion,face-negative,enraged face,"anger, angry, enraged, face, feels, mad, maddening, pouting, rage, red, shade, unhappy, upset",,Mariella Steeb,2018-04-18,,,,,0.6,110
😠,1F620,smileys-emotion,face-negative,angry face,"anger, angry, blame, face, feels, frustrated, mad, maddening, rage, shade, unhappy, upset",,Mariella Steeb,2018-04-18,,,,,0.6,111
🤬,1F92C,smileys-emotion,face-negative,face with symbols on mouth,"censor, cursing, cussing, face, mad, mouth, pissed, swearing, symbols",angry,Liz Bravo,2020-12-27,,,,,5,112
😈,1F608,smileys-emotion,face-negative,smiling face with horns,"demon, devil, evil, face, fairy, fairytale, fantasy, horns, purple, shade, smile, smiling, tale","malicious, sardonic",Mariella Steeb,2018-04-18,,,,,1,113
👿,1F47F,smileys-emotion,face-negative,angry face with horns,"angry, demon, devil, evil, face, fairy, fairytale, fantasy, horns, imp, mischievous, purple, shade, tale",mean,Mariella Steeb,2018-04-18,,,,,0.6,114
💀,1F480,smileys-emotion,face-negative,skull,"body, dead, death, face, fairy, fairytale, i’m, lmao, monster, tale, yolo",skull,Mariella Steeb,2018-04-18,,,,,0.6,115
☠️,2620,smileys-emotion,face-negative,skull and crossbones,"bone, crossbones, dead, death, face, monster, skull",,Mariella Steeb,2018-04-18,,,,,1,117
💩,1F4A9,smileys-emotion,face-costume,pile of poo,"bs, comic, doo, dung, face, fml, monster, pile, poo, poop, smelly, smh, stink, stinks, stinky, turd",,Mariella Steeb,2018-04-18,,,,,0.6,118
🤡,1F921,smileys-emotion,face-costume,clown face,"clown, face",,Emily Jäger,2018-04-18,,,,,3,119
👹,1F479,smileys-emotion,face-costume,ogre,"creature, devil, face, fairy, fairytale, fantasy, mask, monster, scary, tale",,Anne Frauendorf,2018-11-16,,,,,0.6,120
👺,1F47A,smileys-emotion,face-costume,goblin,"angry, creature, face, fairy, fairytale, fantasy, mask, mean, monster, tale",,Antonia Wagner,2019-05-03,,,,,0.6,121
👻,1F47B,smileys-emotion,face-costume,ghost,"boo, creature, excited, face, fairy, fairytale, fantasy, halloween, haunting, monster, scary, silly, tale",ghost,Mariella Steeb,2018-04-18,,,,,0.6,122
👽️,1F47D,smileys-emotion,face-costume,alien,"creature, extraterrestrial, face, fairy, fairytale, fantasy, monster, space, tale, ufo",alien,Mariella Steeb,2018-04-18,,,,,0.6,123
👾,1F47E,smileys-emotion,face-costume,alien monster,"alien, creature, extraterrestrial, face, fairy, fairytale, fantasy, game, gamer, games, monster, pixelated, space, tale, ufo",,Antonia Wagner,2019-05-03,,,,,0.6,124
🤖,1F916,smileys-emotion,face-costume,robot,"face, monster",,Mariella Steeb,2018-04-18,,,,,1,125
😺,1F63A,smileys-emotion,cat-face,grinning cat,"animal, cat, face, grinning, mouth, open, smile, smiling",grinning,Emily Jäger,2018-04-18,,,,,0.6,126
😸,1F638,smileys-emotion,cat-face,grinning cat with smiling eyes,"animal, cat, eye, eyes, face, grin, grinning, smile, smiling",grinning,Emily Jäger,2018-04-18,,,,,0.6,127
😹,1F639,smileys-emotion,cat-face,cat with tears of joy,"animal, cat, face, joy, laugh, laughing, lol, tear, tears","laughing, smile",Emily Jäger,2018-04-18,,,,,0.6,128
😻,1F63B,smileys-emotion,cat-face,smiling cat with heart-eyes,"animal, cat, eye, face, heart, heart-eyes, love, smile, smiling","hearts, red",Emily Jäger,2018-04-18,,,,,0.6,129
😼,1F63C,smileys-emotion,cat-face,cat with wry smile,"animal, cat, face, ironic, smile, wry",,Emily Jäger,2018-04-18,,,,,0.6,130
😽,1F63D,smileys-emotion,cat-face,kissing cat,"animal, cat, closed, eye, eyes, face, kiss, kissing",,Emily Jäger,2018-04-18,,,,,0.6,131
🙀,1F640,smileys-emotion,cat-face,weary cat,"animal, cat, face, oh, surprised, weary",wow,Emily Jäger,2018-04-18,,,,,0.6,132
😿,1F63F,smileys-emotion,cat-face,crying cat,"animal, cat, cry, crying, face, sad, tear","unhappy, depressed",Emily Jäger,2018-04-18,,,,,0.6,133
😾,1F63E,smileys-emotion,cat-face,pouting cat,"animal, cat, face, pouting","sad, angry",Emily Jäger,2018-04-18,,,,,0.6,134
🙈,1F648,smileys-emotion,monkey-face,see-no-evil monkey,"embarrassed, evil, face, forbidden, forgot, gesture, hide, monkey, no, omg, prohibited, scared, secret, smh, watch",,Mariella Steeb,2018-04-18,,,,,0.6,135
🙉,1F649,smileys-emotion,monkey-face,hear-no-evil monkey,"animal, ears, evil, face, forbidden, gesture, hear, listen, monkey, no, not, prohibited, secret, shh, tmi",,Mariella Steeb,2018-04-18,,,,,0.6,136
🙊,1F64A,smileys-emotion,monkey-face,speak-no-evil monkey,"animal, evil, face, forbidden, gesture, monkey, no, not, oops, prohibited, quiet, secret, speak, stealth",,Mariella Steeb,2018-04-18,,,,,0.6,137
💌,1F48C,smileys-emotion,heart,love letter,"heart, letter, love, mail, romance, valentine",,Laura Humpfer,2018-04-18,,,,,0.6,138
💘,1F498,smileys-emotion,heart,heart with arrow,"143, adorbs, arrow, cupid, date, emotion, heart, ily, love, romance, valentine","love, inlove",Laura Humpfer,2018-04-18,,,,,0.6,139
💝,1F49D,smileys-emotion,heart,heart with ribbon,"143, anniversary, emotion, heart, ily, kisses, ribbon, valentine, xoxo","present, love",Laura Humpfer,2018-04-18,,,,,0.6,140
💖,1F496,smileys-emotion,heart,sparkling heart,"143, emotion, excited, good, heart, ily, kisses, morning, night, sparkle, sparkling, xoxo","love, inlove",Laura Humpfer,2018-04-18,,,,,0.6,141
💗,1F497,smileys-emotion,heart,growing heart,"143, emotion, excited, growing, heart, heartpulse, ily, kisses, muah, nervous, pulse, xoxo","love, inlove",Laura Humpfer,2018-04-18,,,,,0.6,142
💓,1F493,smileys-emotion,heart,beating heart,"143, beating, cardio, emotion, heart, heartbeat, ily, love, pulsating, pulse",love,Laura Humpfer,2018-04-18,,,,,0.6,143
💞,1F49E,smileys-emotion,heart,revolving hearts,"143, adorbs, anniversary, emotion, heart, hearts, revolving",,Laura Humpfer,2018-04-18,,,,,0.6,144
💕,1F495,smileys-emotion,heart,two hearts,"143, anniversary, date, dating, emotion, heart, hearts, ily, kisses, love, loving, two, xoxo",,Laura Humpfer,2018-04-18,,,,,0.6,145
💟,1F49F,smileys-emotion,heart,heart decoration,"143, decoration, emotion, heart, hearth, purple, white",,Laura Humpfer,2018-04-18,,,,,0.6,146
❣️,2763,smileys-emotion,heart,heart exclamation,"exclamation, heart, heavy, mark, punctuation",,Laura Humpfer,2018-04-18,,,,,1,148
💔,1F494,smileys-emotion,heart,broken heart,"break, broken, crushed, emotion, heart, heartbroken, lonely, sad",heartbreak,Laura Humpfer,2018-04-18,,,,,0.6,149
❤️‍🔥,2764-FE0F-200D-1F525,smileys-emotion,heart,heart on fire,"burn, fire, heart, love, lust, sacred",,Nelly Nieter,2021-04-23,,,,,13.1,150
❤️‍🩹,2764-FE0F-200D-1FA79,smileys-emotion,heart,mending heart,"healthier, heart, improving, mending, recovering, recuperating, well",,Nelly Nieter,2021-04-23,,,,,13.1,152
❤️,2764,smileys-emotion,heart,red heart,"emotion, heart, love, red","love, red",Laura Humpfer,2018-04-18,,,,,0.6,155
🩷,1FA77,smileys-emotion,heart,pink heart,"143, adorable, cute, emotion, heart, ily, like, love, pink, special, sweet",,Jasmin Fassler,2023-10-25,,,,,15,156
🧡,1F9E1,smileys-emotion,heart,orange heart,"143, heart, orange",,Laura Schießer,2019-05-06,,,,,5,157
💛,1F49B,smileys-emotion,heart,yellow heart,"143, cardiac, emotion, heart, ily, love, yellow",,Laura Humpfer,2018-04-18,,,,,0.6,158
💚,1F49A,smileys-emotion,heart,green heart,"143, emotion, green, heart, ily, love, romantic",,Laura Humpfer,2018-04-18,,,,,0.6,159
💙,1F499,smileys-emotion,heart,blue heart,"143, blue, emotion, heart, ily, love, romance",,Laura Humpfer,2018-04-18,,,,,0.6,160
🩵,1FA75,smileys-emotion,heart,light blue heart,"143, blue, cute, cyan, emotion, heart, ily, light, like, love, sky, special, teal",,Kira Lehmann,2023-10-25,,,,,15,161
💜,1F49C,smileys-emotion,heart,purple heart,"143, bestest, emotion, heart, ily, love, purple",,Laura Humpfer,2018-04-18,,,,,0.6,162
🤎,1F90E,smileys-emotion,heart,brown heart,"143, brown, heart",,Laura Dworatschek,2019-05-06,,,,,12,163
🖤,1F5A4,smileys-emotion,heart,black heart,"black, evil, heart, wicked",,Laura Humpfer,2018-04-18,,,,,3,164
🩶,1FA76,smileys-emotion,heart,grey heart,"143, emotion, gray, grey, heart, ily, love, silver, slate, special",,Jasmin Fassler,2023-10-25,,,,,15,165
🤍,1F90D,smileys-emotion,heart,white heart,"143, heart, white",,Laura Dworatschek,2019-05-06,,,,,12,166
💋,1F48B,smileys-emotion,emotion,kiss mark,"dating, emotion, heart, kiss, kissing, lips, mark, romance, sexy",love,Laura Humpfer,2018-04-18,,,,,0.6,167
💯,1F4AF,smileys-emotion,emotion,hundred points,"100, a+, agree, clearly, definitely, faithful, fleek, full, hundred, keep, perfect, point, score, true, truth, yup","perfect, excellent",Jose Avila,2018-04-18,,,,,0.6,168
💢,1F4A2,smileys-emotion,emotion,anger symbol,"anger, angry, comic, mad, symbol, upset",,Anne Frauendorf,2018-11-16,,,,,0.6,169
🫯,1FAEF,smileys-emotion,emotion,fight cloud,"argument, brawl, debate, disagreement, fight, ruckus, wrestle","comic, boom, explosion",Natalia Kenig,2026-03-30,,,,,17,170
💥,1F4A5,smileys-emotion,emotion,collision,"bomb, boom, collide, comic, explode",explosion,Laura Humpfer,2018-04-18,,,,,0.6,171
💫,1F4AB,smileys-emotion,emotion,dizzy,"comic, shining, shooting, star, stars",shootingstar,Laura Humpfer,2018-04-18,,,,,0.6,172
💦,1F4A6,smileys-emotion,emotion,sweat droplets,"comic, drip, droplet, droplets, drops, splashing, squirt, sweat, water, wet, work, workout",,Laura Humpfer,2018-04-18,,,,,0.6,173
💨,1F4A8,smileys-emotion,emotion,dashing away,"away, cloud, comic, dash, dashing, fart, fast, go, gone, gotta, running, smoke",,Laura Humpfer,2018-04-18,,,,,0.6,174
🕳️,1F573,smileys-emotion,emotion,hole,hole,,Laura Humpfer,2018-04-18,,,,,0.7,176
💬,1F4AC,smileys-emotion,emotion,speech balloon,"balloon, bubble, comic, dialog, message, sms, speech, talk, text, typing",talk,Laura Humpfer,2018-04-18,,,,,0.6,177
👁️‍🗨️,1F441-FE0F-200D-1F5E8-FE0F,smileys-emotion,emotion,eye in speech bubble,"balloon, bubble, eye, speech, witness","eye, speech bubble, witness",Julian Grüneberg,2018-04-18,,,,,2,178
🗨️,1F5E8,smileys-emotion,emotion,left speech bubble,"balloon, bubble, dialog, left, speech",,Laura Humpfer,2018-04-18,,,,,2,183
🗯️,1F5EF,smileys-emotion,emotion,right anger bubble,"anger, angry, balloon, bubble, mad, right",,Laura Humpfer,2018-04-18,,,,,0.7,185
💭,1F4AD,smileys-emotion,emotion,thought balloon,"balloon, bubble, cartoon, cloud, comic, daydream, decisions, dream, idea, invent, invention, realize, think, thoughts, wonder",think,Laura Humpfer,2018-04-18,,,,,1,186
💤,1F4A4,smileys-emotion,emotion,ZZZ,"comic, good, goodnight, night, sleep, sleeping, sleepy, tired, zzz",night,Laura Humpfer,2018-04-18,,,,,0.6,187
👋,1F44B,people-body,hand-fingers-open,waving hand,"bye, cya, g2g, greetings, gtg, hand, hello, hey, hi, later, outtie, ttfn, ttyl, wave, yo, you","hello, goodbye, waving hand sign, wave",Julian Grüneberg,2018-04-18,,single,👋,1F44B,0.6,188
👋🏻,1F44B-1F3FB,people-body,hand-fingers-open,waving hand: light skin tone,,,Julian Grüneberg,2018-04-18,1,single,👋,1F44B,1,189
👋🏼,1F44B-1F3FC,people-body,hand-fingers-open,waving hand: medium-light skin tone,,,Julian Grüneberg,2018-04-18,2,single,👋,1F44B,1,190
👋🏽,1F44B-1F3FD,people-body,hand-fingers-open,waving hand: medium skin tone,,,Julian Grüneberg,2018-04-18,3,single,👋,1F44B,1,191
👋🏾,1F44B-1F3FE,people-body,hand-fingers-open,waving hand: medium-dark skin tone,,,Julian Grüneberg,2018-04-18,4,single,👋,1F44B,1,192
👋🏿,1F44B-1F3FF,people-body,hand-fingers-open,waving hand: dark skin tone,,,Julian Grüneberg,2018-04-18,5,single,👋,1F44B,1,193
🤚,1F91A,people-body,hand-fingers-open,raised back of hand,"back, backhand, hand, raised","backhand, raised, hand",Julian Grüneberg,2018-04-18,,single,🤚,1F91A,3,194
🤚🏻,1F91A-1F3FB,people-body,hand-fingers-open,raised back of hand: light skin tone,,,Julian Grüneberg,2018-04-18,1,single,🤚,1F91A,3,195
🤚🏼,1F91A-1F3FC,people-body,hand-fingers-open,raised back of hand: medium-light skin tone,,,Julian Grüneberg,2018-04-18,2,single,🤚,1F91A,3,196
🤚🏽,1F91A-1F3FD,people-body,hand-fingers-open,raised back of hand: medium skin tone,,,Julian Grüneberg,2018-04-18,3,single,🤚,1F91A,3,197
🤚🏾,1F91A-1F3FE,people-body,hand-fingers-open,raised back of hand: medium-dark skin tone,,,Julian Grüneberg,2018-04-18,4,single,🤚,1F91A,3,198
🤚🏿,1F91A-1F3FF,people-body,hand-fingers-open,raised back of hand: dark skin tone,,,Julian Grüneberg,2018-04-18,5,single,🤚,1F91A,3,199
🖐️,1F590,people-body,hand-fingers-open,hand with fingers splayed,"finger, fingers, hand, raised, splayed, stop","five hand, hand, five, splayed",Aileen Gedrat,2022-07-01,,single,🖐️,1F590,0.7,201
🖐🏻,1F590-1F3FB,people-body,hand-fingers-open,hand with fingers splayed: light skin tone,,,Aileen Gedrat,2022-07-01,1,single,🖐️,1F590,1,202
🖐🏼,1F590-1F3FC,people-body,hand-fingers-open,hand with fingers splayed: medium-light skin tone,,,Aileen Gedrat,2022-07-01,2,single,🖐️,1F590,1,203
🖐🏽,1F590-1F3FD,people-body,hand-fingers-open,hand with fingers splayed: medium skin tone,,,Aileen Gedrat,2022-07-01,3,single,🖐️,1F590,1,204
🖐🏾,1F590-1F3FE,people-body,hand-fingers-open,hand with fingers splayed: medium-dark skin tone,,,Aileen Gedrat,2022-07-01,4,single,🖐️,1F590,1,205
🖐🏿,1F590-1F3FF,people-body,hand-fingers-open,hand with fingers splayed: dark skin tone,,,Aileen Gedrat,2022-07-01,5,single,🖐️,1F590,1,206
✋️,270B,people-body,hand-fingers-open,raised hand,"5, five, hand, high, raised, stop","raise, raised, hand, stop",Julian Grüneberg,2018-04-18,,single,✋️,270B,0.6,207
✋🏻,270B-1F3FB,people-body,hand-fingers-open,raised hand: light skin tone,,,Julian Grüneberg,2018-04-18,1,single,✋️,270B,1,208
✋🏼,270B-1F3FC,people-body,hand-fingers-open,raised hand: medium-light skin tone,,,Julian Grüneberg,2018-04-18,2,single,✋️,270B,1,209
✋🏽,270B-1F3FD,people-body,hand-fingers-open,raised hand: medium skin tone,,,Julian Grüneberg,2018-04-18,3,single,✋️,270B,1,210
✋🏾,270B-1F3FE,people-body,hand-fingers-open,raised hand: medium-dark skin tone,,,Julian Grüneberg,2018-04-18,4,single,✋️,270B,1,211
✋🏿,270B-1F3FF,people-body,hand-fingers-open,raised hand: dark skin tone,,,Julian Grüneberg,2018-04-18,5,single,✋️,270B,1,212
🖖,1F596,people-body,hand-fingers-open,vulcan salute,"finger, hand, hands, salute, vulcan","fingers, star trek",Julian Grüneberg,2018-04-18,,single,🖖,1F596,1,213
🖖🏻,1F596-1F3FB,people-body,hand-fingers-open,vulcan salute: light skin tone,,,Julian Grüneberg,2018-04-18,1,single,🖖,1F596,1,214
🖖🏼,1F596-1F3FC,people-body,hand-fingers-open,vulcan salute: medium-light skin tone,,,Julian Grüneberg,2018-04-18,2,single,🖖,1F596,1,215
🖖🏽,1F596-1F3FD,people-body,hand-fingers-open,vulcan salute: medium skin tone,,,Julian Grüneberg,2018-04-18,3,single,🖖,1F596,1,216
🖖🏾,1F596-1F3FE,people-body,hand-fingers-open,vulcan salute: medium-dark skin tone,,,Julian Grüneberg,2018-04-18,4,single,🖖,1F596,1,217
🖖🏿,1F596-1F3FF,people-body,hand-fingers-open,vulcan salute: dark skin tone,,,Julian Grüneberg,2018-04-18,5,single,🖖,1F596,1,218
🫱,1FAF1,people-body,hand-fingers-open,rightwards hand,"hand, handshake, hold, reach, right, rightward, rightwards, shake",,Pia Stockhaus,2022-05-09,,single,🫱,1FAF1,14,219
🫱🏻,1FAF1-1F3FB,people-body,hand-fingers-open,rightwards hand: light skin tone,,,Pia Stockhaus,2022-05-09,1,single,🫱,1FAF1,14,220
🫱🏼,1FAF1-1F3FC,people-body,hand-fingers-open,rightwards hand: medium-light skin tone,,,Pia Stockhaus,2022-05-09,2,single,🫱,1FAF1,14,221
🫱🏽,1FAF1-1F3FD,people-body,hand-fingers-open,rightwards hand: medium skin tone,,,Pia Stockhaus,2022-05-09,3,single,🫱,1FAF1,14,222
🫱🏾,1FAF1-1F3FE,people-body,hand-fingers-open,rightwards hand: medium-dark skin tone,,,Pia Stockhaus,2022-05-09,4,single,🫱,1FAF1,14,223
🫱🏿,1FAF1-1F3FF,people-body,hand-fingers-open,rightwards hand: dark skin tone,,,Pia Stockhaus,2022-05-09,5,single,🫱,1FAF1,14,224
🫲,1FAF2,people-body,hand-fingers-open,leftwards hand,"hand, handshake, hold, left, leftward, leftwards, reach, shake",,Pia Stockhaus,2022-05-09,,single,🫲,1FAF2,14,225
🫲🏻,1FAF2-1F3FB,people-body,hand-fingers-open,leftwards hand: light skin tone,,,Pia Stockhaus,2022-05-09,1,single,🫲,1FAF2,14,226
🫲🏼,1FAF2-1F3FC,people-body,hand-fingers-open,leftwards hand: medium-light skin tone,,,Pia Stockhaus,2022-05-09,2,single,🫲,1FAF2,14,227
🫲🏽,1FAF2-1F3FD,people-body,hand-fingers-open,leftwards hand: medium skin tone,,,Pia Stockhaus,2022-05-09,3,single,🫲,1FAF2,14,228
🫲🏾,1FAF2-1F3FE,people-body,hand-fingers-open,leftwards hand: medium-dark skin tone,,,Pia Stockhaus,2022-05-09,4,single,🫲,1FAF2,14,229
🫲🏿,1FAF2-1F3FF,people-body,hand-fingers-open,leftwards hand: dark skin tone,,,Pia Stockhaus,2022-05-09,5,single,🫲,1FAF2,14,230
🫳,1FAF3,people-body,hand-fingers-open,palm down hand,"dismiss, down, drop, dropped, hand, palm, pick, shoo, up",,Pia Stockhaus,2022-05-09,,single,🫳,1FAF3,14,231
🫳🏻,1FAF3-1F3FB,people-body,hand-fingers-open,palm down hand: light skin tone,,,Pia Stockhaus,2022-05-09,1,single,🫳,1FAF3,14,232
🫳🏼,1FAF3-1F3FC,people-body,hand-fingers-open,palm down hand: medium-light skin tone,,,Pia Stockhaus,2022-05-09,2,single,🫳,1FAF3,14,233
🫳🏽,1FAF3-1F3FD,people-body,hand-fingers-open,palm down hand: medium skin tone,,,Pia Stockhaus,2022-05-09,3,single,🫳,1FAF3,14,234
🫳🏾,1FAF3-1F3FE,people-body,hand-fingers-open,palm down hand: medium-dark skin tone,,,Pia Stockhaus,2022-05-09,4,single,🫳,1FAF3,14,235
🫳🏿,1FAF3-1F3FF,people-body,hand-fingers-open,palm down hand: dark skin tone,,,Pia Stockhaus,2022-05-09,5,single,🫳,1FAF3,14,236
🫴,1FAF4,people-body,hand-fingers-open,palm up hand,"beckon, catch, come, hand, hold, know, lift, me, offer, palm, tell",,Pia Stockhaus,2022-05-09,,single,🫴,1FAF4,14,237
🫴🏻,1FAF4-1F3FB,people-body,hand-fingers-open,palm up hand: light skin tone,,,Pia Stockhaus,2022-05-09,1,single,🫴,1FAF4,14,238
🫴🏼,1FAF4-1F3FC,people-body,hand-fingers-open,palm up hand: medium-light skin tone,,,Pia Stockhaus,2022-05-09,2,single,🫴,1FAF4,14,239
🫴🏽,1FAF4-1F3FD,people-body,hand-fingers-open,palm up hand: medium skin tone,,,Pia Stockhaus,2022-05-09,3,single,🫴,1FAF4,14,240
🫴🏾,1FAF4-1F3FE,people-body,hand-fingers-open,palm up hand: medium-dark skin tone,,,Pia Stockhaus,2022-05-09,4,single,🫴,1FAF4,14,241
🫴🏿,1FAF4-1F3FF,people-body,hand-fingers-open,palm up hand: dark skin tone,,,Pia Stockhaus,2022-05-09,5,single,🫴,1FAF4,14,242
🫷,1FAF7,people-body,hand-fingers-open,leftwards pushing hand,"block, five, halt, hand, high, hold, leftward, leftwards, pause, push, pushing, refuse, slap, stop, wait",,Jasmin Fassler,2023-10-25,,single,🫷,1FAF7,15,243
🫷🏻,1FAF7-1F3FB,people-body,hand-fingers-open,leftwards pushing hand: light skin tone,,,Jasmin Fassler,2023-10-25,1,single,🫷,1FAF7,15,244
🫷🏼,1FAF7-1F3FC,people-body,hand-fingers-open,leftwards pushing hand: medium-light skin tone,,,Jasmin Fassler,2023-10-25,2,single,🫷,1FAF7,15,245
🫷🏽,1FAF7-1F3FD,people-body,hand-fingers-open,leftwards pushing hand: medium skin tone,,,Jasmin Fassler,2023-10-25,3,single,🫷,1FAF7,15,246
🫷🏾,1FAF7-1F3FE,people-body,hand-fingers-open,leftwards pushing hand: medium-dark skin tone,,,Jasmin Fassler,2023-10-25,4,single,🫷,1FAF7,15,247
🫷🏿,1FAF7-1F3FF,people-body,hand-fingers-open,leftwards pushing hand: dark skin tone,,,Jasmin Fassler,2023-10-25,5,single,🫷,1FAF7,15,248
🫸,1FAF8,people-body,hand-fingers-open,rightwards pushing hand,"block, five, halt, hand, high, hold, pause, push, pushing, refuse, rightward, rightwards, slap, stop, wait",,Paul Mang,2023-10-25,,single,🫸,1FAF8,15,249
🫸🏻,1FAF8-1F3FB,people-body,hand-fingers-open,rightwards pushing hand: light skin tone,,,Paul Mang,2023-10-25,1,single,🫸,1FAF8,15,250
🫸🏼,1FAF8-1F3FC,people-body,hand-fingers-open,rightwards pushing hand: medium-light skin tone,,,Paul Mang,2023-10-25,2,single,🫸,1FAF8,15,251
🫸🏽,1FAF8-1F3FD,people-body,hand-fingers-open,rightwards pushing hand: medium skin tone,,,Paul Mang,2023-10-25,3,single,🫸,1FAF8,15,252
🫸🏾,1FAF8-1F3FE,people-body,hand-fingers-open,rightwards pushing hand: medium-dark skin tone,,,Paul Mang,2023-10-25,4,single,🫸,1FAF8,15,253
🫸🏿,1FAF8-1F3FF,people-body,hand-fingers-open,rightwards pushing hand: dark skin tone,,,Paul Mang,2023-10-25,5,single,🫸,1FAF8,15,254
👌,1F44C,people-body,hand-fingers-partial,OK hand,"awesome, bet, dope, fleek, fosho, got, gotcha, hand, legit, ok, okay, pinch, rad, sure, sweet, three","hand, ok, okay, perfect",Julian Grüneberg,2018-04-18,,single,👌,1F44C,0.6,255
👌🏻,1F44C-1F3FB,people-body,hand-fingers-partial,OK hand: light skin tone,,,Julian Grüneberg,2018-04-18,1,single,👌,1F44C,1,256
👌🏼,1F44C-1F3FC,people-body,hand-fingers-partial,OK hand: medium-light skin tone,,,Julian Grüneberg,2018-04-18,2,single,👌,1F44C,1,257
👌🏽,1F44C-1F3FD,people-body,hand-fingers-partial,OK hand: medium skin tone,,,Julian Grüneberg,2018-04-18,3,single,👌,1F44C,1,258
👌🏾,1F44C-1F3FE,people-body,hand-fingers-partial,OK hand: medium-dark skin tone,,,Julian Grüneberg,2018-04-18,4,single,👌,1F44C,1,259
👌🏿,1F44C-1F3FF,people-body,hand-fingers-partial,OK hand: dark skin tone,,,Julian Grüneberg,2018-04-18,5,single,👌,1F44C,1,260
🤌,1F90C,people-body,hand-fingers-partial,pinched fingers,"fingers, gesture, hand, hold, huh, interrogation, patience, pinched, relax, sarcastic, ugh, what, zip",,Liz Bravo,2020-09-26,,single,🤌,1F90C,13,261
🤌🏻,1F90C-1F3FB,people-body,hand-fingers-partial,pinched fingers: light skin tone,,,Liz Bravo,2020-09-26,1,single,🤌,1F90C,13,262
🤌🏼,1F90C-1F3FC,people-body,hand-fingers-partial,pinched fingers: medium-light skin tone,,,Liz Bravo,2020-09-26,2,single,🤌,1F90C,13,263
🤌🏽,1F90C-1F3FD,people-body,hand-fingers-partial,pinched fingers: medium skin tone,,,Liz Bravo,2020-09-26,3,single,🤌,1F90C,13,264
🤌🏾,1F90C-1F3FE,people-body,hand-fingers-partial,pinched fingers: medium-dark skin tone,,,Liz Bravo,2020-09-26,4,single,🤌,1F90C,13,265
🤌🏿,1F90C-1F3FF,people-body,hand-fingers-partial,pinched fingers: dark skin tone,,,Liz Bravo,2020-09-26,5,single,🤌,1F90C,13,266
🤏,1F90F,people-body,hand-fingers-partial,pinching hand,"amount, bit, fingers, hand, little, pinching, small, sort",,Laura Dworatschek,2019-05-06,,single,🤏,1F90F,12,267
🤏🏻,1F90F-1F3FB,people-body,hand-fingers-partial,pinching hand: light skin tone,,,Laura Dworatschek,2019-05-06,1,single,🤏,1F90F,12,268
🤏🏼,1F90F-1F3FC,people-body,hand-fingers-partial,pinching hand: medium-light skin tone,,,Laura Dworatschek,2019-05-06,2,single,🤏,1F90F,12,269
🤏🏽,1F90F-1F3FD,people-body,hand-fingers-partial,pinching hand: medium skin tone,,,Laura Dworatschek,2019-05-06,3,single,🤏,1F90F,12,270
🤏🏾,1F90F-1F3FE,people-body,hand-fingers-partial,pinching hand: medium-dark skin tone,,,Laura Dworatschek,2019-05-06,4,single,🤏,1F90F,12,271
🤏🏿,1F90F-1F3FF,people-body,hand-fingers-partial,pinching hand: dark skin tone,,,Laura Dworatschek,2019-05-06,5,single,🤏,1F90F,12,272
✌️,270C,people-body,hand-fingers-partial,victory hand,"hand, peace, v, victory","hand, v, victory, air quotes, quotes, peace, peace sign, V sign",Julian Grüneberg,2018-04-18,,single,✌️,270C,0.6,274
✌🏻,270C-1F3FB,people-body,hand-fingers-partial,victory hand: light skin tone,,,Julian Grüneberg,2018-04-18,1,single,✌️,270C,1,275
✌🏼,270C-1F3FC,people-body,hand-fingers-partial,victory hand: medium-light skin tone,,,Julian Grüneberg,2018-04-18,2,single,✌️,270C,1,276
✌🏽,270C-1F3FD,people-body,hand-fingers-partial,victory hand: medium skin tone,,,Julian Grüneberg,2018-04-18,3,single,✌️,270C,1,277
✌🏾,270C-1F3FE,people-body,hand-fingers-partial,victory hand: medium-dark skin tone,,,Julian Grüneberg,2018-04-18,4,single,✌️,270C,1,278
✌🏿,270C-1F3FF,people-body,hand-fingers-partial,victory hand: dark skin tone,,,Julian Grüneberg,2018-04-18,5,single,✌️,270C,1,279
🤞,1F91E,people-body,hand-fingers-partial,crossed fingers,"cross, crossed, finger, fingers, hand, luck","fingers crossed, crossed, fingers, good luck, luck",Julian Grüneberg,2018-04-18,,single,🤞,1F91E,3,280
🤞🏻,1F91E-1F3FB,people-body,hand-fingers-partial,crossed fingers: light skin tone,,,Julian Grüneberg,2018-04-18,1,single,🤞,1F91E,3,281
🤞🏼,1F91E-1F3FC,people-body,hand-fingers-partial,crossed fingers: medium-light skin tone,,,Julian Grüneberg,2018-04-18,2,single,🤞,1F91E,3,282
🤞🏽,1F91E-1F3FD,people-body,hand-fingers-partial,crossed fingers: medium skin tone,,,Julian Grüneberg,2018-04-18,3,single,🤞,1F91E,3,283
🤞🏾,1F91E-1F3FE,people-body,hand-fingers-partial,crossed fingers: medium-dark skin tone,,,Julian Grüneberg,2018-04-18,4,single,🤞,1F91E,3,284
🤞🏿,1F91E-1F3FF,people-body,hand-fingers-partial,crossed fingers: dark skin tone,,,Julian Grüneberg,2018-04-18,5,single,🤞,1F91E,3,285
🫰,1FAF0,people-body,hand-fingers-partial,hand with index finger and thumb crossed,"<3, crossed, expensive, finger, hand, heart, index, love, money, snap, thumb",,Niklas Kuntz,2022-05-09,,single,🫰,1FAF0,14,286
🫰🏻,1FAF0-1F3FB,people-body,hand-fingers-partial,hand with index finger and thumb crossed: light skin tone,,,Niklas Kuntz,2022-05-09,1,single,🫰,1FAF0,14,287
🫰🏼,1FAF0-1F3FC,people-body,hand-fingers-partial,hand with index finger and thumb crossed: medium-light skin tone,,,Niklas Kuntz,2022-05-09,2,single,🫰,1FAF0,14,288
🫰🏽,1FAF0-1F3FD,people-body,hand-fingers-partial,hand with index finger and thumb crossed: medium skin tone,,,Niklas Kuntz,2022-05-09,3,single,🫰,1FAF0,14,289
🫰🏾,1FAF0-1F3FE,people-body,hand-fingers-partial,hand with index finger and thumb crossed: medium-dark skin tone,,,Niklas Kuntz,2022-05-09,4,single,🫰,1FAF0,14,290
🫰🏿,1FAF0-1F3FF,people-body,hand-fingers-partial,hand with index finger and thumb crossed: dark skin tone,,,Niklas Kuntz,2022-05-09,5,single,🫰,1FAF0,14,291
🤟,1F91F,people-body,hand-fingers-partial,love-you gesture,"fingers, gesture, hand, ily, love, love-you, three, you","hand, love, heavy metal",Julian Grüneberg,2018-04-18,,single,🤟,1F91F,5,292
🤟🏻,1F91F-1F3FB,people-body,hand-fingers-partial,love-you gesture: light skin tone,,,Julian Grüneberg,2018-04-18,1,single,🤟,1F91F,5,293
🤟🏼,1F91F-1F3FC,people-body,hand-fingers-partial,love-you gesture: medium-light skin tone,,,Julian Grüneberg,2018-04-18,2,single,🤟,1F91F,5,294
🤟🏽,1F91F-1F3FD,people-body,hand-fingers-partial,love-you gesture: medium skin tone,,,Julian Grüneberg,2018-04-18,3,single,🤟,1F91F,5,295
🤟🏾,1F91F-1F3FE,people-body,hand-fingers-partial,love-you gesture: medium-dark skin tone,,,Julian Grüneberg,2018-04-18,4,single,🤟,1F91F,5,296
🤟🏿,1F91F-1F3FF,people-body,hand-fingers-partial,love-you gesture: dark skin tone,,,Julian Grüneberg,2018-04-18,5,single,🤟,1F91F,5,297
🤘,1F918,people-body,hand-fingers-partial,sign of the horns,"finger, hand, horns, rock-on, sign","rock on, finger, hand, horns, rock-on, rock, devil, devil fingers, heavy, metal, heavy metal, rock",Julian Grüneberg,2018-04-18,,single,🤘,1F918,1,298
🤘🏻,1F918-1F3FB,people-body,hand-fingers-partial,sign of the horns: light skin tone,,,Julian Grüneberg,2018-04-18,1,single,🤘,1F918,1,299
🤘🏼,1F918-1F3FC,people-body,hand-fingers-partial,sign of the horns: medium-light skin tone,,,Julian Grüneberg,2018-04-18,2,single,🤘,1F918,1,300
🤘🏽,1F918-1F3FD,people-body,hand-fingers-partial,sign of the horns: medium skin tone,,,Julian Grüneberg,2018-04-18,3,single,🤘,1F918,1,301
🤘🏾,1F918-1F3FE,people-body,hand-fingers-partial,sign of the horns: medium-dark skin tone,,,Julian Grüneberg,2018-04-18,4,single,🤘,1F918,1,302
🤘🏿,1F918-1F3FF,people-body,hand-fingers-partial,sign of the horns: dark skin tone,,,Julian Grüneberg,2018-04-18,5,single,🤘,1F918,1,303
🤙,1F919,people-body,hand-fingers-partial,call me hand,"call, hand, hang, loose, me, shaka","call me hand, call, hand, phone, shaka sign, hang loose, right on",Julian Grüneberg,2018-04-18,,single,🤙,1F919,3,304
🤙🏻,1F919-1F3FB,people-body,hand-fingers-partial,call me hand: light skin tone,,,Julian Grüneberg,2018-04-18,1,single,🤙,1F919,3,305
🤙🏼,1F919-1F3FC,people-body,hand-fingers-partial,call me hand: medium-light skin tone,,,Julian Grüneberg,2018-04-18,2,single,🤙,1F919,3,306
🤙🏽,1F919-1F3FD,people-body,hand-fingers-partial,call me hand: medium skin tone,,,Julian Grüneberg,2018-04-18,3,single,🤙,1F919,3,307
🤙🏾,1F919-1F3FE,people-body,hand-fingers-partial,call me hand: medium-dark skin tone,,,Julian Grüneberg,2018-04-18,4,single,🤙,1F919,3,308
🤙🏿,1F919-1F3FF,people-body,hand-fingers-partial,call me hand: dark skin tone,,,Julian Grüneberg,2018-04-18,5,single,🤙,1F919,3,309
👈️,1F448,people-body,hand-single-finger,backhand index pointing left,"backhand, finger, hand, index, left, point, pointing","backhand, finger, hand, index, point, left, point left",Julian Grüneberg,2018-04-18,,single,👈️,1F448,0.6,310
👈🏻,1F448-1F3FB,people-body,hand-single-finger,backhand index pointing left: light skin tone,,,Julian Grüneberg,2018-04-18,1,single,👈️,1F448,1,311
👈🏼,1F448-1F3FC,people-body,hand-single-finger,backhand index pointing left: medium-light skin tone,,,Julian Grüneberg,2018-04-18,2,single,👈️,1F448,1,312
👈🏽,1F448-1F3FD,people-body,hand-single-finger,backhand index pointing left: medium skin tone,,,Julian Grüneberg,2018-04-18,3,single,👈️,1F448,1,313
👈🏾,1F448-1F3FE,people-body,hand-single-finger,backhand index pointing left: medium-dark skin tone,,,Julian Grüneberg,2018-04-18,4,single,👈️,1F448,1,314
👈🏿,1F448-1F3FF,people-body,hand-single-finger,backhand index pointing left: dark skin tone,,,Julian Grüneberg,2018-04-18,5,single,👈️,1F448,1,315
👉️,1F449,people-body,hand-single-finger,backhand index pointing right,"backhand, finger, hand, index, point, pointing, right","backhand, finger, hand, index, point, right, point right",Julian Grüneberg,2018-04-18,,single,👉️,1F449,0.6,316
👉🏻,1F449-1F3FB,people-body,hand-single-finger,backhand index pointing right: light skin tone,,,Julian Grüneberg,2018-04-18,1,single,👉️,1F449,1,317
👉🏼,1F449-1F3FC,people-body,hand-single-finger,backhand index pointing right: medium-light skin tone,,,Julian Grüneberg,2018-04-18,2,single,👉️,1F449,1,318
👉🏽,1F449-1F3FD,people-body,hand-single-finger,backhand index pointing right: medium skin tone,,,Julian Grüneberg,2018-04-18,3,single,👉️,1F449,1,319
👉🏾,1F449-1F3FE,people-body,hand-single-finger,backhand index pointing right: medium-dark skin tone,,,Julian Grüneberg,2018-04-18,4,single,👉️,1F449,1,320
👉🏿,1F449-1F3FF,people-body,hand-single-finger,backhand index pointing right: dark skin tone,,,Julian Grüneberg,2018-04-18,5,single,👉️,1F449,1,321
👆️,1F446,people-body,hand-single-finger,backhand index pointing up,"backhand, finger, hand, index, point, pointing, up","backhand, finger, hand, index, point, up, point up",Julian Grüneberg,2018-04-18,,single,👆️,1F446,0.6,322
👆🏻,1F446-1F3FB,people-body,hand-single-finger,backhand index pointing up: light skin tone,,,Julian Grüneberg,2018-04-18,1,single,👆️,1F446,1,323
👆🏼,1F446-1F3FC,people-body,hand-single-finger,backhand index pointing up: medium-light skin tone,,,Julian Grüneberg,2018-04-18,2,single,👆️,1F446,1,324
👆🏽,1F446-1F3FD,people-body,hand-single-finger,backhand index pointing up: medium skin tone,,,Julian Grüneberg,2018-04-18,3,single,👆️,1F446,1,325
👆🏾,1F446-1F3FE,people-body,hand-single-finger,backhand index pointing up: medium-dark skin tone,,,Julian Grüneberg,2018-04-18,4,single,👆️,1F446,1,326
👆🏿,1F446-1F3FF,people-body,hand-single-finger,backhand index pointing up: dark skin tone,,,Julian Grüneberg,2018-04-18,5,single,👆️,1F446,1,327
🖕,1F595,people-body,hand-single-finger,middle finger,"finger, hand, middle","finger, hand, fingering",Julian Grüneberg,2018-04-18,,single,🖕,1F595,1,328
🖕🏻,1F595-1F3FB,people-body,hand-single-finger,middle finger: light skin tone,,,Julian Grüneberg,2018-04-18,1,single,🖕,1F595,1,329
🖕🏼,1F595-1F3FC,people-body,hand-single-finger,middle finger: medium-light skin tone,,,Julian Grüneberg,2018-04-18,2,single,🖕,1F595,1,330
🖕🏽,1F595-1F3FD,people-body,hand-single-finger,middle finger: medium skin tone,,,Julian Grüneberg,2018-04-18,3,single,🖕,1F595,1,331
🖕🏾,1F595-1F3FE,people-body,hand-single-finger,middle finger: medium-dark skin tone,,,Julian Grüneberg,2018-04-18,4,single,🖕,1F595,1,332
🖕🏿,1F595-1F3FF,people-body,hand-single-finger,middle finger: dark skin tone,,,Julian Grüneberg,2018-04-18,5,single,🖕,1F595,1,333
👇️,1F447,people-body,hand-single-finger,backhand index pointing down,"backhand, down, finger, hand, index, point, pointing","backhand, finger, hand, index, point, down, point down",Julian Grüneberg,2018-04-18,,single,👇️,1F447,0.6,334
👇🏻,1F447-1F3FB,people-body,hand-single-finger,backhand index pointing down: light skin tone,,,Julian Grüneberg,2018-04-18,1,single,👇️,1F447,1,335
👇🏼,1F447-1F3FC,people-body,hand-single-finger,backhand index pointing down: medium-light skin tone,,,Julian Grüneberg,2018-04-18,2,single,👇️,1F447,1,336
👇🏽,1F447-1F3FD,people-body,hand-single-finger,backhand index pointing down: medium skin tone,,,Julian Grüneberg,2018-04-18,3,single,👇️,1F447,1,337
👇🏾,1F447-1F3FE,people-body,hand-single-finger,backhand index pointing down: medium-dark skin tone,,,Julian Grüneberg,2018-04-18,4,single,👇️,1F447,1,338
👇🏿,1F447-1F3FF,people-body,hand-single-finger,backhand index pointing down: dark skin tone,,,Julian Grüneberg,2018-04-18,5,single,👇️,1F447,1,339
☝️,261D,people-body,hand-single-finger,index pointing up,"finger, hand, index, point, pointing, this, up","finger, hand, index, point, up",Julian Grüneberg,2018-04-18,,single,☝️,261D,0.6,341
☝🏻,261D-1F3FB,people-body,hand-single-finger,index pointing up: light skin tone,,,Julian Grüneberg,2018-04-18,1,single,☝️,261D,1,342
☝🏼,261D-1F3FC,people-body,hand-single-finger,index pointing up: medium-light skin tone,,,Julian Grüneberg,2018-04-18,2,single,☝️,261D,1,343
☝🏽,261D-1F3FD,people-body,hand-single-finger,index pointing up: medium skin tone,,,Julian Grüneberg,2018-04-18,3,single,☝️,261D,1,344
☝🏾,261D-1F3FE,people-body,hand-single-finger,index pointing up: medium-dark skin tone,,,Julian Grüneberg,2018-04-18,4,single,☝️,261D,1,345
☝🏿,261D-1F3FF,people-body,hand-single-finger,index pointing up: dark skin tone,,,Julian Grüneberg,2018-04-18,5,single,☝️,261D,1,346
🫵,1FAF5,people-body,hand-single-finger,index pointing at the viewer,"at, finger, hand, index, pointing, poke, viewer, you",,Aileen Gedrat,2022-05-09,,single,🫵,1FAF5,14,347
🫵🏻,1FAF5-1F3FB,people-body,hand-single-finger,index pointing at the viewer: light skin tone,,,Aileen Gedrat,2022-05-09,1,single,🫵,1FAF5,14,348
🫵🏼,1FAF5-1F3FC,people-body,hand-single-finger,index pointing at the viewer: medium-light skin tone,,,Aileen Gedrat,2022-05-09,2,single,🫵,1FAF5,14,349
🫵🏽,1FAF5-1F3FD,people-body,hand-single-finger,index pointing at the viewer: medium skin tone,,,Aileen Gedrat,2022-05-09,3,single,🫵,1FAF5,14,350
🫵🏾,1FAF5-1F3FE,people-body,hand-single-finger,index pointing at the viewer: medium-dark skin tone,,,Aileen Gedrat,2022-05-09,4,single,🫵,1FAF5,14,351
🫵🏿,1FAF5-1F3FF,people-body,hand-single-finger,index pointing at the viewer: dark skin tone,,,Aileen Gedrat,2022-05-09,5,single,🫵,1FAF5,14,352
👍️,1F44D,people-body,hand-fingers-closed,thumbs up,"+1, good, hand, like, thumb, up, yes","like, yes, +1, hand, thumb, up, thumbs up, thumbs up",Julian Grüneberg,2018-04-18,,single,👍️,1F44D,0.6,353
👍🏻,1F44D-1F3FB,people-body,hand-fingers-closed,thumbs up: light skin tone,,,Julian Grüneberg,2018-04-18,1,single,👍️,1F44D,1,354
👍🏼,1F44D-1F3FC,people-body,hand-fingers-closed,thumbs up: medium-light skin tone,,,Julian Grüneberg,2018-04-18,2,single,👍️,1F44D,1,355
👍🏽,1F44D-1F3FD,people-body,hand-fingers-closed,thumbs up: medium skin tone,,,Julian Grüneberg,2018-04-18,3,single,👍️,1F44D,1,356
👍🏾,1F44D-1F3FE,people-body,hand-fingers-closed,thumbs up: medium-dark skin tone,,,Julian Grüneberg,2018-04-18,4,single,👍️,1F44D,1,357
👍🏿,1F44D-1F3FF,people-body,hand-fingers-closed,thumbs up: dark skin tone,,,Julian Grüneberg,2018-04-18,5,single,👍️,1F44D,1,358
👎️,1F44E,people-body,hand-fingers-closed,thumbs down,"-1, bad, dislike, down, good, hand, no, nope, thumb, thumbs","dislike, no, thumbs down, thumbs down sign, -1, down, hand, thumb, thumbs",Julian Grüneberg,2018-04-18,,single,👎️,1F44E,0.6,359
👎🏻,1F44E-1F3FB,people-body,hand-fingers-closed,thumbs down: light skin tone,,,Julian Grüneberg,2018-04-18,1,single,👎️,1F44E,1,360
👎🏼,1F44E-1F3FC,people-body,hand-fingers-closed,thumbs down: medium-light skin tone,,,Julian Grüneberg,2018-04-18,2,single,👎️,1F44E,1,361
👎🏽,1F44E-1F3FD,people-body,hand-fingers-closed,thumbs down: medium skin tone,,,Julian Grüneberg,2018-04-18,3,single,👎️,1F44E,1,362
👎🏾,1F44E-1F3FE,people-body,hand-fingers-closed,thumbs down: medium-dark skin tone,,,Julian Grüneberg,2018-04-18,4,single,👎️,1F44E,1,363
👎🏿,1F44E-1F3FF,people-body,hand-fingers-closed,thumbs down: dark skin tone,,,Julian Grüneberg,2018-04-18,5,single,👎️,1F44E,1,364
✊️,270A,people-body,hand-fingers-closed,raised fist,"clenched, fist, hand, punch, raised, solidarity","clenched, fist, hand, punch",Julian Grüneberg,2018-04-18,,single,✊️,270A,0.6,365
✊🏻,270A-1F3FB,people-body,hand-fingers-closed,raised fist: light skin tone,,,Julian Grüneberg,2018-04-18,1,single,✊️,270A,1,366
✊🏼,270A-1F3FC,people-body,hand-fingers-closed,raised fist: medium-light skin tone,,,Julian Grüneberg,2018-04-18,2,single,✊️,270A,1,367
✊🏽,270A-1F3FD,people-body,hand-fingers-closed,raised fist: medium skin tone,,,Julian Grüneberg,2018-04-18,3,single,✊️,270A,1,368
✊🏾,270A-1F3FE,people-body,hand-fingers-closed,raised fist: medium-dark skin tone,,,Julian Grüneberg,2018-04-18,4,single,✊️,270A,1,369
✊🏿,270A-1F3FF,people-body,hand-fingers-closed,raised fist: dark skin tone,,,Julian Grüneberg,2018-04-18,5,single,✊️,270A,1,370
👊,1F44A,people-body,hand-fingers-closed,oncoming fist,"absolutely, agree, boom, bro, bruh, bump, clenched, correct, fist, hand, knuckle, oncoming, pound, punch, rock, ttyl","clenched, fist, hand, punch, fist, oncoming fist, brofist, bro, bump",Julian Grüneberg,2018-04-18,,single,👊,1F44A,0.6,371
👊🏻,1F44A-1F3FB,people-body,hand-fingers-closed,oncoming fist: light skin tone,,,Julian Grüneberg,2018-04-18,1,single,👊,1F44A,1,372
👊🏼,1F44A-1F3FC,people-body,hand-fingers-closed,oncoming fist: medium-light skin tone,,,Julian Grüneberg,2018-04-18,2,single,👊,1F44A,1,373
👊🏽,1F44A-1F3FD,people-body,hand-fingers-closed,oncoming fist: medium skin tone,,,Julian Grüneberg,2018-04-18,3,single,👊,1F44A,1,374
👊🏾,1F44A-1F3FE,people-body,hand-fingers-closed,oncoming fist: medium-dark skin tone,,,Julian Grüneberg,2018-04-18,4,single,👊,1F44A,1,375
👊🏿,1F44A-1F3FF,people-body,hand-fingers-closed,oncoming fist: dark skin tone,,,Julian Grüneberg,2018-04-18,5,single,👊,1F44A,1,376
🤛,1F91B,people-body,hand-fingers-closed,left-facing fist,"fist, left-facing, leftwards","fist, left, leftwards, left-facing fist",Julian Grüneberg,2018-04-18,,single,🤛,1F91B,3,377
🤛🏻,1F91B-1F3FB,people-body,hand-fingers-closed,left-facing fist: light skin tone,,,Julian Grüneberg,2018-04-18,1,single,🤛,1F91B,3,378
🤛🏼,1F91B-1F3FC,people-body,hand-fingers-closed,left-facing fist: medium-light skin tone,,,Julian Grüneberg,2018-04-18,2,single,🤛,1F91B,3,379
🤛🏽,1F91B-1F3FD,people-body,hand-fingers-closed,left-facing fist: medium skin tone,,,Julian Grüneberg,2018-04-18,3,single,🤛,1F91B,3,380
🤛🏾,1F91B-1F3FE,people-body,hand-fingers-closed,left-facing fist: medium-dark skin tone,,,Julian Grüneberg,2018-04-18,4,single,🤛,1F91B,3,381
🤛🏿,1F91B-1F3FF,people-body,hand-fingers-closed,left-facing fist: dark skin tone,,,Julian Grüneberg,2018-04-18,5,single,🤛,1F91B,3,382
🤜,1F91C,people-body,hand-fingers-closed,right-facing fist,"fist, right-facing, rightwards","right, fist, rightwards, right-facing fist",Julian Grüneberg,2018-04-18,,single,🤜,1F91C,3,383
🤜🏻,1F91C-1F3FB,people-body,hand-fingers-closed,right-facing fist: light skin tone,,,Julian Grüneberg,2018-04-18,1,single,🤜,1F91C,3,384
🤜🏼,1F91C-1F3FC,people-body,hand-fingers-closed,right-facing fist: medium-light skin tone,,,Julian Grüneberg,2018-04-18,2,single,🤜,1F91C,3,385
🤜🏽,1F91C-1F3FD,people-body,hand-fingers-closed,right-facing fist: medium skin tone,,,Julian Grüneberg,2018-04-18,3,single,🤜,1F91C,3,386
🤜🏾,1F91C-1F3FE,people-body,hand-fingers-closed,right-facing fist: medium-dark skin tone,,,Julian Grüneberg,2018-04-18,4,single,🤜,1F91C,3,387
🤜🏿,1F91C-1F3FF,people-body,hand-fingers-closed,right-facing fist: dark skin tone,,,Julian Grüneberg,2018-04-18,5,single,🤜,1F91C,3,388
👏,1F44F,people-body,hands,clapping hands,"applause, approval, awesome, clap, congrats, congratulations, excited, good, great, hand, homie, job, nice, prayed, well, yay","clap, hand, clapping hands, applause, clap, clapping, golf clap, round of applause",Julian Grüneberg,2018-04-18,,single,👏,1F44F,0.6,389
👏🏻,1F44F-1F3FB,people-body,hands,clapping hands: light skin tone,,,Julian Grüneberg,2018-04-18,1,single,👏,1F44F,1,390
👏🏼,1F44F-1F3FC,people-body,hands,clapping hands: medium-light skin tone,,,Julian Grüneberg,2018-04-18,2,single,👏,1F44F,1,391
👏🏽,1F44F-1F3FD,people-body,hands,clapping hands: medium skin tone,,,Julian Grüneberg,2018-04-18,3,single,👏,1F44F,1,392
👏🏾,1F44F-1F3FE,people-body,hands,clapping hands: medium-dark skin tone,,,Julian Grüneberg,2018-04-18,4,single,👏,1F44F,1,393
👏🏿,1F44F-1F3FF,people-body,hands,clapping hands: dark skin tone,,,Julian Grüneberg,2018-04-18,5,single,👏,1F44F,1,394
🙌,1F64C,people-body,hands,raising hands,"celebration, gesture, hand, hands, hooray, praise, raised, raising","raising hands, raising, hands, celebration, gesture, hand, hooray, raised, arms in the air, banzai, Festivus miracle, hallelujah, praise hands, two hands",Julian Grüneberg,2018-04-18,,single,🙌,1F64C,0.6,395
🙌🏻,1F64C-1F3FB,people-body,hands,raising hands: light skin tone,,,Julian Grüneberg,2018-04-18,1,single,🙌,1F64C,1,396
🙌🏼,1F64C-1F3FC,people-body,hands,raising hands: medium-light skin tone,,,Julian Grüneberg,2018-04-18,2,single,🙌,1F64C,1,397
🙌🏽,1F64C-1F3FD,people-body,hands,raising hands: medium skin tone,,,Julian Grüneberg,2018-04-18,3,single,🙌,1F64C,1,398
🙌🏾,1F64C-1F3FE,people-body,hands,raising hands: medium-dark skin tone,,,Julian Grüneberg,2018-04-18,4,single,🙌,1F64C,1,399
🙌🏿,1F64C-1F3FF,people-body,hands,raising hands: dark skin tone,,,Julian Grüneberg,2018-04-18,5,single,🙌,1F64C,1,400
🫶,1FAF6,people-body,hands,heart hands,"<3, hands, heart, love, you",,Alan Seng,2022-05-09,,single,🫶,1FAF6,14,401
🫶🏻,1FAF6-1F3FB,people-body,hands,heart hands: light skin tone,,,Alan Seng,2022-05-09,1,single,🫶,1FAF6,14,402
🫶🏼,1FAF6-1F3FC,people-body,hands,heart hands: medium-light skin tone,,,Alan Seng,2022-05-09,2,single,🫶,1FAF6,14,403
🫶🏽,1FAF6-1F3FD,people-body,hands,heart hands: medium skin tone,,,Alan Seng,2022-05-09,3,single,🫶,1FAF6,14,404
🫶🏾,1FAF6-1F3FE,people-body,hands,heart hands: medium-dark skin tone,,,Alan Seng,2022-05-09,4,single,🫶,1FAF6,14,405
🫶🏿,1FAF6-1F3FF,people-body,hands,heart hands: dark skin tone,,,Alan Seng,2022-05-09,5,single,🫶,1FAF6,14,406
👐,1F450,people-body,hands,open hands,"hand, hands, hug, jazz, open, swerve","hug, open hands, open, hands, jazz hands, jazz",Julian Grüneberg,2018-04-18,,single,👐,1F450,0.6,407
👐🏻,1F450-1F3FB,people-body,hands,open hands: light skin tone,,,Julian Grüneberg,2018-04-18,1,single,👐,1F450,1,408
👐🏼,1F450-1F3FC,people-body,hands,open hands: medium-light skin tone,,,Julian Grüneberg,2018-04-18,2,single,👐,1F450,1,409
👐🏽,1F450-1F3FD,people-body,hands,open hands: medium skin tone,,,Julian Grüneberg,2018-04-18,3,single,👐,1F450,1,410
👐🏾,1F450-1F3FE,people-body,hands,open hands: medium-dark skin tone,,,Julian Grüneberg,2018-04-18,4,single,👐,1F450,1,411
👐🏿,1F450-1F3FF,people-body,hands,open hands: dark skin tone,,,Julian Grüneberg,2018-04-18,5,single,👐,1F450,1,412
🤲,1F932,people-body,hands,palms up together,"cupped, dua, hands, palms, pray, prayer, together, up, wish","prayer, pray, god",Julian Grüneberg,2018-04-18,,single,🤲,1F932,5,413
🤲🏻,1F932-1F3FB,people-body,hands,palms up together: light skin tone,,,Julian Grüneberg,2018-04-18,1,single,🤲,1F932,5,414
🤲🏼,1F932-1F3FC,people-body,hands,palms up together: medium-light skin tone,,,Julian Grüneberg,2018-04-18,2,single,🤲,1F932,5,415
🤲🏽,1F932-1F3FD,people-body,hands,palms up together: medium skin tone,,,Julian Grüneberg,2018-04-18,3,single,🤲,1F932,5,416
🤲🏾,1F932-1F3FE,people-body,hands,palms up together: medium-dark skin tone,,,Julian Grüneberg,2018-04-18,4,single,🤲,1F932,5,417
🤲🏿,1F932-1F3FF,people-body,hands,palms up together: dark skin tone,,,Julian Grüneberg,2018-04-18,5,single,🤲,1F932,5,418
🤝,1F91D,people-body,hands,handshake,"agreement, deal, hand, meeting, shake","shaking hands, agreement, hand, meeting, shake, hello, bye, goodbye",Julian Grüneberg,2018-04-18,,single,🤝,1F91D,3,419
🤝🏻,1F91D-1F3FB,people-body,hands,handshake: light skin tone,,,Julian Grüneberg,2018-04-18,1,single,🤝,1F91D,14,420
🤝🏼,1F91D-1F3FC,people-body,hands,handshake: medium-light skin tone,,,Julian Grüneberg,2018-04-18,2,single,🤝,1F91D,14,421
🤝🏽,1F91D-1F3FD,people-body,hands,handshake: medium skin tone,,,Julian Grüneberg,2018-04-18,3,single,🤝,1F91D,14,422
🤝🏾,1F91D-1F3FE,people-body,hands,handshake: medium-dark skin tone,,,Julian Grüneberg,2018-04-18,4,single,🤝,1F91D,14,423
🤝🏿,1F91D-1F3FF,people-body,hands,handshake: dark skin tone,,,Julian Grüneberg,2018-04-18,5,single,🤝,1F91D,14,424
🫱🏻‍🫲🏼,1FAF1-1F3FB-200D-1FAF2-1F3FC,people-body,hands,"handshake: light skin tone, medium-light skin tone",,,Julian Grüneberg,2018-04-18,"1,2",multiple,🤝,1F91D,14,425
🫱🏻‍🫲🏽,1FAF1-1F3FB-200D-1FAF2-1F3FD,people-body,hands,"handshake: light skin tone, medium skin tone",,,Julian Grüneberg,2018-04-18,"1,3",multiple,🤝,1F91D,14,426
🫱🏻‍🫲🏾,1FAF1-1F3FB-200D-1FAF2-1F3FE,people-body,hands,"handshake: light skin tone, medium-dark skin tone",,,Julian Grüneberg,2018-04-18,"1,4",multiple,🤝,1F91D,14,427
🫱🏻‍🫲🏿,1FAF1-1F3FB-200D-1FAF2-1F3FF,people-body,hands,"handshake: light skin tone, dark skin tone",,,Julian Grüneberg,2018-04-18,"1,5",multiple,🤝,1F91D,14,428
🫱🏼‍🫲🏻,1FAF1-1F3FC-200D-1FAF2-1F3FB,people-body,hands,"handshake: medium-light skin tone, light skin tone",,,Julian Grüneberg,2018-04-18,"2,1",multiple,🤝,1F91D,14,429
🫱🏼‍🫲🏽,1FAF1-1F3FC-200D-1FAF2-1F3FD,people-body,hands,"handshake: medium-light skin tone, medium skin tone",,,Julian Grüneberg,2018-04-18,"2,3",multiple,🤝,1F91D,14,430
🫱🏼‍🫲🏾,1FAF1-1F3FC-200D-1FAF2-1F3FE,people-body,hands,"handshake: medium-light skin tone, medium-dark skin tone",,,Julian Grüneberg,2018-04-18,"2,4",multiple,🤝,1F91D,14,431
🫱🏼‍🫲🏿,1FAF1-1F3FC-200D-1FAF2-1F3FF,people-body,hands,"handshake: medium-light skin tone, dark skin tone",,,Julian Grüneberg,2018-04-18,"2,5",multiple,🤝,1F91D,14,432
🫱🏽‍🫲🏻,1FAF1-1F3FD-200D-1FAF2-1F3FB,people-body,hands,"handshake: medium skin tone, light skin tone",,,Julian Grüneberg,2018-04-18,"3,1",multiple,🤝,1F91D,14,433
🫱🏽‍🫲🏼,1FAF1-1F3FD-200D-1FAF2-1F3FC,people-body,hands,"handshake: medium skin tone, medium-light skin tone",,,Julian Grüneberg,2018-04-18,"3,2",multiple,🤝,1F91D,14,434
🫱🏽‍🫲🏾,1FAF1-1F3FD-200D-1FAF2-1F3FE,people-body,hands,"handshake: medium skin tone, medium-dark skin tone",,,Julian Grüneberg,2018-04-18,"3,4",multiple,🤝,1F91D,14,435
🫱🏽‍🫲🏿,1FAF1-1F3FD-200D-1FAF2-1F3FF,people-body,hands,"handshake: medium skin tone, dark skin tone",,,Julian Grüneberg,2018-04-18,"3,5",multiple,🤝,1F91D,14,436
🫱🏾‍🫲🏻,1FAF1-1F3FE-200D-1FAF2-1F3FB,people-body,hands,"handshake: medium-dark skin tone, light skin tone",,,Julian Grüneberg,2018-04-18,"4,1",multiple,🤝,1F91D,14,437
🫱🏾‍🫲🏼,1FAF1-1F3FE-200D-1FAF2-1F3FC,people-body,hands,"handshake: medium-dark skin tone, medium-light skin tone",,,Julian Grüneberg,2018-04-18,"4,2",multiple,🤝,1F91D,14,438
🫱🏾‍🫲🏽,1FAF1-1F3FE-200D-1FAF2-1F3FD,people-body,hands,"handshake: medium-dark skin tone, medium skin tone",,,Julian Grüneberg,2018-04-18,"4,3",multiple,🤝,1F91D,14,439
🫱🏾‍🫲🏿,1FAF1-1F3FE-200D-1FAF2-1F3FF,people-body,hands,"handshake: medium-dark skin tone, dark skin tone",,,Julian Grüneberg,2018-04-18,"4,5",multiple,🤝,1F91D,14,440
🫱🏿‍🫲🏻,1FAF1-1F3FF-200D-1FAF2-1F3FB,people-body,hands,"handshake: dark skin tone, light skin tone",,,Julian Grüneberg,2018-04-18,"5,1",multiple,🤝,1F91D,14,441
🫱🏿‍🫲🏼,1FAF1-1F3FF-200D-1FAF2-1F3FC,people-body,hands,"handshake: dark skin tone, medium-light skin tone",,,Julian Grüneberg,2018-04-18,"5,2",multiple,🤝,1F91D,14,442
🫱🏿‍🫲🏽,1FAF1-1F3FF-200D-1FAF2-1F3FD,people-body,hands,"handshake: dark skin tone, medium skin tone",,,Julian Grüneberg,2018-04-18,"5,3",multiple,🤝,1F91D,14,443
🫱🏿‍🫲🏾,1FAF1-1F3FF-200D-1FAF2-1F3FE,people-body,hands,"handshake: dark skin tone, medium-dark skin tone",,,Julian Grüneberg,2018-04-18,"5,4",multiple,🤝,1F91D,14,444
🙏,1F64F,people-body,hands,folded hands,"appreciate, ask, beg, blessed, bow, cmon, five, folded, gesture, hand, high, please, pray, thanks, thx","ask, bow, folded, gesture, hand, please, pray, thanks",Julian Grüneberg,2018-04-18,,single,🙏,1F64F,0.6,445
🙏🏻,1F64F-1F3FB,people-body,hands,folded hands: light skin tone,,,Julian Grüneberg,2018-04-18,1,single,🙏,1F64F,1,446
🙏🏼,1F64F-1F3FC,people-body,hands,folded hands: medium-light skin tone,,,Julian Grüneberg,2018-04-18,2,single,🙏,1F64F,1,447
🙏🏽,1F64F-1F3FD,people-body,hands,folded hands: medium skin tone,,,Julian Grüneberg,2018-04-18,3,single,🙏,1F64F,1,448
🙏🏾,1F64F-1F3FE,people-body,hands,folded hands: medium-dark skin tone,,,Julian Grüneberg,2018-04-18,4,single,🙏,1F64F,1,449
🙏🏿,1F64F-1F3FF,people-body,hands,folded hands: dark skin tone,,,Julian Grüneberg,2018-04-18,5,single,🙏,1F64F,1,450
✍️,270D,people-body,hand-prop,writing hand,"hand, write, writing","writing hand, writing, write",Daniel Utz,2025-09-30,,single,✍️,270D,0.7,452
✍🏻,270D-1F3FB,people-body,hand-prop,writing hand: light skin tone,,,Daniel Utz,2025-09-30,1,single,✍️,270D,1,453
✍🏼,270D-1F3FC,people-body,hand-prop,writing hand: medium-light skin tone,,,Daniel Utz,2025-09-30,2,single,✍️,270D,1,454
✍🏽,270D-1F3FD,people-body,hand-prop,writing hand: medium skin tone,,,Daniel Utz,2025-09-30,3,single,✍️,270D,1,455
✍🏾,270D-1F3FE,people-body,hand-prop,writing hand: medium-dark skin tone,,,Daniel Utz,2025-09-30,4,single,✍️,270D,1,456
✍🏿,270D-1F3FF,people-body,hand-prop,writing hand: dark skin tone,,,Daniel Utz,2025-09-30,5,single,✍️,270D,1,457
💅,1F485,people-body,hand-prop,nail polish,"bored, care, cosmetics, done, makeup, manicure, nail, polish, whatever",,Laura Schießer,2019-05-06,,single,💅,1F485,0.6,458
💅🏻,1F485-1F3FB,people-body,hand-prop,nail polish: light skin tone,,,Laura Schießer,2019-05-06,1,single,💅,1F485,1,459
💅🏼,1F485-1F3FC,people-body,hand-prop,nail polish: medium-light skin tone,,,Laura Schießer,2019-05-06,2,single,💅,1F485,1,460
💅🏽,1F485-1F3FD,people-body,hand-prop,nail polish: medium skin tone,,,Laura Schießer,2019-05-06,3,single,💅,1F485,1,461
💅🏾,1F485-1F3FE,people-body,hand-prop,nail polish: medium-dark skin tone,,,Laura Schießer,2019-05-06,4,single,💅,1F485,1,462
💅🏿,1F485-1F3FF,people-body,hand-prop,nail polish: dark skin tone,,,Laura Schießer,2019-05-06,5,single,💅,1F485,1,463
🤳,1F933,people-body,hand-prop,selfie,"camera, phone","camera, phone",Julian Grüneberg,2018-04-18,,single,🤳,1F933,3,464
🤳🏻,1F933-1F3FB,people-body,hand-prop,selfie: light skin tone,,,Julian Grüneberg,2018-04-18,1,single,🤳,1F933,3,465
🤳🏼,1F933-1F3FC,people-body,hand-prop,selfie: medium-light skin tone,,,Julian Grüneberg,2018-04-18,2,single,🤳,1F933,3,466
🤳🏽,1F933-1F3FD,people-body,hand-prop,selfie: medium skin tone,,,Julian Grüneberg,2018-04-18,3,single,🤳,1F933,3,467
🤳🏾,1F933-1F3FE,people-body,hand-prop,selfie: medium-dark skin tone,,,Julian Grüneberg,2018-04-18,4,single,🤳,1F933,3,468
🤳🏿,1F933-1F3FF,people-body,hand-prop,selfie: dark skin tone,,,Julian Grüneberg,2018-04-18,5,single,🤳,1F933,3,469
💪,1F4AA,people-body,body-parts,flexed biceps,"arm, beast, bench, biceps, bodybuilder, bro, curls, flex, gains, gym, jacked, muscle, press, ripped, strong, weightlift","flexed biceps, biceps, flexed, flex, muscle, feats of strength, strength, feats, strong",Julian Grüneberg,2018-04-18,,single,💪,1F4AA,0.6,470
💪🏻,1F4AA-1F3FB,people-body,body-parts,flexed biceps: light skin tone,,,Julian Grüneberg,2018-04-18,1,single,💪,1F4AA,1,471
💪🏼,1F4AA-1F3FC,people-body,body-parts,flexed biceps: medium-light skin tone,,,Julian Grüneberg,2018-04-18,2,single,💪,1F4AA,1,472
💪🏽,1F4AA-1F3FD,people-body,body-parts,flexed biceps: medium skin tone,,,Julian Grüneberg,2018-04-18,3,single,💪,1F4AA,1,473
💪🏾,1F4AA-1F3FE,people-body,body-parts,flexed biceps: medium-dark skin tone,,,Julian Grüneberg,2018-04-18,4,single,💪,1F4AA,1,474
💪🏿,1F4AA-1F3FF,people-body,body-parts,flexed biceps: dark skin tone,,,Julian Grüneberg,2018-04-18,5,single,💪,1F4AA,1,475
🦾,1F9BE,people-body,body-parts,mechanical arm,"accessibility, arm, mechanical, prosthetic",,Laura Dworatschek,2019-05-06,,,,,12,476
🦿,1F9BF,people-body,body-parts,mechanical leg,"accessibility, leg, mechanical, prosthetic",,Laura Dworatschek,2019-05-06,,,,,12,477
🦵,1F9B5,people-body,body-parts,leg,"bent, foot, kick, knee, limb",,Laura Schießer,2019-05-06,,single,🦵,1F9B5,11,478
🦵🏻,1F9B5-1F3FB,people-body,body-parts,leg: light skin tone,,,Laura Schießer,2019-05-06,1,single,🦵,1F9B5,11,479
🦵🏼,1F9B5-1F3FC,people-body,body-parts,leg: medium-light skin tone,,,Laura Schießer,2019-05-06,2,single,🦵,1F9B5,11,480
🦵🏽,1F9B5-1F3FD,people-body,body-parts,leg: medium skin tone,,,Laura Schießer,2019-05-06,3,single,🦵,1F9B5,11,481
🦵🏾,1F9B5-1F3FE,people-body,body-parts,leg: medium-dark skin tone,,,Laura Schießer,2019-05-06,4,single,🦵,1F9B5,11,482
🦵🏿,1F9B5-1F3FF,people-body,body-parts,leg: dark skin tone,,,Laura Schießer,2019-05-06,5,single,🦵,1F9B5,11,483
🦶,1F9B6,people-body,body-parts,foot,"ankle, feet, kick, stomp",,Daniel Utz,2020-03-11,,single,🦶,1F9B6,11,484
🦶🏻,1F9B6-1F3FB,people-body,body-parts,foot: light skin tone,,,Daniel Utz,2020-03-11,1,single,🦶,1F9B6,11,485
🦶🏼,1F9B6-1F3FC,people-body,body-parts,foot: medium-light skin tone,,,Daniel Utz,2020-03-11,2,single,🦶,1F9B6,11,486
🦶🏽,1F9B6-1F3FD,people-body,body-parts,foot: medium skin tone,,,Daniel Utz,2020-03-11,3,single,🦶,1F9B6,11,487
🦶🏾,1F9B6-1F3FE,people-body,body-parts,foot: medium-dark skin tone,,,Daniel Utz,2020-03-11,4,single,🦶,1F9B6,11,488
🦶🏿,1F9B6-1F3FF,people-body,body-parts,foot: dark skin tone,,,Daniel Utz,2020-03-11,5,single,🦶,1F9B6,11,489
👂️,1F442,people-body,body-parts,ear,"body, ears, hear, hearing, listen, listening, sound","ear, hear, listen",Julian Grüneberg,2018-04-18,,single,👂️,1F442,0.6,490
👂🏻,1F442-1F3FB,people-body,body-parts,ear: light skin tone,,,Julian Grüneberg,2018-04-18,1,single,👂️,1F442,1,491
👂🏼,1F442-1F3FC,people-body,body-parts,ear: medium-light skin tone,,,Julian Grüneberg,2018-04-18,2,single,👂️,1F442,1,492
👂🏽,1F442-1F3FD,people-body,body-parts,ear: medium skin tone,,,Julian Grüneberg,2018-04-18,3,single,👂️,1F442,1,493
👂🏾,1F442-1F3FE,people-body,body-parts,ear: medium-dark skin tone,,,Julian Grüneberg,2018-04-18,4,single,👂️,1F442,1,494
👂🏿,1F442-1F3FF,people-body,body-parts,ear: dark skin tone,,,Julian Grüneberg,2018-04-18,5,single,👂️,1F442,1,495
🦻,1F9BB,people-body,body-parts,ear with hearing aid,"accessibility, aid, ear, hard, hearing",,Laura Dworatschek,2019-05-06,,single,🦻,1F9BB,12,496
🦻🏻,1F9BB-1F3FB,people-body,body-parts,ear with hearing aid: light skin tone,,,Laura Dworatschek,2019-05-06,1,single,🦻,1F9BB,12,497
🦻🏼,1F9BB-1F3FC,people-body,body-parts,ear with hearing aid: medium-light skin tone,,,Laura Dworatschek,2019-05-06,2,single,🦻,1F9BB,12,498
🦻🏽,1F9BB-1F3FD,people-body,body-parts,ear with hearing aid: medium skin tone,,,Laura Dworatschek,2019-05-06,3,single,🦻,1F9BB,12,499
🦻🏾,1F9BB-1F3FE,people-body,body-parts,ear with hearing aid: medium-dark skin tone,,,Laura Dworatschek,2019-05-06,4,single,🦻,1F9BB,12,500
🦻🏿,1F9BB-1F3FF,people-body,body-parts,ear with hearing aid: dark skin tone,,,Laura Dworatschek,2019-05-06,5,single,🦻,1F9BB,12,501
👃,1F443,people-body,body-parts,nose,"body, noses, nosey, odor, smell, smells","nose, smell",Julian Grüneberg,2018-04-18,,single,👃,1F443,0.6,502
👃🏻,1F443-1F3FB,people-body,body-parts,nose: light skin tone,,,Julian Grüneberg,2018-04-18,1,single,👃,1F443,1,503
👃🏼,1F443-1F3FC,people-body,body-parts,nose: medium-light skin tone,,,Julian Grüneberg,2018-04-18,2,single,👃,1F443,1,504
👃🏽,1F443-1F3FD,people-body,body-parts,nose: medium skin tone,,,Julian Grüneberg,2018-04-18,3,single,👃,1F443,1,505
👃🏾,1F443-1F3FE,people-body,body-parts,nose: medium-dark skin tone,,,Julian Grüneberg,2018-04-18,4,single,👃,1F443,1,506
👃🏿,1F443-1F3FF,people-body,body-parts,nose: dark skin tone,,,Julian Grüneberg,2018-04-18,5,single,👃,1F443,1,507
🧠,1F9E0,people-body,body-parts,brain,"intelligent, smart","brain, intelligent, clever",Julian Grüneberg,2018-04-18,,,,,5,508
🫀,1FAC0,people-body,body-parts,anatomical heart,"anatomical, beat, cardiology, heart, heartbeat, organ, pulse, real, red","pump, blood, beat, organ",Tonia Reinhardt,2010-01-31,,,,,13,509
🫁,1FAC1,people-body,body-parts,lungs,"breath, breathe, exhalation, inhalation, lung, organ, respiration","respiration, breathing, air, organ",Fanny Jung,2010-01-31,,,,,13,510
🦷,1F9B7,people-body,body-parts,tooth,"dentist, pearly, teeth, white",,Laura Schießer,2019-05-06,,,,,11,511
🦴,1F9B4,people-body,body-parts,bone,"bones, dog, skeleton, wishbone",,Laura Schießer,2019-05-06,,,,,11,512
👀,1F440,people-body,body-parts,eyes,"body, eye, face, googly, look, looking, omg, peep, see, seeing","eye, face, eyes",Julian Grüneberg,2018-04-18,,,,,0.6,513
👁️,1F441,people-body,body-parts,eye,"1, body, one","eye, face",Julian Grüneberg,2018-04-18,,,,,0.7,515
👅,1F445,people-body,body-parts,tongue,"body, lick, slurp","tongue, kiss, lick, licking",Julian Grüneberg,2018-04-18,,,,,0.6,516
👄,1F444,people-body,body-parts,mouth,"beauty, body, kiss, kissing, lips, lipstick","lips, kiss, mouth",Julian Grüneberg,2018-04-18,,,,,0.6,517
🫦,1FAE6,people-body,body-parts,biting lip,"anxious, bite, biting, fear, flirt, flirting, kiss, lip, lipstick, nervous, sexy, uncomfortable, worried, worry",,Alexander Müller,2021-11-27,,,,,14,518
👶,1F476,people-body,person,baby,"babies, children, goo, infant, newborn, pregnant, young","human, person",Johanna Wellnitz,2018-04-18,,single,👶,1F476,0.6,519
👶🏻,1F476-1F3FB,people-body,person,baby: light skin tone,,,Johanna Wellnitz,2018-04-18,1,single,👶,1F476,1,520
👶🏼,1F476-1F3FC,people-body,person,baby: medium-light skin tone,,,Johanna Wellnitz,2018-04-18,2,single,👶,1F476,1,521
👶🏽,1F476-1F3FD,people-body,person,baby: medium skin tone,,,Johanna Wellnitz,2018-04-18,3,single,👶,1F476,1,522
👶🏾,1F476-1F3FE,people-body,person,baby: medium-dark skin tone,,,Johanna Wellnitz,2018-04-18,4,single,👶,1F476,1,523
👶🏿,1F476-1F3FF,people-body,person,baby: dark skin tone,,,Johanna Wellnitz,2018-04-18,5,single,👶,1F476,1,524
🧒,1F9D2,people-body,person,child,"bright-eyed, grandchild, kid, young, younger","human, person",Johanna Wellnitz,2018-04-18,,single,🧒,1F9D2,5,525
🧒🏻,1F9D2-1F3FB,people-body,person,child: light skin tone,,,Johanna Wellnitz,2018-04-18,1,single,🧒,1F9D2,5,526
🧒🏼,1F9D2-1F3FC,people-body,person,child: medium-light skin tone,,,Johanna Wellnitz,2018-04-18,2,single,🧒,1F9D2,5,527
🧒🏽,1F9D2-1F3FD,people-body,person,child: medium skin tone,,,Johanna Wellnitz,2018-04-18,3,single,🧒,1F9D2,5,528
🧒🏾,1F9D2-1F3FE,people-body,person,child: medium-dark skin tone,,,Johanna Wellnitz,2018-04-18,4,single,🧒,1F9D2,5,529
🧒🏿,1F9D2-1F3FF,people-body,person,child: dark skin tone,,,Johanna Wellnitz,2018-04-18,5,single,🧒,1F9D2,5,530
👦,1F466,people-body,person,boy,"bright-eyed, child, grandson, kid, son, young, younger","human, person",Johanna Wellnitz,2018-04-18,,single,👦,1F466,0.6,531
👦🏻,1F466-1F3FB,people-body,person,boy: light skin tone,,,Johanna Wellnitz,2018-04-18,1,single,👦,1F466,1,532
👦🏼,1F466-1F3FC,people-body,person,boy: medium-light skin tone,,,Johanna Wellnitz,2018-04-18,2,single,👦,1F466,1,533
👦🏽,1F466-1F3FD,people-body,person,boy: medium skin tone,,,Johanna Wellnitz,2018-04-18,3,single,👦,1F466,1,534
👦🏾,1F466-1F3FE,people-body,person,boy: medium-dark skin tone,,,Johanna Wellnitz,2018-04-18,4,single,👦,1F466,1,535
👦🏿,1F466-1F3FF,people-body,person,boy: dark skin tone,,,Johanna Wellnitz,2018-04-18,5,single,👦,1F466,1,536
👧,1F467,people-body,person,girl,"bright-eyed, child, daughter, granddaughter, kid, virgo, young, younger, zodiac","human, person",Johanna Wellnitz,2018-04-18,,single,👧,1F467,0.6,537
👧🏻,1F467-1F3FB,people-body,person,girl: light skin tone,,,Johanna Wellnitz,2018-04-18,1,single,👧,1F467,1,538
👧🏼,1F467-1F3FC,people-body,person,girl: medium-light skin tone,,,Johanna Wellnitz,2018-04-18,2,single,👧,1F467,1,539
👧🏽,1F467-1F3FD,people-body,person,girl: medium skin tone,,,Johanna Wellnitz,2018-04-18,3,single,👧,1F467,1,540
👧🏾,1F467-1F3FE,people-body,person,girl: medium-dark skin tone,,,Johanna Wellnitz,2018-04-18,4,single,👧,1F467,1,541
👧🏿,1F467-1F3FF,people-body,person,girl: dark skin tone,,,Johanna Wellnitz,2018-04-18,5,single,👧,1F467,1,542
🧑,1F9D1,people-body,person,person,adult,"human, person",Johanna Wellnitz,2018-04-18,,single,🧑,1F9D1,5,543
🧑🏻,1F9D1-1F3FB,people-body,person,person: light skin tone,,,Johanna Wellnitz,2018-04-18,1,single,🧑,1F9D1,5,544
🧑🏼,1F9D1-1F3FC,people-body,person,person: medium-light skin tone,,,Johanna Wellnitz,2018-04-18,2,single,🧑,1F9D1,5,545
🧑🏽,1F9D1-1F3FD,people-body,person,person: medium skin tone,,,Johanna Wellnitz,2018-04-18,3,single,🧑,1F9D1,5,546
🧑🏾,1F9D1-1F3FE,people-body,person,person: medium-dark skin tone,,,Johanna Wellnitz,2018-04-18,4,single,🧑,1F9D1,5,547
🧑🏿,1F9D1-1F3FF,people-body,person,person: dark skin tone,,,Johanna Wellnitz,2018-04-18,5,single,🧑,1F9D1,5,548
👱,1F471,people-body,person,person: blond hair,"blond, blond-haired, human, person",,Anne Frauendorf,2018-11-16,,single,👱,1F471,0.6,549
👱🏻,1F471-1F3FB,people-body,person,"person: light skin tone, blond hair",,,Anne Frauendorf,2018-11-16,1,single,👱,1F471,1,550
👱🏼,1F471-1F3FC,people-body,person,"person: medium-light skin tone, blond hair",,,Anne Frauendorf,2018-11-16,2,single,👱,1F471,1,551
👱🏽,1F471-1F3FD,people-body,person,"person: medium skin tone, blond hair",,,Anne Frauendorf,2018-11-16,3,single,👱,1F471,1,552
👱🏾,1F471-1F3FE,people-body,person,"person: medium-dark skin tone, blond hair",,,Anne Frauendorf,2018-11-16,4,single,👱,1F471,1,553
👱🏿,1F471-1F3FF,people-body,person,"person: dark skin tone, blond hair",,,Anne Frauendorf,2018-11-16,5,single,👱,1F471,1,554
👨,1F468,people-body,person,man,"adult, bro","human, person",Johanna Wellnitz,2018-04-18,,single,👨,1F468,0.6,555
👨🏻,1F468-1F3FB,people-body,person,man: light skin tone,,,Johanna Wellnitz,2018-04-18,1,single,👨,1F468,1,556
👨🏼,1F468-1F3FC,people-body,person,man: medium-light skin tone,,,Johanna Wellnitz,2018-04-18,2,single,👨,1F468,1,557
👨🏽,1F468-1F3FD,people-body,person,man: medium skin tone,,,Johanna Wellnitz,2018-04-18,3,single,👨,1F468,1,558
👨🏾,1F468-1F3FE,people-body,person,man: medium-dark skin tone,,,Johanna Wellnitz,2018-04-18,4,single,👨,1F468,1,559
👨🏿,1F468-1F3FF,people-body,person,man: dark skin tone,,,Johanna Wellnitz,2018-04-18,5,single,👨,1F468,1,560
🧔,1F9D4,people-body,person,person: beard,"beard, bearded, person, whiskers","beard, man, facial hair, man, manly",Lisa Thiel,2018-04-18,,single,🧔,1F9D4,5,561
🧔🏻,1F9D4-1F3FB,people-body,person,"person: light skin tone, beard",,,Lisa Thiel,2018-04-18,1,single,🧔,1F9D4,5,562
🧔🏼,1F9D4-1F3FC,people-body,person,"person: medium-light skin tone, beard",,,Lisa Thiel,2018-04-18,2,single,🧔,1F9D4,5,563
🧔🏽,1F9D4-1F3FD,people-body,person,"person: medium skin tone, beard",,,Lisa Thiel,2018-04-18,3,single,🧔,1F9D4,5,564
🧔🏾,1F9D4-1F3FE,people-body,person,"person: medium-dark skin tone, beard",,,Lisa Thiel,2018-04-18,4,single,🧔,1F9D4,5,565
🧔🏿,1F9D4-1F3FF,people-body,person,"person: dark skin tone, beard",,,Lisa Thiel,2018-04-18,5,single,🧔,1F9D4,5,566
🧔‍♂️,1F9D4-200D-2642-FE0F,people-body,person,man: beard,"beard, bearded, man, whiskers",,Nelly Nieter,2021-04-26,,single,🧔‍♂️,1F9D4-200D-2642-FE0F,13.1,567
🧔🏻‍♂️,1F9D4-1F3FB-200D-2642-FE0F,people-body,person,"man: light skin tone, beard",,,Nelly Nieter,2021-04-26,1,single,🧔‍♂️,1F9D4-200D-2642-FE0F,13.1,569
🧔🏼‍♂️,1F9D4-1F3FC-200D-2642-FE0F,people-body,person,"man: medium-light skin tone, beard",,,Nelly Nieter,2021-04-26,2,single,🧔‍♂️,1F9D4-200D-2642-FE0F,13.1,571
🧔🏽‍♂️,1F9D4-1F3FD-200D-2642-FE0F,people-body,person,"man: medium skin tone, beard",,,Nelly Nieter,2021-04-26,3,single,🧔‍♂️,1F9D4-200D-2642-FE0F,13.1,573
🧔🏾‍♂️,1F9D4-1F3FE-200D-2642-FE0F,people-body,person,"man: medium-dark skin tone, beard",,,Nelly Nieter,2021-04-26,4,single,🧔‍♂️,1F9D4-200D-2642-FE0F,13.1,575
🧔🏿‍♂️,1F9D4-1F3FF-200D-2642-FE0F,people-body,person,"man: dark skin tone, beard",,,Nelly Nieter,2021-04-26,5,single,🧔‍♂️,1F9D4-200D-2642-FE0F,13.1,577
🧔‍♀️,1F9D4-200D-2640-FE0F,people-body,person,woman: beard,"beard, bearded, whiskers, woman",,Nelly Nieter,2021-04-26,,single,🧔‍♀️,1F9D4-200D-2640-FE0F,13.1,579
🧔🏻‍♀️,1F9D4-1F3FB-200D-2640-FE0F,people-body,person,"woman: light skin tone, beard",,,Nelly Nieter,2021-04-26,1,single,🧔‍♀️,1F9D4-200D-2640-FE0F,13.1,581
🧔🏼‍♀️,1F9D4-1F3FC-200D-2640-FE0F,people-body,person,"woman: medium-light skin tone, beard",,,Nelly Nieter,2021-04-26,2,single,🧔‍♀️,1F9D4-200D-2640-FE0F,13.1,583
🧔🏽‍♀️,1F9D4-1F3FD-200D-2640-FE0F,people-body,person,"woman: medium skin tone, beard",,,Nelly Nieter,2021-04-26,3,single,🧔‍♀️,1F9D4-200D-2640-FE0F,13.1,585
🧔🏾‍♀️,1F9D4-1F3FE-200D-2640-FE0F,people-body,person,"woman: medium-dark skin tone, beard",,,Nelly Nieter,2021-04-26,4,single,🧔‍♀️,1F9D4-200D-2640-FE0F,13.1,587
🧔🏿‍♀️,1F9D4-1F3FF-200D-2640-FE0F,people-body,person,"woman: dark skin tone, beard",,,Nelly Nieter,2021-04-26,5,single,🧔‍♀️,1F9D4-200D-2640-FE0F,13.1,589
👨‍🦰,1F468-200D-1F9B0,people-body,person,man: red hair,"adult, bro, man, red hair",,Nadine Bartel,2019-05-06,,single,👨‍🦰,1F468-200D-1F9B0,11,591
👨🏻‍🦰,1F468-1F3FB-200D-1F9B0,people-body,person,"man: light skin tone, red hair",,,Nadine Bartel,2019-05-06,1,single,👨‍🦰,1F468-200D-1F9B0,11,592
👨🏼‍🦰,1F468-1F3FC-200D-1F9B0,people-body,person,"man: medium-light skin tone, red hair",,,Nadine Bartel,2019-05-06,2,single,👨‍🦰,1F468-200D-1F9B0,11,593
👨🏽‍🦰,1F468-1F3FD-200D-1F9B0,people-body,person,"man: medium skin tone, red hair",,,Nadine Bartel,2019-05-06,3,single,👨‍🦰,1F468-200D-1F9B0,11,594
👨🏾‍🦰,1F468-1F3FE-200D-1F9B0,people-body,person,"man: medium-dark skin tone, red hair",,,Nadine Bartel,2019-05-06,4,single,👨‍🦰,1F468-200D-1F9B0,11,595
👨🏿‍🦰,1F468-1F3FF-200D-1F9B0,people-body,person,"man: dark skin tone, red hair",,,Nadine Bartel,2019-05-06,5,single,👨‍🦰,1F468-200D-1F9B0,11,596
👨‍🦱,1F468-200D-1F9B1,people-body,person,man: curly hair,"adult, bro, curly hair, man",,Nadine Bartel,2019-05-06,,single,👨‍🦱,1F468-200D-1F9B1,11,597
👨🏻‍🦱,1F468-1F3FB-200D-1F9B1,people-body,person,"man: light skin tone, curly hair",,,Nadine Bartel,2019-05-06,1,single,👨‍🦱,1F468-200D-1F9B1,11,598
👨🏼‍🦱,1F468-1F3FC-200D-1F9B1,people-body,person,"man: medium-light skin tone, curly hair",,,Nadine Bartel,2019-05-06,2,single,👨‍🦱,1F468-200D-1F9B1,11,599
👨🏽‍🦱,1F468-1F3FD-200D-1F9B1,people-body,person,"man: medium skin tone, curly hair",,,Nadine Bartel,2019-05-06,3,single,👨‍🦱,1F468-200D-1F9B1,11,600
👨🏾‍🦱,1F468-1F3FE-200D-1F9B1,people-body,person,"man: medium-dark skin tone, curly hair",,,Nadine Bartel,2019-05-06,4,single,👨‍🦱,1F468-200D-1F9B1,11,601
👨🏿‍🦱,1F468-1F3FF-200D-1F9B1,people-body,person,"man: dark skin tone, curly hair",,,Nadine Bartel,2019-05-06,5,single,👨‍🦱,1F468-200D-1F9B1,11,602
👨‍🦳,1F468-200D-1F9B3,people-body,person,man: white hair,"adult, bro, man, white hair",,Nadine Bartel,2019-05-06,,single,👨‍🦳,1F468-200D-1F9B3,11,603
👨🏻‍🦳,1F468-1F3FB-200D-1F9B3,people-body,person,"man: light skin tone, white hair",,,Nadine Bartel,2019-05-06,1,single,👨‍🦳,1F468-200D-1F9B3,11,604
👨🏼‍🦳,1F468-1F3FC-200D-1F9B3,people-body,person,"man: medium-light skin tone, white hair",,,Nadine Bartel,2019-05-06,2,single,👨‍🦳,1F468-200D-1F9B3,11,605
👨🏽‍🦳,1F468-1F3FD-200D-1F9B3,people-body,person,"man: medium skin tone, white hair",,,Nadine Bartel,2019-05-06,3,single,👨‍🦳,1F468-200D-1F9B3,11,606
👨🏾‍🦳,1F468-1F3FE-200D-1F9B3,people-body,person,"man: medium-dark skin tone, white hair",,,Nadine Bartel,2019-05-06,4,single,👨‍🦳,1F468-200D-1F9B3,11,607
👨🏿‍🦳,1F468-1F3FF-200D-1F9B3,people-body,person,"man: dark skin tone, white hair",,,Nadine Bartel,2019-05-06,5,single,👨‍🦳,1F468-200D-1F9B3,11,608
👨‍🦲,1F468-200D-1F9B2,people-body,person,man: bald,"adult, bald, bro, man",,Nadine Bartel,2019-05-06,,single,👨‍🦲,1F468-200D-1F9B2,11,609
👨🏻‍🦲,1F468-1F3FB-200D-1F9B2,people-body,person,"man: light skin tone, bald",,,Nadine Bartel,2019-05-06,1,single,👨‍🦲,1F468-200D-1F9B2,11,610
👨🏼‍🦲,1F468-1F3FC-200D-1F9B2,people-body,person,"man: medium-light skin tone, bald",,,Nadine Bartel,2019-05-06,2,single,👨‍🦲,1F468-200D-1F9B2,11,611
👨🏽‍🦲,1F468-1F3FD-200D-1F9B2,people-body,person,"man: medium skin tone, bald",,,Nadine Bartel,2019-05-06,3,single,👨‍🦲,1F468-200D-1F9B2,11,612
👨🏾‍🦲,1F468-1F3FE-200D-1F9B2,people-body,person,"man: medium-dark skin tone, bald",,,Nadine Bartel,2019-05-06,4,single,👨‍🦲,1F468-200D-1F9B2,11,613
👨🏿‍🦲,1F468-1F3FF-200D-1F9B2,people-body,person,"man: dark skin tone, bald",,,Nadine Bartel,2019-05-06,5,single,👨‍🦲,1F468-200D-1F9B2,11,614
👩,1F469,people-body,person,woman,"adult, lady","human, person",Johanna Wellnitz,2018-04-18,,single,👩,1F469,0.6,615
👩🏻,1F469-1F3FB,people-body,person,woman: light skin tone,,,Johanna Wellnitz,2018-04-18,1,single,👩,1F469,1,616
👩🏼,1F469-1F3FC,people-body,person,woman: medium-light skin tone,,,Johanna Wellnitz,2018-04-18,2,single,👩,1F469,1,617
👩🏽,1F469-1F3FD,people-body,person,woman: medium skin tone,,,Johanna Wellnitz,2018-04-18,3,single,👩,1F469,1,618
👩🏾,1F469-1F3FE,people-body,person,woman: medium-dark skin tone,,,Johanna Wellnitz,2018-04-18,4,single,👩,1F469,1,619
👩🏿,1F469-1F3FF,people-body,person,woman: dark skin tone,,,Johanna Wellnitz,2018-04-18,5,single,👩,1F469,1,620
👩‍🦰,1F469-200D-1F9B0,people-body,person,woman: red hair,"adult, lady, red hair, woman",,Nadine Bartel,2019-05-06,,single,👩‍🦰,1F469-200D-1F9B0,11,621
👩🏻‍🦰,1F469-1F3FB-200D-1F9B0,people-body,person,"woman: light skin tone, red hair",,,Nadine Bartel,2019-05-06,1,single,👩‍🦰,1F469-200D-1F9B0,11,622
👩🏼‍🦰,1F469-1F3FC-200D-1F9B0,people-body,person,"woman: medium-light skin tone, red hair",,,Nadine Bartel,2019-05-06,2,single,👩‍🦰,1F469-200D-1F9B0,11,623
👩🏽‍🦰,1F469-1F3FD-200D-1F9B0,people-body,person,"woman: medium skin tone, red hair",,,Nadine Bartel,2019-05-06,3,single,👩‍🦰,1F469-200D-1F9B0,11,624
👩🏾‍🦰,1F469-1F3FE-200D-1F9B0,people-body,person,"woman: medium-dark skin tone, red hair",,,Nadine Bartel,2019-05-06,4,single,👩‍🦰,1F469-200D-1F9B0,11,625
👩🏿‍🦰,1F469-1F3FF-200D-1F9B0,people-body,person,"woman: dark skin tone, red hair",,,Nadine Bartel,2019-05-06,5,single,👩‍🦰,1F469-200D-1F9B0,11,626
🧑‍🦰,1F9D1-200D-1F9B0,people-body,person,person: red hair,"adult, person, red hair",,Benedikt Groß,2020-01-15,,single,🧑‍🦰,1F9D1-200D-1F9B0,12.1,627
🧑🏻‍🦰,1F9D1-1F3FB-200D-1F9B0,people-body,person,"person: light skin tone, red hair",,,Benedikt Groß,2020-01-15,1,single,🧑‍🦰,1F9D1-200D-1F9B0,12.1,628
🧑🏼‍🦰,1F9D1-1F3FC-200D-1F9B0,people-body,person,"person: medium-light skin tone, red hair",,,Benedikt Groß,2020-01-15,2,single,🧑‍🦰,1F9D1-200D-1F9B0,12.1,629
🧑🏽‍🦰,1F9D1-1F3FD-200D-1F9B0,people-body,person,"person: medium skin tone, red hair",,,Benedikt Groß,2020-01-15,3,single,🧑‍🦰,1F9D1-200D-1F9B0,12.1,630
🧑🏾‍🦰,1F9D1-1F3FE-200D-1F9B0,people-body,person,"person: medium-dark skin tone, red hair",,,Benedikt Groß,2020-01-15,4,single,🧑‍🦰,1F9D1-200D-1F9B0,12.1,631
🧑🏿‍🦰,1F9D1-1F3FF-200D-1F9B0,people-body,person,"person: dark skin tone, red hair",,,Benedikt Groß,2020-01-15,5,single,🧑‍🦰,1F9D1-200D-1F9B0,12.1,632
👩‍🦱,1F469-200D-1F9B1,people-body,person,woman: curly hair,"adult, curly hair, lady, woman",,Nadine Bartel,2019-05-06,,single,👩‍🦱,1F469-200D-1F9B1,11,633
👩🏻‍🦱,1F469-1F3FB-200D-1F9B1,people-body,person,"woman: light skin tone, curly hair",,,Nadine Bartel,2019-05-06,1,single,👩‍🦱,1F469-200D-1F9B1,11,634
👩🏼‍🦱,1F469-1F3FC-200D-1F9B1,people-body,person,"woman: medium-light skin tone, curly hair",,,Nadine Bartel,2019-05-06,2,single,👩‍🦱,1F469-200D-1F9B1,11,635
👩🏽‍🦱,1F469-1F3FD-200D-1F9B1,people-body,person,"woman: medium skin tone, curly hair",,,Nadine Bartel,2019-05-06,3,single,👩‍🦱,1F469-200D-1F9B1,11,636
👩🏾‍🦱,1F469-1F3FE-200D-1F9B1,people-body,person,"woman: medium-dark skin tone, curly hair",,,Nadine Bartel,2019-05-06,4,single,👩‍🦱,1F469-200D-1F9B1,11,637
👩🏿‍🦱,1F469-1F3FF-200D-1F9B1,people-body,person,"woman: dark skin tone, curly hair",,,Nadine Bartel,2019-05-06,5,single,👩‍🦱,1F469-200D-1F9B1,11,638
🧑‍🦱,1F9D1-200D-1F9B1,people-body,person,person: curly hair,"adult, curly hair, person",,Benedikt Groß,2020-01-15,,single,🧑‍🦱,1F9D1-200D-1F9B1,12.1,639
🧑🏻‍🦱,1F9D1-1F3FB-200D-1F9B1,people-body,person,"person: light skin tone, curly hair",,,Benedikt Groß,2020-01-15,1,single,🧑‍🦱,1F9D1-200D-1F9B1,12.1,640
🧑🏼‍🦱,1F9D1-1F3FC-200D-1F9B1,people-body,person,"person: medium-light skin tone, curly hair",,,Benedikt Groß,2020-01-15,2,single,🧑‍🦱,1F9D1-200D-1F9B1,12.1,641
🧑🏽‍🦱,1F9D1-1F3FD-200D-1F9B1,people-body,person,"person: medium skin tone, curly hair",,,Benedikt Groß,2020-01-15,3,single,🧑‍🦱,1F9D1-200D-1F9B1,12.1,642
🧑🏾‍🦱,1F9D1-1F3FE-200D-1F9B1,people-body,person,"person: medium-dark skin tone, curly hair",,,Benedikt Groß,2020-01-15,4,single,🧑‍🦱,1F9D1-200D-1F9B1,12.1,643
🧑🏿‍🦱,1F9D1-1F3FF-200D-1F9B1,people-body,person,"person: dark skin tone, curly hair",,,Benedikt Groß,2020-01-15,5,single,🧑‍🦱,1F9D1-200D-1F9B1,12.1,644
👩‍🦳,1F469-200D-1F9B3,people-body,person,woman: white hair,"adult, lady, white hair, woman",,Nadine Bartel,2019-05-06,,single,👩‍🦳,1F469-200D-1F9B3,11,645
👩🏻‍🦳,1F469-1F3FB-200D-1F9B3,people-body,person,"woman: light skin tone, white hair",,,Nadine Bartel,2019-05-06,1,single,👩‍🦳,1F469-200D-1F9B3,11,646
👩🏼‍🦳,1F469-1F3FC-200D-1F9B3,people-body,person,"woman: medium-light skin tone, white hair",,,Nadine Bartel,2019-05-06,2,single,👩‍🦳,1F469-200D-1F9B3,11,647
👩🏽‍🦳,1F469-1F3FD-200D-1F9B3,people-body,person,"woman: medium skin tone, white hair",,,Nadine Bartel,2019-05-06,3,single,👩‍🦳,1F469-200D-1F9B3,11,648
👩🏾‍🦳,1F469-1F3FE-200D-1F9B3,people-body,person,"woman: medium-dark skin tone, white hair",,,Nadine Bartel,2019-05-06,4,single,👩‍🦳,1F469-200D-1F9B3,11,649
👩🏿‍🦳,1F469-1F3FF-200D-1F9B3,people-body,person,"woman: dark skin tone, white hair",,,Nadine Bartel,2019-05-06,5,single,👩‍🦳,1F469-200D-1F9B3,11,650
🧑‍🦳,1F9D1-200D-1F9B3,people-body,person,person: white hair,"adult, person, white hair",,Benedikt Groß,2020-01-15,,single,🧑‍🦳,1F9D1-200D-1F9B3,12.1,651
🧑🏻‍🦳,1F9D1-1F3FB-200D-1F9B3,people-body,person,"person: light skin tone, white hair",,,Benedikt Groß,2020-01-15,1,single,🧑‍🦳,1F9D1-200D-1F9B3,12.1,652
🧑🏼‍🦳,1F9D1-1F3FC-200D-1F9B3,people-body,person,"person: medium-light skin tone, white hair",,,Benedikt Groß,2020-01-15,2,single,🧑‍🦳,1F9D1-200D-1F9B3,12.1,653
🧑🏽‍🦳,1F9D1-1F3FD-200D-1F9B3,people-body,person,"person: medium skin tone, white hair",,,Benedikt Groß,2020-01-15,3,single,🧑‍🦳,1F9D1-200D-1F9B3,12.1,654
🧑🏾‍🦳,1F9D1-1F3FE-200D-1F9B3,people-body,person,"person: medium-dark skin tone, white hair",,,Benedikt Groß,2020-01-15,4,single,🧑‍🦳,1F9D1-200D-1F9B3,12.1,655
🧑🏿‍🦳,1F9D1-1F3FF-200D-1F9B3,people-body,person,"person: dark skin tone, white hair",,,Benedikt Groß,2020-01-15,5,single,🧑‍🦳,1F9D1-200D-1F9B3,12.1,656
👩‍🦲,1F469-200D-1F9B2,people-body,person,woman: bald,"adult, bald, lady, woman",,Nadine Bartel,2019-05-06,,single,👩‍🦲,1F469-200D-1F9B2,11,657
👩🏻‍🦲,1F469-1F3FB-200D-1F9B2,people-body,person,"woman: light skin tone, bald",,,Nadine Bartel,2019-05-06,1,single,👩‍🦲,1F469-200D-1F9B2,11,658
👩🏼‍🦲,1F469-1F3FC-200D-1F9B2,people-body,person,"woman: medium-light skin tone, bald",,,Nadine Bartel,2019-05-06,2,single,👩‍🦲,1F469-200D-1F9B2,11,659
👩🏽‍🦲,1F469-1F3FD-200D-1F9B2,people-body,person,"woman: medium skin tone, bald",,,Nadine Bartel,2019-05-06,3,single,👩‍🦲,1F469-200D-1F9B2,11,660
👩🏾‍🦲,1F469-1F3FE-200D-1F9B2,people-body,person,"woman: medium-dark skin tone, bald",,,Nadine Bartel,2019-05-06,4,single,👩‍🦲,1F469-200D-1F9B2,11,661
👩🏿‍🦲,1F469-1F3FF-200D-1F9B2,people-body,person,"woman: dark skin tone, bald",,,Nadine Bartel,2019-05-06,5,single,👩‍🦲,1F469-200D-1F9B2,11,662
🧑‍🦲,1F9D1-200D-1F9B2,people-body,person,person: bald,"adult, bald, person",,Benedikt Groß,2020-01-15,,single,🧑‍🦲,1F9D1-200D-1F9B2,12.1,663
🧑🏻‍🦲,1F9D1-1F3FB-200D-1F9B2,people-body,person,"person: light skin tone, bald",,,Benedikt Groß,2020-01-15,1,single,🧑‍🦲,1F9D1-200D-1F9B2,12.1,664
🧑🏼‍🦲,1F9D1-1F3FC-200D-1F9B2,people-body,person,"person: medium-light skin tone, bald",,,Benedikt Groß,2020-01-15,2,single,🧑‍🦲,1F9D1-200D-1F9B2,12.1,665
🧑🏽‍🦲,1F9D1-1F3FD-200D-1F9B2,people-body,person,"person: medium skin tone, bald",,,Benedikt Groß,2020-01-15,3,single,🧑‍🦲,1F9D1-200D-1F9B2,12.1,666
🧑🏾‍🦲,1F9D1-1F3FE-200D-1F9B2,people-body,person,"person: medium-dark skin tone, bald",,,Benedikt Groß,2020-01-15,4,single,🧑‍🦲,1F9D1-200D-1F9B2,12.1,667
🧑🏿‍🦲,1F9D1-1F3FF-200D-1F9B2,people-body,person,"person: dark skin tone, bald",,,Benedikt Groß,2020-01-15,5,single,🧑‍🦲,1F9D1-200D-1F9B2,12.1,668
👱‍♀️,1F471-200D-2640-FE0F,people-body,person,woman: blond hair,"blond, blond-haired, blonde, hair, woman",,Nadine Bartel,2019-05-06,,single,👱‍♀️,1F471-200D-2640-FE0F,4,669
👱🏻‍♀️,1F471-1F3FB-200D-2640-FE0F,people-body,person,"woman: light skin tone, blond hair",,,Nadine Bartel,2019-05-06,1,single,👱‍♀️,1F471-200D-2640-FE0F,4,671
👱🏼‍♀️,1F471-1F3FC-200D-2640-FE0F,people-body,person,"woman: medium-light skin tone, blond hair",,,Nadine Bartel,2019-05-06,2,single,👱‍♀️,1F471-200D-2640-FE0F,4,673
👱🏽‍♀️,1F471-1F3FD-200D-2640-FE0F,people-body,person,"woman: medium skin tone, blond hair",,,Nadine Bartel,2019-05-06,3,single,👱‍♀️,1F471-200D-2640-FE0F,4,675
👱🏾‍♀️,1F471-1F3FE-200D-2640-FE0F,people-body,person,"woman: medium-dark skin tone, blond hair",,,Nadine Bartel,2019-05-06,4,single,👱‍♀️,1F471-200D-2640-FE0F,4,677
👱🏿‍♀️,1F471-1F3FF-200D-2640-FE0F,people-body,person,"woman: dark skin tone, blond hair",,,Nadine Bartel,2019-05-06,5,single,👱‍♀️,1F471-200D-2640-FE0F,4,679
👱‍♂️,1F471-200D-2642-FE0F,people-body,person,man: blond hair,"blond, blond-haired, hair, man",,Nadine Bartel,2019-05-06,,single,👱‍♂️,1F471-200D-2642-FE0F,4,681
👱🏻‍♂️,1F471-1F3FB-200D-2642-FE0F,people-body,person,"man: light skin tone, blond hair",,,Nadine Bartel,2019-05-06,1,single,👱‍♂️,1F471-200D-2642-FE0F,4,683
👱🏼‍♂️,1F471-1F3FC-200D-2642-FE0F,people-body,person,"man: medium-light skin tone, blond hair",,,Nadine Bartel,2019-05-06,2,single,👱‍♂️,1F471-200D-2642-FE0F,4,685
👱🏽‍♂️,1F471-1F3FD-200D-2642-FE0F,people-body,person,"man: medium skin tone, blond hair",,,Nadine Bartel,2019-05-06,3,single,👱‍♂️,1F471-200D-2642-FE0F,4,687
👱🏾‍♂️,1F471-1F3FE-200D-2642-FE0F,people-body,person,"man: medium-dark skin tone, blond hair",,,Nadine Bartel,2019-05-06,4,single,👱‍♂️,1F471-200D-2642-FE0F,4,689
👱🏿‍♂️,1F471-1F3FF-200D-2642-FE0F,people-body,person,"man: dark skin tone, blond hair",,,Nadine Bartel,2019-05-06,5,single,👱‍♂️,1F471-200D-2642-FE0F,4,691
🧓,1F9D3,people-body,person,older person,"adult, elderly, grandparent, old, person, wise","human, person",Johanna Wellnitz,2018-04-18,,single,🧓,1F9D3,5,693
🧓🏻,1F9D3-1F3FB,people-body,person,older person: light skin tone,,,Johanna Wellnitz,2018-04-18,1,single,🧓,1F9D3,5,694
🧓🏼,1F9D3-1F3FC,people-body,person,older person: medium-light skin tone,,,Johanna Wellnitz,2018-04-18,2,single,🧓,1F9D3,5,695
🧓🏽,1F9D3-1F3FD,people-body,person,older person: medium skin tone,,,Johanna Wellnitz,2018-04-18,3,single,🧓,1F9D3,5,696
🧓🏾,1F9D3-1F3FE,people-body,person,older person: medium-dark skin tone,,,Johanna Wellnitz,2018-04-18,4,single,🧓,1F9D3,5,697
🧓🏿,1F9D3-1F3FF,people-body,person,older person: dark skin tone,,,Johanna Wellnitz,2018-04-18,5,single,🧓,1F9D3,5,698
👴,1F474,people-body,person,old man,"adult, bald, elderly, gramps, grandfather, grandpa, man, old, wise","grandpa, human, person",Liz Bravo,2020-12-22,,single,👴,1F474,0.6,699
👴🏻,1F474-1F3FB,people-body,person,old man: light skin tone,,,Liz Bravo,2020-12-22,1,single,👴,1F474,1,700
👴🏼,1F474-1F3FC,people-body,person,old man: medium-light skin tone,,,Liz Bravo,2020-12-22,2,single,👴,1F474,1,701
👴🏽,1F474-1F3FD,people-body,person,old man: medium skin tone,,,Liz Bravo,2020-12-22,3,single,👴,1F474,1,702
👴🏾,1F474-1F3FE,people-body,person,old man: medium-dark skin tone,,,Liz Bravo,2020-12-22,4,single,👴,1F474,1,703
👴🏿,1F474-1F3FF,people-body,person,old man: dark skin tone,,,Liz Bravo,2020-12-22,5,single,👴,1F474,1,704
👵,1F475,people-body,person,old woman,"adult, elderly, grandma, grandmother, granny, lady, old, wise, woman","grandma, human, person",Johanna Wellnitz,2018-04-18,,single,👵,1F475,0.6,705
👵🏻,1F475-1F3FB,people-body,person,old woman: light skin tone,,,Johanna Wellnitz,2018-04-18,1,single,👵,1F475,1,706
👵🏼,1F475-1F3FC,people-body,person,old woman: medium-light skin tone,,,Johanna Wellnitz,2018-04-18,2,single,👵,1F475,1,707
👵🏽,1F475-1F3FD,people-body,person,old woman: medium skin tone,,,Johanna Wellnitz,2018-04-18,3,single,👵,1F475,1,708
👵🏾,1F475-1F3FE,people-body,person,old woman: medium-dark skin tone,,,Johanna Wellnitz,2018-04-18,4,single,👵,1F475,1,709
👵🏿,1F475-1F3FF,people-body,person,old woman: dark skin tone,,,Johanna Wellnitz,2018-04-18,5,single,👵,1F475,1,710
🙍,1F64D,people-body,person-gesture,person frowning,"annoyed, disappointed, disgruntled, disturbed, frown, frowning, frustrated, gesture, irritated, person, upset","negative, angry, head, face",Johanna Wellnitz,2018-04-18,,single,🙍,1F64D,0.6,711
🙍🏻,1F64D-1F3FB,people-body,person-gesture,person frowning: light skin tone,,,Johanna Wellnitz,2018-04-18,1,single,🙍,1F64D,1,712
🙍🏼,1F64D-1F3FC,people-body,person-gesture,person frowning: medium-light skin tone,,,Johanna Wellnitz,2018-04-18,2,single,🙍,1F64D,1,713
🙍🏽,1F64D-1F3FD,people-body,person-gesture,person frowning: medium skin tone,,,Johanna Wellnitz,2018-04-18,3,single,🙍,1F64D,1,714
🙍🏾,1F64D-1F3FE,people-body,person-gesture,person frowning: medium-dark skin tone,,,Johanna Wellnitz,2018-04-18,4,single,🙍,1F64D,1,715
🙍🏿,1F64D-1F3FF,people-body,person-gesture,person frowning: dark skin tone,,,Johanna Wellnitz,2018-04-18,5,single,🙍,1F64D,1,716
🙍‍♂️,1F64D-200D-2642-FE0F,people-body,person-gesture,man frowning,"annoyed, disappointed, disgruntled, disturbed, frown, frowning, frustrated, gesture, irritated, man, upset",,Rifat Erdogan,2019-05-06,,single,🙍‍♂️,1F64D-200D-2642-FE0F,4,717
🙍🏻‍♂️,1F64D-1F3FB-200D-2642-FE0F,people-body,person-gesture,man frowning: light skin tone,,,Rifat Erdogan,2019-05-06,1,single,🙍‍♂️,1F64D-200D-2642-FE0F,4,719
🙍🏼‍♂️,1F64D-1F3FC-200D-2642-FE0F,people-body,person-gesture,man frowning: medium-light skin tone,,,Rifat Erdogan,2019-05-06,2,single,🙍‍♂️,1F64D-200D-2642-FE0F,4,721
🙍🏽‍♂️,1F64D-1F3FD-200D-2642-FE0F,people-body,person-gesture,man frowning: medium skin tone,,,Rifat Erdogan,2019-05-06,3,single,🙍‍♂️,1F64D-200D-2642-FE0F,4,723
🙍🏾‍♂️,1F64D-1F3FE-200D-2642-FE0F,people-body,person-gesture,man frowning: medium-dark skin tone,,,Rifat Erdogan,2019-05-06,4,single,🙍‍♂️,1F64D-200D-2642-FE0F,4,725
🙍🏿‍♂️,1F64D-1F3FF-200D-2642-FE0F,people-body,person-gesture,man frowning: dark skin tone,,,Rifat Erdogan,2019-05-06,5,single,🙍‍♂️,1F64D-200D-2642-FE0F,4,727
🙍‍♀️,1F64D-200D-2640-FE0F,people-body,person-gesture,woman frowning,"annoyed, disappointed, disgruntled, disturbed, frown, frowning, frustrated, gesture, irritated, upset, woman",,Rifat Erdogan,2019-05-06,,single,🙍‍♀️,1F64D-200D-2640-FE0F,4,729
🙍🏻‍♀️,1F64D-1F3FB-200D-2640-FE0F,people-body,person-gesture,woman frowning: light skin tone,,,Rifat Erdogan,2019-05-06,1,single,🙍‍♀️,1F64D-200D-2640-FE0F,4,731
🙍🏼‍♀️,1F64D-1F3FC-200D-2640-FE0F,people-body,person-gesture,woman frowning: medium-light skin tone,,,Rifat Erdogan,2019-05-06,2,single,🙍‍♀️,1F64D-200D-2640-FE0F,4,733
🙍🏽‍♀️,1F64D-1F3FD-200D-2640-FE0F,people-body,person-gesture,woman frowning: medium skin tone,,,Rifat Erdogan,2019-05-06,3,single,🙍‍♀️,1F64D-200D-2640-FE0F,4,735
🙍🏾‍♀️,1F64D-1F3FE-200D-2640-FE0F,people-body,person-gesture,woman frowning: medium-dark skin tone,,,Rifat Erdogan,2019-05-06,4,single,🙍‍♀️,1F64D-200D-2640-FE0F,4,737
🙍🏿‍♀️,1F64D-1F3FF-200D-2640-FE0F,people-body,person-gesture,woman frowning: dark skin tone,,,Rifat Erdogan,2019-05-06,5,single,🙍‍♀️,1F64D-200D-2640-FE0F,4,739
🙎,1F64E,people-body,person-gesture,person pouting,"disappointed, downtrodden, frown, grimace, person, pouting, scowl, sulk, upset, whine","sad, negative, head, face",Johanna Wellnitz,2018-04-18,,single,🙎,1F64E,0.6,741
🙎🏻,1F64E-1F3FB,people-body,person-gesture,person pouting: light skin tone,,,Johanna Wellnitz,2018-04-18,1,single,🙎,1F64E,1,742
🙎🏼,1F64E-1F3FC,people-body,person-gesture,person pouting: medium-light skin tone,,,Johanna Wellnitz,2018-04-18,2,single,🙎,1F64E,1,743
🙎🏽,1F64E-1F3FD,people-body,person-gesture,person pouting: medium skin tone,,,Johanna Wellnitz,2018-04-18,3,single,🙎,1F64E,1,744
🙎🏾,1F64E-1F3FE,people-body,person-gesture,person pouting: medium-dark skin tone,,,Johanna Wellnitz,2018-04-18,4,single,🙎,1F64E,1,745
🙎🏿,1F64E-1F3FF,people-body,person-gesture,person pouting: dark skin tone,,,Johanna Wellnitz,2018-04-18,5,single,🙎,1F64E,1,746
🙎‍♂️,1F64E-200D-2642-FE0F,people-body,person-gesture,man pouting,"disappointed, downtrodden, frown, grimace, man, pouting, scowl, sulk, upset, whine",,Rifat Erdogan,2019-05-06,,single,🙎‍♂️,1F64E-200D-2642-FE0F,4,747
🙎🏻‍♂️,1F64E-1F3FB-200D-2642-FE0F,people-body,person-gesture,man pouting: light skin tone,,,Rifat Erdogan,2019-05-06,1,single,🙎‍♂️,1F64E-200D-2642-FE0F,4,749
🙎🏼‍♂️,1F64E-1F3FC-200D-2642-FE0F,people-body,person-gesture,man pouting: medium-light skin tone,,,Rifat Erdogan,2019-05-06,2,single,🙎‍♂️,1F64E-200D-2642-FE0F,4,751
🙎🏽‍♂️,1F64E-1F3FD-200D-2642-FE0F,people-body,person-gesture,man pouting: medium skin tone,,,Rifat Erdogan,2019-05-06,3,single,🙎‍♂️,1F64E-200D-2642-FE0F,4,753
🙎🏾‍♂️,1F64E-1F3FE-200D-2642-FE0F,people-body,person-gesture,man pouting: medium-dark skin tone,,,Rifat Erdogan,2019-05-06,4,single,🙎‍♂️,1F64E-200D-2642-FE0F,4,755
🙎🏿‍♂️,1F64E-1F3FF-200D-2642-FE0F,people-body,person-gesture,man pouting: dark skin tone,,,Rifat Erdogan,2019-05-06,5,single,🙎‍♂️,1F64E-200D-2642-FE0F,4,757
🙎‍♀️,1F64E-200D-2640-FE0F,people-body,person-gesture,woman pouting,"disappointed, downtrodden, frown, grimace, pouting, scowl, sulk, upset, whine, woman",,Rifat Erdogan,2019-05-06,,single,🙎‍♀️,1F64E-200D-2640-FE0F,4,759
🙎🏻‍♀️,1F64E-1F3FB-200D-2640-FE0F,people-body,person-gesture,woman pouting: light skin tone,,,Rifat Erdogan,2019-05-06,1,single,🙎‍♀️,1F64E-200D-2640-FE0F,4,761
🙎🏼‍♀️,1F64E-1F3FC-200D-2640-FE0F,people-body,person-gesture,woman pouting: medium-light skin tone,,,Rifat Erdogan,2019-05-06,2,single,🙎‍♀️,1F64E-200D-2640-FE0F,4,763
🙎🏽‍♀️,1F64E-1F3FD-200D-2640-FE0F,people-body,person-gesture,woman pouting: medium skin tone,,,Rifat Erdogan,2019-05-06,3,single,🙎‍♀️,1F64E-200D-2640-FE0F,4,765
🙎🏾‍♀️,1F64E-1F3FE-200D-2640-FE0F,people-body,person-gesture,woman pouting: medium-dark skin tone,,,Rifat Erdogan,2019-05-06,4,single,🙎‍♀️,1F64E-200D-2640-FE0F,4,767
🙎🏿‍♀️,1F64E-1F3FF-200D-2640-FE0F,people-body,person-gesture,woman pouting: dark skin tone,,,Rifat Erdogan,2019-05-06,5,single,🙎‍♀️,1F64E-200D-2640-FE0F,4,769
🙅,1F645,people-body,person-gesture,person gesturing NO,"forbidden, gesture, hand, no, not, person, prohibit","human, head, face",Johanna Wellnitz,2018-04-18,,single,🙅,1F645,0.6,771
🙅🏻,1F645-1F3FB,people-body,person-gesture,person gesturing NO: light skin tone,,,Johanna Wellnitz,2018-04-18,1,single,🙅,1F645,1,772
🙅🏼,1F645-1F3FC,people-body,person-gesture,person gesturing NO: medium-light skin tone,,,Johanna Wellnitz,2018-04-18,2,single,🙅,1F645,1,773
🙅🏽,1F645-1F3FD,people-body,person-gesture,person gesturing NO: medium skin tone,,,Johanna Wellnitz,2018-04-18,3,single,🙅,1F645,1,774
🙅🏾,1F645-1F3FE,people-body,person-gesture,person gesturing NO: medium-dark skin tone,,,Johanna Wellnitz,2018-04-18,4,single,🙅,1F645,1,775
🙅🏿,1F645-1F3FF,people-body,person-gesture,person gesturing NO: dark skin tone,,,Johanna Wellnitz,2018-04-18,5,single,🙅,1F645,1,776
🙅‍♂️,1F645-200D-2642-FE0F,people-body,person-gesture,man gesturing NO,"forbidden, gesture, hand, man, no, not, prohibit",,Rifat Erdogan,2019-05-06,,single,🙅‍♂️,1F645-200D-2642-FE0F,4,777
🙅🏻‍♂️,1F645-1F3FB-200D-2642-FE0F,people-body,person-gesture,man gesturing NO: light skin tone,,,Rifat Erdogan,2019-05-06,1,single,🙅‍♂️,1F645-200D-2642-FE0F,4,779
🙅🏼‍♂️,1F645-1F3FC-200D-2642-FE0F,people-body,person-gesture,man gesturing NO: medium-light skin tone,,,Rifat Erdogan,2019-05-06,2,single,🙅‍♂️,1F645-200D-2642-FE0F,4,781
🙅🏽‍♂️,1F645-1F3FD-200D-2642-FE0F,people-body,person-gesture,man gesturing NO: medium skin tone,,,Rifat Erdogan,2019-05-06,3,single,🙅‍♂️,1F645-200D-2642-FE0F,4,783
🙅🏾‍♂️,1F645-1F3FE-200D-2642-FE0F,people-body,person-gesture,man gesturing NO: medium-dark skin tone,,,Rifat Erdogan,2019-05-06,4,single,🙅‍♂️,1F645-200D-2642-FE0F,4,785
🙅🏿‍♂️,1F645-1F3FF-200D-2642-FE0F,people-body,person-gesture,man gesturing NO: dark skin tone,,,Rifat Erdogan,2019-05-06,5,single,🙅‍♂️,1F645-200D-2642-FE0F,4,787
🙅‍♀️,1F645-200D-2640-FE0F,people-body,person-gesture,woman gesturing NO,"forbidden, gesture, hand, no, not, prohibit, woman",,Rifat Erdogan,2019-05-06,,single,🙅‍♀️,1F645-200D-2640-FE0F,4,789
🙅🏻‍♀️,1F645-1F3FB-200D-2640-FE0F,people-body,person-gesture,woman gesturing NO: light skin tone,,,Rifat Erdogan,2019-05-06,1,single,🙅‍♀️,1F645-200D-2640-FE0F,4,791
🙅🏼‍♀️,1F645-1F3FC-200D-2640-FE0F,people-body,person-gesture,woman gesturing NO: medium-light skin tone,,,Rifat Erdogan,2019-05-06,2,single,🙅‍♀️,1F645-200D-2640-FE0F,4,793
🙅🏽‍♀️,1F645-1F3FD-200D-2640-FE0F,people-body,person-gesture,woman gesturing NO: medium skin tone,,,Rifat Erdogan,2019-05-06,3,single,🙅‍♀️,1F645-200D-2640-FE0F,4,795
🙅🏾‍♀️,1F645-1F3FE-200D-2640-FE0F,people-body,person-gesture,woman gesturing NO: medium-dark skin tone,,,Rifat Erdogan,2019-05-06,4,single,🙅‍♀️,1F645-200D-2640-FE0F,4,797
🙅🏿‍♀️,1F645-1F3FF-200D-2640-FE0F,people-body,person-gesture,woman gesturing NO: dark skin tone,,,Rifat Erdogan,2019-05-06,5,single,🙅‍♀️,1F645-200D-2640-FE0F,4,799
🙆,1F646,people-body,person-gesture,person gesturing OK,"exercise, gesture, gesturing, hand, ok, omg, person","human, head, face",Johanna Wellnitz,2018-04-18,,single,🙆,1F646,0.6,801
🙆🏻,1F646-1F3FB,people-body,person-gesture,person gesturing OK: light skin tone,,,Johanna Wellnitz,2018-04-18,1,single,🙆,1F646,1,802
🙆🏼,1F646-1F3FC,people-body,person-gesture,person gesturing OK: medium-light skin tone,,,Johanna Wellnitz,2018-04-18,2,single,🙆,1F646,1,803
🙆🏽,1F646-1F3FD,people-body,person-gesture,person gesturing OK: medium skin tone,,,Johanna Wellnitz,2018-04-18,3,single,🙆,1F646,1,804
🙆🏾,1F646-1F3FE,people-body,person-gesture,person gesturing OK: medium-dark skin tone,,,Johanna Wellnitz,2018-04-18,4,single,🙆,1F646,1,805
🙆🏿,1F646-1F3FF,people-body,person-gesture,person gesturing OK: dark skin tone,,,Johanna Wellnitz,2018-04-18,5,single,🙆,1F646,1,806
🙆‍♂️,1F646-200D-2642-FE0F,people-body,person-gesture,man gesturing OK,"exercise, gesture, gesturing, hand, man, ok, omg",,Rifat Erdogan,2019-05-06,,single,🙆‍♂️,1F646-200D-2642-FE0F,4,807
🙆🏻‍♂️,1F646-1F3FB-200D-2642-FE0F,people-body,person-gesture,man gesturing OK: light skin tone,,,Rifat Erdogan,2019-05-06,1,single,🙆‍♂️,1F646-200D-2642-FE0F,4,809
🙆🏼‍♂️,1F646-1F3FC-200D-2642-FE0F,people-body,person-gesture,man gesturing OK: medium-light skin tone,,,Rifat Erdogan,2019-05-06,2,single,🙆‍♂️,1F646-200D-2642-FE0F,4,811
🙆🏽‍♂️,1F646-1F3FD-200D-2642-FE0F,people-body,person-gesture,man gesturing OK: medium skin tone,,,Rifat Erdogan,2019-05-06,3,single,🙆‍♂️,1F646-200D-2642-FE0F,4,813
🙆🏾‍♂️,1F646-1F3FE-200D-2642-FE0F,people-body,person-gesture,man gesturing OK: medium-dark skin tone,,,Rifat Erdogan,2019-05-06,4,single,🙆‍♂️,1F646-200D-2642-FE0F,4,815
🙆🏿‍♂️,1F646-1F3FF-200D-2642-FE0F,people-body,person-gesture,man gesturing OK: dark skin tone,,,Rifat Erdogan,2019-05-06,5,single,🙆‍♂️,1F646-200D-2642-FE0F,4,817
🙆‍♀️,1F646-200D-2640-FE0F,people-body,person-gesture,woman gesturing OK,"exercise, gesture, gesturing, hand, ok, omg, woman",,Rifat Erdogan,2019-05-06,,single,🙆‍♀️,1F646-200D-2640-FE0F,4,819
🙆🏻‍♀️,1F646-1F3FB-200D-2640-FE0F,people-body,person-gesture,woman gesturing OK: light skin tone,,,Rifat Erdogan,2019-05-06,1,single,🙆‍♀️,1F646-200D-2640-FE0F,4,821
🙆🏼‍♀️,1F646-1F3FC-200D-2640-FE0F,people-body,person-gesture,woman gesturing OK: medium-light skin tone,,,Rifat Erdogan,2019-05-06,2,single,🙆‍♀️,1F646-200D-2640-FE0F,4,823
🙆🏽‍♀️,1F646-1F3FD-200D-2640-FE0F,people-body,person-gesture,woman gesturing OK: medium skin tone,,,Rifat Erdogan,2019-05-06,3,single,🙆‍♀️,1F646-200D-2640-FE0F,4,825
🙆🏾‍♀️,1F646-1F3FE-200D-2640-FE0F,people-body,person-gesture,woman gesturing OK: medium-dark skin tone,,,Rifat Erdogan,2019-05-06,4,single,🙆‍♀️,1F646-200D-2640-FE0F,4,827
🙆🏿‍♀️,1F646-1F3FF-200D-2640-FE0F,people-body,person-gesture,woman gesturing OK: dark skin tone,,,Rifat Erdogan,2019-05-06,5,single,🙆‍♀️,1F646-200D-2640-FE0F,4,829
💁,1F481,people-body,person-gesture,person tipping hand,"fetch, flick, flip, gossip, hand, person, sarcasm, sarcastic, sassy, seriously, tipping, whatever","human, head, face",Johanna Wellnitz,2018-04-18,,single,💁,1F481,0.6,831
💁🏻,1F481-1F3FB,people-body,person-gesture,person tipping hand: light skin tone,,,Johanna Wellnitz,2018-04-18,1,single,💁,1F481,1,832
💁🏼,1F481-1F3FC,people-body,person-gesture,person tipping hand: medium-light skin tone,,,Johanna Wellnitz,2018-04-18,2,single,💁,1F481,1,833
💁🏽,1F481-1F3FD,people-body,person-gesture,person tipping hand: medium skin tone,,,Johanna Wellnitz,2018-04-18,3,single,💁,1F481,1,834
💁🏾,1F481-1F3FE,people-body,person-gesture,person tipping hand: medium-dark skin tone,,,Johanna Wellnitz,2018-04-18,4,single,💁,1F481,1,835
💁🏿,1F481-1F3FF,people-body,person-gesture,person tipping hand: dark skin tone,,,Johanna Wellnitz,2018-04-18,5,single,💁,1F481,1,836
💁‍♂️,1F481-200D-2642-FE0F,people-body,person-gesture,man tipping hand,"fetch, flick, flip, gossip, hand, man, sarcasm, sarcastic, sassy, seriously, tipping, whatever",,Rifat Erdogan,2019-05-06,,single,💁‍♂️,1F481-200D-2642-FE0F,4,837
💁🏻‍♂️,1F481-1F3FB-200D-2642-FE0F,people-body,person-gesture,man tipping hand: light skin tone,,,Rifat Erdogan,2019-05-06,1,single,💁‍♂️,1F481-200D-2642-FE0F,4,839
💁🏼‍♂️,1F481-1F3FC-200D-2642-FE0F,people-body,person-gesture,man tipping hand: medium-light skin tone,,,Rifat Erdogan,2019-05-06,2,single,💁‍♂️,1F481-200D-2642-FE0F,4,841
💁🏽‍♂️,1F481-1F3FD-200D-2642-FE0F,people-body,person-gesture,man tipping hand: medium skin tone,,,Rifat Erdogan,2019-05-06,3,single,💁‍♂️,1F481-200D-2642-FE0F,4,843
💁🏾‍♂️,1F481-1F3FE-200D-2642-FE0F,people-body,person-gesture,man tipping hand: medium-dark skin tone,,,Rifat Erdogan,2019-05-06,4,single,💁‍♂️,1F481-200D-2642-FE0F,4,845
💁🏿‍♂️,1F481-1F3FF-200D-2642-FE0F,people-body,person-gesture,man tipping hand: dark skin tone,,,Rifat Erdogan,2019-05-06,5,single,💁‍♂️,1F481-200D-2642-FE0F,4,847
💁‍♀️,1F481-200D-2640-FE0F,people-body,person-gesture,woman tipping hand,"fetch, flick, flip, gossip, hand, sarcasm, sarcastic, sassy, seriously, tipping, whatever, woman",,Rifat Erdogan,2019-05-06,,single,💁‍♀️,1F481-200D-2640-FE0F,4,849
💁🏻‍♀️,1F481-1F3FB-200D-2640-FE0F,people-body,person-gesture,woman tipping hand: light skin tone,,,Rifat Erdogan,2019-05-06,1,single,💁‍♀️,1F481-200D-2640-FE0F,4,851
💁🏼‍♀️,1F481-1F3FC-200D-2640-FE0F,people-body,person-gesture,woman tipping hand: medium-light skin tone,,,Rifat Erdogan,2019-05-06,2,single,💁‍♀️,1F481-200D-2640-FE0F,4,853
💁🏽‍♀️,1F481-1F3FD-200D-2640-FE0F,people-body,person-gesture,woman tipping hand: medium skin tone,,,Rifat Erdogan,2019-05-06,3,single,💁‍♀️,1F481-200D-2640-FE0F,4,855
💁🏾‍♀️,1F481-1F3FE-200D-2640-FE0F,people-body,person-gesture,woman tipping hand: medium-dark skin tone,,,Rifat Erdogan,2019-05-06,4,single,💁‍♀️,1F481-200D-2640-FE0F,4,857
💁🏿‍♀️,1F481-1F3FF-200D-2640-FE0F,people-body,person-gesture,woman tipping hand: dark skin tone,,,Rifat Erdogan,2019-05-06,5,single,💁‍♀️,1F481-200D-2640-FE0F,4,859
🙋,1F64B,people-body,person-gesture,person raising hand,"gesture, hand, here, know, me, person, pick, question, raise, raising","human, head, face",Johanna Wellnitz,2018-04-18,,single,🙋,1F64B,0.6,861
🙋🏻,1F64B-1F3FB,people-body,person-gesture,person raising hand: light skin tone,,,Johanna Wellnitz,2018-04-18,1,single,🙋,1F64B,1,862
🙋🏼,1F64B-1F3FC,people-body,person-gesture,person raising hand: medium-light skin tone,,,Johanna Wellnitz,2018-04-18,2,single,🙋,1F64B,1,863
🙋🏽,1F64B-1F3FD,people-body,person-gesture,person raising hand: medium skin tone,,,Johanna Wellnitz,2018-04-18,3,single,🙋,1F64B,1,864
🙋🏾,1F64B-1F3FE,people-body,person-gesture,person raising hand: medium-dark skin tone,,,Johanna Wellnitz,2018-04-18,4,single,🙋,1F64B,1,865
🙋🏿,1F64B-1F3FF,people-body,person-gesture,person raising hand: dark skin tone,,,Johanna Wellnitz,2018-04-18,5,single,🙋,1F64B,1,866
🙋‍♂️,1F64B-200D-2642-FE0F,people-body,person-gesture,man raising hand,"gesture, hand, here, know, man, me, pick, question, raise, raising",,Rifat Erdogan,2019-05-06,,single,🙋‍♂️,1F64B-200D-2642-FE0F,4,867
🙋🏻‍♂️,1F64B-1F3FB-200D-2642-FE0F,people-body,person-gesture,man raising hand: light skin tone,,,Rifat Erdogan,2019-05-06,1,single,🙋‍♂️,1F64B-200D-2642-FE0F,4,869
🙋🏼‍♂️,1F64B-1F3FC-200D-2642-FE0F,people-body,person-gesture,man raising hand: medium-light skin tone,,,Rifat Erdogan,2019-05-06,2,single,🙋‍♂️,1F64B-200D-2642-FE0F,4,871
🙋🏽‍♂️,1F64B-1F3FD-200D-2642-FE0F,people-body,person-gesture,man raising hand: medium skin tone,,,Rifat Erdogan,2019-05-06,3,single,🙋‍♂️,1F64B-200D-2642-FE0F,4,873
🙋🏾‍♂️,1F64B-1F3FE-200D-2642-FE0F,people-body,person-gesture,man raising hand: medium-dark skin tone,,,Rifat Erdogan,2019-05-06,4,single,🙋‍♂️,1F64B-200D-2642-FE0F,4,875
🙋🏿‍♂️,1F64B-1F3FF-200D-2642-FE0F,people-body,person-gesture,man raising hand: dark skin tone,,,Rifat Erdogan,2019-05-06,5,single,🙋‍♂️,1F64B-200D-2642-FE0F,4,877
🙋‍♀️,1F64B-200D-2640-FE0F,people-body,person-gesture,woman raising hand,"gesture, hand, here, know, me, pick, question, raise, raising, woman",,Rifat Erdogan,2019-05-06,,single,🙋‍♀️,1F64B-200D-2640-FE0F,4,879
🙋🏻‍♀️,1F64B-1F3FB-200D-2640-FE0F,people-body,person-gesture,woman raising hand: light skin tone,,,Rifat Erdogan,2019-05-06,1,single,🙋‍♀️,1F64B-200D-2640-FE0F,4,881
🙋🏼‍♀️,1F64B-1F3FC-200D-2640-FE0F,people-body,person-gesture,woman raising hand: medium-light skin tone,,,Rifat Erdogan,2019-05-06,2,single,🙋‍♀️,1F64B-200D-2640-FE0F,4,883
🙋🏽‍♀️,1F64B-1F3FD-200D-2640-FE0F,people-body,person-gesture,woman raising hand: medium skin tone,,,Rifat Erdogan,2019-05-06,3,single,🙋‍♀️,1F64B-200D-2640-FE0F,4,885
🙋🏾‍♀️,1F64B-1F3FE-200D-2640-FE0F,people-body,person-gesture,woman raising hand: medium-dark skin tone,,,Rifat Erdogan,2019-05-06,4,single,🙋‍♀️,1F64B-200D-2640-FE0F,4,887
🙋🏿‍♀️,1F64B-1F3FF-200D-2640-FE0F,people-body,person-gesture,woman raising hand: dark skin tone,,,Rifat Erdogan,2019-05-06,5,single,🙋‍♀️,1F64B-200D-2640-FE0F,4,889
🧏,1F9CF,people-body,person-gesture,deaf person,"accessibility, deaf, ear, gesture, hear, person",,Laura Dworatschek,2019-05-06,,single,🧏,1F9CF,12,891
🧏🏻,1F9CF-1F3FB,people-body,person-gesture,deaf person: light skin tone,,,Laura Dworatschek,2019-05-06,1,single,🧏,1F9CF,12,892
🧏🏼,1F9CF-1F3FC,people-body,person-gesture,deaf person: medium-light skin tone,,,Laura Dworatschek,2019-05-06,2,single,🧏,1F9CF,12,893
🧏🏽,1F9CF-1F3FD,people-body,person-gesture,deaf person: medium skin tone,,,Laura Dworatschek,2019-05-06,3,single,🧏,1F9CF,12,894
🧏🏾,1F9CF-1F3FE,people-body,person-gesture,deaf person: medium-dark skin tone,,,Laura Dworatschek,2019-05-06,4,single,🧏,1F9CF,12,895
🧏🏿,1F9CF-1F3FF,people-body,person-gesture,deaf person: dark skin tone,,,Laura Dworatschek,2019-05-06,5,single,🧏,1F9CF,12,896
🧏‍♂️,1F9CF-200D-2642-FE0F,people-body,person-gesture,deaf man,"accessibility, deaf, ear, gesture, hear, man",,Laura Dworatschek,2019-05-13,,single,🧏‍♂️,1F9CF-200D-2642-FE0F,12,897
🧏🏻‍♂️,1F9CF-1F3FB-200D-2642-FE0F,people-body,person-gesture,deaf man: light skin tone,,,Laura Dworatschek,2019-05-13,1,single,🧏‍♂️,1F9CF-200D-2642-FE0F,12,899
🧏🏼‍♂️,1F9CF-1F3FC-200D-2642-FE0F,people-body,person-gesture,deaf man: medium-light skin tone,,,Laura Dworatschek,2019-05-13,2,single,🧏‍♂️,1F9CF-200D-2642-FE0F,12,901
🧏🏽‍♂️,1F9CF-1F3FD-200D-2642-FE0F,people-body,person-gesture,deaf man: medium skin tone,,,Laura Dworatschek,2019-05-13,3,single,🧏‍♂️,1F9CF-200D-2642-FE0F,12,903
🧏🏾‍♂️,1F9CF-1F3FE-200D-2642-FE0F,people-body,person-gesture,deaf man: medium-dark skin tone,,,Laura Dworatschek,2019-05-13,4,single,🧏‍♂️,1F9CF-200D-2642-FE0F,12,905
🧏🏿‍♂️,1F9CF-1F3FF-200D-2642-FE0F,people-body,person-gesture,deaf man: dark skin tone,,,Laura Dworatschek,2019-05-13,5,single,🧏‍♂️,1F9CF-200D-2642-FE0F,12,907
🧏‍♀️,1F9CF-200D-2640-FE0F,people-body,person-gesture,deaf woman,"accessibility, deaf, ear, gesture, hear, woman",,Laura Dworatschek,2019-05-13,,single,🧏‍♀️,1F9CF-200D-2640-FE0F,12,909
🧏🏻‍♀️,1F9CF-1F3FB-200D-2640-FE0F,people-body,person-gesture,deaf woman: light skin tone,,,Laura Dworatschek,2019-05-13,1,single,🧏‍♀️,1F9CF-200D-2640-FE0F,12,911
🧏🏼‍♀️,1F9CF-1F3FC-200D-2640-FE0F,people-body,person-gesture,deaf woman: medium-light skin tone,,,Laura Dworatschek,2019-05-13,2,single,🧏‍♀️,1F9CF-200D-2640-FE0F,12,913
🧏🏽‍♀️,1F9CF-1F3FD-200D-2640-FE0F,people-body,person-gesture,deaf woman: medium skin tone,,,Laura Dworatschek,2019-05-13,3,single,🧏‍♀️,1F9CF-200D-2640-FE0F,12,915
🧏🏾‍♀️,1F9CF-1F3FE-200D-2640-FE0F,people-body,person-gesture,deaf woman: medium-dark skin tone,,,Laura Dworatschek,2019-05-13,4,single,🧏‍♀️,1F9CF-200D-2640-FE0F,12,917
🧏🏿‍♀️,1F9CF-1F3FF-200D-2640-FE0F,people-body,person-gesture,deaf woman: dark skin tone,,,Laura Dworatschek,2019-05-13,5,single,🧏‍♀️,1F9CF-200D-2640-FE0F,12,919
🙇,1F647,people-body,person-gesture,person bowing,"apology, ask, beg, bow, bowing, favor, forgive, gesture, meditate, meditation, person, pity, regret, sorry","human, head, face",Johanna Wellnitz,2018-04-18,,single,🙇,1F647,0.6,921
🙇🏻,1F647-1F3FB,people-body,person-gesture,person bowing: light skin tone,,,Johanna Wellnitz,2018-04-18,1,single,🙇,1F647,1,922
🙇🏼,1F647-1F3FC,people-body,person-gesture,person bowing: medium-light skin tone,,,Johanna Wellnitz,2018-04-18,2,single,🙇,1F647,1,923
🙇🏽,1F647-1F3FD,people-body,person-gesture,person bowing: medium skin tone,,,Johanna Wellnitz,2018-04-18,3,single,🙇,1F647,1,924
🙇🏾,1F647-1F3FE,people-body,person-gesture,person bowing: medium-dark skin tone,,,Johanna Wellnitz,2018-04-18,4,single,🙇,1F647,1,925
🙇🏿,1F647-1F3FF,people-body,person-gesture,person bowing: dark skin tone,,,Johanna Wellnitz,2018-04-18,5,single,🙇,1F647,1,926
🙇‍♂️,1F647-200D-2642-FE0F,people-body,person-gesture,man bowing,"apology, ask, beg, bow, bowing, favor, forgive, gesture, man, meditate, meditation, pity, regret, sorry",,Rifat Erdogan,2019-05-06,,single,🙇‍♂️,1F647-200D-2642-FE0F,4,927
🙇🏻‍♂️,1F647-1F3FB-200D-2642-FE0F,people-body,person-gesture,man bowing: light skin tone,,,Rifat Erdogan,2019-05-06,1,single,🙇‍♂️,1F647-200D-2642-FE0F,4,929
🙇🏼‍♂️,1F647-1F3FC-200D-2642-FE0F,people-body,person-gesture,man bowing: medium-light skin tone,,,Rifat Erdogan,2019-05-06,2,single,🙇‍♂️,1F647-200D-2642-FE0F,4,931
🙇🏽‍♂️,1F647-1F3FD-200D-2642-FE0F,people-body,person-gesture,man bowing: medium skin tone,,,Rifat Erdogan,2019-05-06,3,single,🙇‍♂️,1F647-200D-2642-FE0F,4,933
🙇🏾‍♂️,1F647-1F3FE-200D-2642-FE0F,people-body,person-gesture,man bowing: medium-dark skin tone,,,Rifat Erdogan,2019-05-06,4,single,🙇‍♂️,1F647-200D-2642-FE0F,4,935
🙇🏿‍♂️,1F647-1F3FF-200D-2642-FE0F,people-body,person-gesture,man bowing: dark skin tone,,,Rifat Erdogan,2019-05-06,5,single,🙇‍♂️,1F647-200D-2642-FE0F,4,937
🙇‍♀️,1F647-200D-2640-FE0F,people-body,person-gesture,woman bowing,"apology, ask, beg, bow, bowing, favor, forgive, gesture, meditate, meditation, pity, regret, sorry, woman",,Rifat Erdogan,2019-05-06,,single,🙇‍♀️,1F647-200D-2640-FE0F,4,939
🙇🏻‍♀️,1F647-1F3FB-200D-2640-FE0F,people-body,person-gesture,woman bowing: light skin tone,,,Rifat Erdogan,2019-05-06,1,single,🙇‍♀️,1F647-200D-2640-FE0F,4,941
🙇🏼‍♀️,1F647-1F3FC-200D-2640-FE0F,people-body,person-gesture,woman bowing: medium-light skin tone,,,Rifat Erdogan,2019-05-06,2,single,🙇‍♀️,1F647-200D-2640-FE0F,4,943
🙇🏽‍♀️,1F647-1F3FD-200D-2640-FE0F,people-body,person-gesture,woman bowing: medium skin tone,,,Rifat Erdogan,2019-05-06,3,single,🙇‍♀️,1F647-200D-2640-FE0F,4,945
🙇🏾‍♀️,1F647-1F3FE-200D-2640-FE0F,people-body,person-gesture,woman bowing: medium-dark skin tone,,,Rifat Erdogan,2019-05-06,4,single,🙇‍♀️,1F647-200D-2640-FE0F,4,947
🙇🏿‍♀️,1F647-1F3FF-200D-2640-FE0F,people-body,person-gesture,woman bowing: dark skin tone,,,Rifat Erdogan,2019-05-06,5,single,🙇‍♀️,1F647-200D-2640-FE0F,4,949
🤦,1F926,people-body,person-gesture,person facepalming,"again, bewilder, disbelief, exasperation, facepalm, no, not, oh, omg, person, shock, smh","facepalm, human, head, face",Johanna Wellnitz,2018-04-18,,single,🤦,1F926,3,951
🤦🏻,1F926-1F3FB,people-body,person-gesture,person facepalming: light skin tone,,,Johanna Wellnitz,2018-04-18,1,single,🤦,1F926,3,952
🤦🏼,1F926-1F3FC,people-body,person-gesture,person facepalming: medium-light skin tone,,,Johanna Wellnitz,2018-04-18,2,single,🤦,1F926,3,953
🤦🏽,1F926-1F3FD,people-body,person-gesture,person facepalming: medium skin tone,,,Johanna Wellnitz,2018-04-18,3,single,🤦,1F926,3,954
🤦🏾,1F926-1F3FE,people-body,person-gesture,person facepalming: medium-dark skin tone,,,Johanna Wellnitz,2018-04-18,4,single,🤦,1F926,3,955
🤦🏿,1F926-1F3FF,people-body,person-gesture,person facepalming: dark skin tone,,,Johanna Wellnitz,2018-04-18,5,single,🤦,1F926,3,956
🤦‍♂️,1F926-200D-2642-FE0F,people-body,person-gesture,man facepalming,"again, bewilder, disbelief, exasperation, facepalm, man, no, not, oh, omg, shock, smh","facepalm, head, face",Johanna Wellnitz,2018-04-18,,single,🤦‍♂️,1F926-200D-2642-FE0F,4,957
🤦🏻‍♂️,1F926-1F3FB-200D-2642-FE0F,people-body,person-gesture,man facepalming: light skin tone,,,Johanna Wellnitz,2018-04-18,1,single,🤦‍♂️,1F926-200D-2642-FE0F,4,959
🤦🏼‍♂️,1F926-1F3FC-200D-2642-FE0F,people-body,person-gesture,man facepalming: medium-light skin tone,,,Johanna Wellnitz,2018-04-18,2,single,🤦‍♂️,1F926-200D-2642-FE0F,4,961
🤦🏽‍♂️,1F926-1F3FD-200D-2642-FE0F,people-body,person-gesture,man facepalming: medium skin tone,,,Johanna Wellnitz,2018-04-18,3,single,🤦‍♂️,1F926-200D-2642-FE0F,4,963
🤦🏾‍♂️,1F926-1F3FE-200D-2642-FE0F,people-body,person-gesture,man facepalming: medium-dark skin tone,,,Johanna Wellnitz,2018-04-18,4,single,🤦‍♂️,1F926-200D-2642-FE0F,4,965
🤦🏿‍♂️,1F926-1F3FF-200D-2642-FE0F,people-body,person-gesture,man facepalming: dark skin tone,,,Johanna Wellnitz,2018-04-18,5,single,🤦‍♂️,1F926-200D-2642-FE0F,4,967
🤦‍♀️,1F926-200D-2640-FE0F,people-body,person-gesture,woman facepalming,"again, bewilder, disbelief, exasperation, facepalm, no, not, oh, omg, shock, smh, woman","facepalm, head, face",Johanna Wellnitz,2018-04-18,,single,🤦‍♀️,1F926-200D-2640-FE0F,4,969
🤦🏻‍♀️,1F926-1F3FB-200D-2640-FE0F,people-body,person-gesture,woman facepalming: light skin tone,,,Johanna Wellnitz,2018-04-18,1,single,🤦‍♀️,1F926-200D-2640-FE0F,4,971
🤦🏼‍♀️,1F926-1F3FC-200D-2640-FE0F,people-body,person-gesture,woman facepalming: medium-light skin tone,,,Johanna Wellnitz,2018-04-18,2,single,🤦‍♀️,1F926-200D-2640-FE0F,4,973
🤦🏽‍♀️,1F926-1F3FD-200D-2640-FE0F,people-body,person-gesture,woman facepalming: medium skin tone,,,Johanna Wellnitz,2018-04-18,3,single,🤦‍♀️,1F926-200D-2640-FE0F,4,975
🤦🏾‍♀️,1F926-1F3FE-200D-2640-FE0F,people-body,person-gesture,woman facepalming: medium-dark skin tone,,,Johanna Wellnitz,2018-04-18,4,single,🤦‍♀️,1F926-200D-2640-FE0F,4,977
🤦🏿‍♀️,1F926-1F3FF-200D-2640-FE0F,people-body,person-gesture,woman facepalming: dark skin tone,,,Johanna Wellnitz,2018-04-18,5,single,🤦‍♀️,1F926-200D-2640-FE0F,4,979
🤷,1F937,people-body,person-gesture,person shrugging,"doubt, dunno, guess, idk, ignorance, indifference, knows, maybe, person, shrug, shrugging, whatever, who","human, head, face",Johanna Wellnitz,2018-04-18,,single,🤷,1F937,3,981
🤷🏻,1F937-1F3FB,people-body,person-gesture,person shrugging: light skin tone,,,Johanna Wellnitz,2018-04-18,1,single,🤷,1F937,3,982
🤷🏼,1F937-1F3FC,people-body,person-gesture,person shrugging: medium-light skin tone,,,Johanna Wellnitz,2018-04-18,2,single,🤷,1F937,3,983
🤷🏽,1F937-1F3FD,people-body,person-gesture,person shrugging: medium skin tone,,,Johanna Wellnitz,2018-04-18,3,single,🤷,1F937,3,984
🤷🏾,1F937-1F3FE,people-body,person-gesture,person shrugging: medium-dark skin tone,,,Johanna Wellnitz,2018-04-18,4,single,🤷,1F937,3,985
🤷🏿,1F937-1F3FF,people-body,person-gesture,person shrugging: dark skin tone,,,Johanna Wellnitz,2018-04-18,5,single,🤷,1F937,3,986
🤷‍♂️,1F937-200D-2642-FE0F,people-body,person-gesture,man shrugging,"doubt, dunno, guess, idk, ignorance, indifference, knows, man, maybe, shrug, shrugging, whatever, who",,Rifat Erdogan,2019-05-06,,single,🤷‍♂️,1F937-200D-2642-FE0F,4,987
🤷🏻‍♂️,1F937-1F3FB-200D-2642-FE0F,people-body,person-gesture,man shrugging: light skin tone,,,Rifat Erdogan,2019-05-06,1,single,🤷‍♂️,1F937-200D-2642-FE0F,4,989
🤷🏼‍♂️,1F937-1F3FC-200D-2642-FE0F,people-body,person-gesture,man shrugging: medium-light skin tone,,,Rifat Erdogan,2019-05-06,2,single,🤷‍♂️,1F937-200D-2642-FE0F,4,991
🤷🏽‍♂️,1F937-1F3FD-200D-2642-FE0F,people-body,person-gesture,man shrugging: medium skin tone,,,Rifat Erdogan,2019-05-06,3,single,🤷‍♂️,1F937-200D-2642-FE0F,4,993
🤷🏾‍♂️,1F937-1F3FE-200D-2642-FE0F,people-body,person-gesture,man shrugging: medium-dark skin tone,,,Rifat Erdogan,2019-05-06,4,single,🤷‍♂️,1F937-200D-2642-FE0F,4,995
🤷🏿‍♂️,1F937-1F3FF-200D-2642-FE0F,people-body,person-gesture,man shrugging: dark skin tone,,,Rifat Erdogan,2019-05-06,5,single,🤷‍♂️,1F937-200D-2642-FE0F,4,997
🤷‍♀️,1F937-200D-2640-FE0F,people-body,person-gesture,woman shrugging,"doubt, dunno, guess, idk, ignorance, indifference, knows, maybe, shrug, shrugging, whatever, who, woman",,Rifat Erdogan,2019-05-06,,single,🤷‍♀️,1F937-200D-2640-FE0F,4,999
🤷🏻‍♀️,1F937-1F3FB-200D-2640-FE0F,people-body,person-gesture,woman shrugging: light skin tone,,,Rifat Erdogan,2019-05-06,1,single,🤷‍♀️,1F937-200D-2640-FE0F,4,1001
🤷🏼‍♀️,1F937-1F3FC-200D-2640-FE0F,people-body,person-gesture,woman shrugging: medium-light skin tone,,,Rifat Erdogan,2019-05-06,2,single,🤷‍♀️,1F937-200D-2640-FE0F,4,1003
🤷🏽‍♀️,1F937-1F3FD-200D-2640-FE0F,people-body,person-gesture,woman shrugging: medium skin tone,,,Rifat Erdogan,2019-05-06,3,single,🤷‍♀️,1F937-200D-2640-FE0F,4,1005
🤷🏾‍♀️,1F937-1F3FE-200D-2640-FE0F,people-body,person-gesture,woman shrugging: medium-dark skin tone,,,Rifat Erdogan,2019-05-06,4,single,🤷‍♀️,1F937-200D-2640-FE0F,4,1007
🤷🏿‍♀️,1F937-1F3FF-200D-2640-FE0F,people-body,person-gesture,woman shrugging: dark skin tone,,,Rifat Erdogan,2019-05-06,5,single,🤷‍♀️,1F937-200D-2640-FE0F,4,1009
🧑‍⚕️,1F9D1-200D-2695-FE0F,people-body,person-role,health worker,"doctor, health, healthcare, nurse, therapist, worker",,Benedikt Groß,2020-01-15,,single,🧑‍⚕️,1F9D1-200D-2695-FE0F,12.1,1011
🧑🏻‍⚕️,1F9D1-1F3FB-200D-2695-FE0F,people-body,person-role,health worker: light skin tone,,,Benedikt Groß,2020-01-15,1,single,🧑‍⚕️,1F9D1-200D-2695-FE0F,12.1,1013
🧑🏼‍⚕️,1F9D1-1F3FC-200D-2695-FE0F,people-body,person-role,health worker: medium-light skin tone,,,Benedikt Groß,2020-01-15,2,single,🧑‍⚕️,1F9D1-200D-2695-FE0F,12.1,1015
🧑🏽‍⚕️,1F9D1-1F3FD-200D-2695-FE0F,people-body,person-role,health worker: medium skin tone,,,Benedikt Groß,2020-01-15,3,single,🧑‍⚕️,1F9D1-200D-2695-FE0F,12.1,1017
🧑🏾‍⚕️,1F9D1-1F3FE-200D-2695-FE0F,people-body,person-role,health worker: medium-dark skin tone,,,Benedikt Groß,2020-01-15,4,single,🧑‍⚕️,1F9D1-200D-2695-FE0F,12.1,1019
🧑🏿‍⚕️,1F9D1-1F3FF-200D-2695-FE0F,people-body,person-role,health worker: dark skin tone,,,Benedikt Groß,2020-01-15,5,single,🧑‍⚕️,1F9D1-200D-2695-FE0F,12.1,1021
👨‍⚕️,1F468-200D-2695-FE0F,people-body,person-role,man health worker,"doctor, health, healthcare, man, nurse, therapist, worker","doctor, healthcare, man, nurse, therapist, stethoscope, doctor smock",Lisa Thiel,2018-04-18,,single,👨‍⚕️,1F468-200D-2695-FE0F,4,1023
👨🏻‍⚕️,1F468-1F3FB-200D-2695-FE0F,people-body,person-role,man health worker: light skin tone,,,Lisa Thiel,2018-04-18,1,single,👨‍⚕️,1F468-200D-2695-FE0F,4,1025
👨🏼‍⚕️,1F468-1F3FC-200D-2695-FE0F,people-body,person-role,man health worker: medium-light skin tone,,,Lisa Thiel,2018-04-18,2,single,👨‍⚕️,1F468-200D-2695-FE0F,4,1027
👨🏽‍⚕️,1F468-1F3FD-200D-2695-FE0F,people-body,person-role,man health worker: medium skin tone,,,Lisa Thiel,2018-04-18,3,single,👨‍⚕️,1F468-200D-2695-FE0F,4,1029
👨🏾‍⚕️,1F468-1F3FE-200D-2695-FE0F,people-body,person-role,man health worker: medium-dark skin tone,,,Lisa Thiel,2018-04-18,4,single,👨‍⚕️,1F468-200D-2695-FE0F,4,1031
👨🏿‍⚕️,1F468-1F3FF-200D-2695-FE0F,people-body,person-role,man health worker: dark skin tone,,,Lisa Thiel,2018-04-18,5,single,👨‍⚕️,1F468-200D-2695-FE0F,4,1033
👩‍⚕️,1F469-200D-2695-FE0F,people-body,person-role,woman health worker,"doctor, health, healthcare, nurse, therapist, woman, worker","doctor, healthcare, woman, nurse, therapist, stethoscope, doctor smock",Lisa Thiel,2018-04-18,,single,👩‍⚕️,1F469-200D-2695-FE0F,4,1035
👩🏻‍⚕️,1F469-1F3FB-200D-2695-FE0F,people-body,person-role,woman health worker: light skin tone,,,Lisa Thiel,2018-04-18,1,single,👩‍⚕️,1F469-200D-2695-FE0F,4,1037
👩🏼‍⚕️,1F469-1F3FC-200D-2695-FE0F,people-body,person-role,woman health worker: medium-light skin tone,,,Lisa Thiel,2018-04-18,2,single,👩‍⚕️,1F469-200D-2695-FE0F,4,1039
👩🏽‍⚕️,1F469-1F3FD-200D-2695-FE0F,people-body,person-role,woman health worker: medium skin tone,,,Lisa Thiel,2018-04-18,3,single,👩‍⚕️,1F469-200D-2695-FE0F,4,1041
👩🏾‍⚕️,1F469-1F3FE-200D-2695-FE0F,people-body,person-role,woman health worker: medium-dark skin tone,,,Lisa Thiel,2018-04-18,4,single,👩‍⚕️,1F469-200D-2695-FE0F,4,1043
👩🏿‍⚕️,1F469-1F3FF-200D-2695-FE0F,people-body,person-role,woman health worker: dark skin tone,,,Lisa Thiel,2018-04-18,5,single,👩‍⚕️,1F469-200D-2695-FE0F,4,1045
🧑‍🎓,1F9D1-200D-1F393,people-body,person-role,student,graduate,,Benedikt Groß,2020-01-15,,single,🧑‍🎓,1F9D1-200D-1F393,12.1,1047
🧑🏻‍🎓,1F9D1-1F3FB-200D-1F393,people-body,person-role,student: light skin tone,,,Benedikt Groß,2020-01-15,1,single,🧑‍🎓,1F9D1-200D-1F393,12.1,1048
🧑🏼‍🎓,1F9D1-1F3FC-200D-1F393,people-body,person-role,student: medium-light skin tone,,,Benedikt Groß,2020-01-15,2,single,🧑‍🎓,1F9D1-200D-1F393,12.1,1049
🧑🏽‍🎓,1F9D1-1F3FD-200D-1F393,people-body,person-role,student: medium skin tone,,,Benedikt Groß,2020-01-15,3,single,🧑‍🎓,1F9D1-200D-1F393,12.1,1050
🧑🏾‍🎓,1F9D1-1F3FE-200D-1F393,people-body,person-role,student: medium-dark skin tone,,,Benedikt Groß,2020-01-15,4,single,🧑‍🎓,1F9D1-200D-1F393,12.1,1051
🧑🏿‍🎓,1F9D1-1F3FF-200D-1F393,people-body,person-role,student: dark skin tone,,,Benedikt Groß,2020-01-15,5,single,🧑‍🎓,1F9D1-200D-1F393,12.1,1052
👨‍🎓,1F468-200D-1F393,people-body,person-role,man student,"graduate, man, student","graduate, man, student, black robe, collegian, undergraduate, graduation",Lisa Thiel,2018-04-18,,single,👨‍🎓,1F468-200D-1F393,4,1053
👨🏻‍🎓,1F468-1F3FB-200D-1F393,people-body,person-role,man student: light skin tone,,,Lisa Thiel,2018-04-18,1,single,👨‍🎓,1F468-200D-1F393,4,1054
👨🏼‍🎓,1F468-1F3FC-200D-1F393,people-body,person-role,man student: medium-light skin tone,,,Lisa Thiel,2018-04-18,2,single,👨‍🎓,1F468-200D-1F393,4,1055
👨🏽‍🎓,1F468-1F3FD-200D-1F393,people-body,person-role,man student: medium skin tone,,,Lisa Thiel,2018-04-18,3,single,👨‍🎓,1F468-200D-1F393,4,1056
👨🏾‍🎓,1F468-1F3FE-200D-1F393,people-body,person-role,man student: medium-dark skin tone,,,Lisa Thiel,2018-04-18,4,single,👨‍🎓,1F468-200D-1F393,4,1057
👨🏿‍🎓,1F468-1F3FF-200D-1F393,people-body,person-role,man student: dark skin tone,,,Lisa Thiel,2018-04-18,5,single,👨‍🎓,1F468-200D-1F393,4,1058
👩‍🎓,1F469-200D-1F393,people-body,person-role,woman student,"graduate, student, woman","graduate, woman, student, black robe, collegian, undergraduate, graduation",Lisa Thiel,2018-04-18,,single,👩‍🎓,1F469-200D-1F393,4,1059
👩🏻‍🎓,1F469-1F3FB-200D-1F393,people-body,person-role,woman student: light skin tone,,,Lisa Thiel,2018-04-18,1,single,👩‍🎓,1F469-200D-1F393,4,1060
👩🏼‍🎓,1F469-1F3FC-200D-1F393,people-body,person-role,woman student: medium-light skin tone,,,Lisa Thiel,2018-04-18,2,single,👩‍🎓,1F469-200D-1F393,4,1061
👩🏽‍🎓,1F469-1F3FD-200D-1F393,people-body,person-role,woman student: medium skin tone,,,Lisa Thiel,2018-04-18,3,single,👩‍🎓,1F469-200D-1F393,4,1062
👩🏾‍🎓,1F469-1F3FE-200D-1F393,people-body,person-role,woman student: medium-dark skin tone,,,Lisa Thiel,2018-04-18,4,single,👩‍🎓,1F469-200D-1F393,4,1063
👩🏿‍🎓,1F469-1F3FF-200D-1F393,people-body,person-role,woman student: dark skin tone,,,Lisa Thiel,2018-04-18,5,single,👩‍🎓,1F469-200D-1F393,4,1064
🧑‍🏫,1F9D1-200D-1F3EB,people-body,person-role,teacher,"instructor, lecturer, professor",,Benedikt Groß,2020-01-15,,single,🧑‍🏫,1F9D1-200D-1F3EB,12.1,1065
🧑🏻‍🏫,1F9D1-1F3FB-200D-1F3EB,people-body,person-role,teacher: light skin tone,,,Benedikt Groß,2020-01-15,1,single,🧑‍🏫,1F9D1-200D-1F3EB,12.1,1066
🧑🏼‍🏫,1F9D1-1F3FC-200D-1F3EB,people-body,person-role,teacher: medium-light skin tone,,,Benedikt Groß,2020-01-15,2,single,🧑‍🏫,1F9D1-200D-1F3EB,12.1,1067
🧑🏽‍🏫,1F9D1-1F3FD-200D-1F3EB,people-body,person-role,teacher: medium skin tone,,,Benedikt Groß,2020-01-15,3,single,🧑‍🏫,1F9D1-200D-1F3EB,12.1,1068
🧑🏾‍🏫,1F9D1-1F3FE-200D-1F3EB,people-body,person-role,teacher: medium-dark skin tone,,,Benedikt Groß,2020-01-15,4,single,🧑‍🏫,1F9D1-200D-1F3EB,12.1,1069
🧑🏿‍🏫,1F9D1-1F3FF-200D-1F3EB,people-body,person-role,teacher: dark skin tone,,,Benedikt Groß,2020-01-15,5,single,🧑‍🏫,1F9D1-200D-1F3EB,12.1,1070
👨‍🏫,1F468-200D-1F3EB,people-body,person-role,man teacher,"instructor, lecturer, man, professor, teacher","instructor, man, professor, teacher, lecturer, educator, chalkboard",Lisa Thiel,2018-04-18,,single,👨‍🏫,1F468-200D-1F3EB,4,1071
👨🏻‍🏫,1F468-1F3FB-200D-1F3EB,people-body,person-role,man teacher: light skin tone,,,Lisa Thiel,2018-04-18,1,single,👨‍🏫,1F468-200D-1F3EB,4,1072
👨🏼‍🏫,1F468-1F3FC-200D-1F3EB,people-body,person-role,man teacher: medium-light skin tone,,,Lisa Thiel,2018-04-18,2,single,👨‍🏫,1F468-200D-1F3EB,4,1073
👨🏽‍🏫,1F468-1F3FD-200D-1F3EB,people-body,person-role,man teacher: medium skin tone,,,Lisa Thiel,2018-04-18,3,single,👨‍🏫,1F468-200D-1F3EB,4,1074
👨🏾‍🏫,1F468-1F3FE-200D-1F3EB,people-body,person-role,man teacher: medium-dark skin tone,,,Lisa Thiel,2018-04-18,4,single,👨‍🏫,1F468-200D-1F3EB,4,1075
👨🏿‍🏫,1F468-1F3FF-200D-1F3EB,people-body,person-role,man teacher: dark skin tone,,,Lisa Thiel,2018-04-18,5,single,👨‍🏫,1F468-200D-1F3EB,4,1076
👩‍🏫,1F469-200D-1F3EB,people-body,person-role,woman teacher,"instructor, lecturer, professor, teacher, woman","instructor, woman, professor, teacher, lecturer, educator, chalkboard",Lisa Thiel,2018-04-18,,single,👩‍🏫,1F469-200D-1F3EB,4,1077
👩🏻‍🏫,1F469-1F3FB-200D-1F3EB,people-body,person-role,woman teacher: light skin tone,,,Lisa Thiel,2018-04-18,1,single,👩‍🏫,1F469-200D-1F3EB,4,1078
👩🏼‍🏫,1F469-1F3FC-200D-1F3EB,people-body,person-role,woman teacher: medium-light skin tone,,,Lisa Thiel,2018-04-18,2,single,👩‍🏫,1F469-200D-1F3EB,4,1079
👩🏽‍🏫,1F469-1F3FD-200D-1F3EB,people-body,person-role,woman teacher: medium skin tone,,,Lisa Thiel,2018-04-18,3,single,👩‍🏫,1F469-200D-1F3EB,4,1080
👩🏾‍🏫,1F469-1F3FE-200D-1F3EB,people-body,person-role,woman teacher: medium-dark skin tone,,,Lisa Thiel,2018-04-18,4,single,👩‍🏫,1F469-200D-1F3EB,4,1081
👩🏿‍🏫,1F469-1F3FF-200D-1F3EB,people-body,person-role,woman teacher: dark skin tone,,,Lisa Thiel,2018-04-18,5,single,👩‍🏫,1F469-200D-1F3EB,4,1082
🧑‍⚖️,1F9D1-200D-2696-FE0F,people-body,person-role,judge,"justice, law, scales",,Benedikt Groß,2020-01-15,,single,🧑‍⚖️,1F9D1-200D-2696-FE0F,12.1,1083
🧑🏻‍⚖️,1F9D1-1F3FB-200D-2696-FE0F,people-body,person-role,judge: light skin tone,,,Benedikt Groß,2020-01-15,1,single,🧑‍⚖️,1F9D1-200D-2696-FE0F,12.1,1085
🧑🏼‍⚖️,1F9D1-1F3FC-200D-2696-FE0F,people-body,person-role,judge: medium-light skin tone,,,Benedikt Groß,2020-01-15,2,single,🧑‍⚖️,1F9D1-200D-2696-FE0F,12.1,1087
🧑🏽‍⚖️,1F9D1-1F3FD-200D-2696-FE0F,people-body,person-role,judge: medium skin tone,,,Benedikt Groß,2020-01-15,3,single,🧑‍⚖️,1F9D1-200D-2696-FE0F,12.1,1089
🧑🏾‍⚖️,1F9D1-1F3FE-200D-2696-FE0F,people-body,person-role,judge: medium-dark skin tone,,,Benedikt Groß,2020-01-15,4,single,🧑‍⚖️,1F9D1-200D-2696-FE0F,12.1,1091
🧑🏿‍⚖️,1F9D1-1F3FF-200D-2696-FE0F,people-body,person-role,judge: dark skin tone,,,Benedikt Groß,2020-01-15,5,single,🧑‍⚖️,1F9D1-200D-2696-FE0F,12.1,1093
👨‍⚖️,1F468-200D-2696-FE0F,people-body,person-role,man judge,"judge, justice, law, man, scales","justice, man, scales, judge hammer, gavel, black robe, law, order",Lisa Thiel,2018-04-18,,single,👨‍⚖️,1F468-200D-2696-FE0F,4,1095
👨🏻‍⚖️,1F468-1F3FB-200D-2696-FE0F,people-body,person-role,man judge: light skin tone,,,Lisa Thiel,2018-04-18,1,single,👨‍⚖️,1F468-200D-2696-FE0F,4,1097
👨🏼‍⚖️,1F468-1F3FC-200D-2696-FE0F,people-body,person-role,man judge: medium-light skin tone,,,Lisa Thiel,2018-04-18,2,single,👨‍⚖️,1F468-200D-2696-FE0F,4,1099
👨🏽‍⚖️,1F468-1F3FD-200D-2696-FE0F,people-body,person-role,man judge: medium skin tone,,,Lisa Thiel,2018-04-18,3,single,👨‍⚖️,1F468-200D-2696-FE0F,4,1101
👨🏾‍⚖️,1F468-1F3FE-200D-2696-FE0F,people-body,person-role,man judge: medium-dark skin tone,,,Lisa Thiel,2018-04-18,4,single,👨‍⚖️,1F468-200D-2696-FE0F,4,1103
👨🏿‍⚖️,1F468-1F3FF-200D-2696-FE0F,people-body,person-role,man judge: dark skin tone,,,Lisa Thiel,2018-04-18,5,single,👨‍⚖️,1F468-200D-2696-FE0F,4,1105
👩‍⚖️,1F469-200D-2696-FE0F,people-body,person-role,woman judge,"judge, justice, law, scales, woman","justice, woman, scales, judge hammer, gavel, black robe, law, order",Lisa Thiel,2018-04-18,,single,👩‍⚖️,1F469-200D-2696-FE0F,4,1107
👩🏻‍⚖️,1F469-1F3FB-200D-2696-FE0F,people-body,person-role,woman judge: light skin tone,,,Lisa Thiel,2018-04-18,1,single,👩‍⚖️,1F469-200D-2696-FE0F,4,1109
👩🏼‍⚖️,1F469-1F3FC-200D-2696-FE0F,people-body,person-role,woman judge: medium-light skin tone,,,Lisa Thiel,2018-04-18,2,single,👩‍⚖️,1F469-200D-2696-FE0F,4,1111
👩🏽‍⚖️,1F469-1F3FD-200D-2696-FE0F,people-body,person-role,woman judge: medium skin tone,,,Lisa Thiel,2018-04-18,3,single,👩‍⚖️,1F469-200D-2696-FE0F,4,1113
👩🏾‍⚖️,1F469-1F3FE-200D-2696-FE0F,people-body,person-role,woman judge: medium-dark skin tone,,,Lisa Thiel,2018-04-18,4,single,👩‍⚖️,1F469-200D-2696-FE0F,4,1115
👩🏿‍⚖️,1F469-1F3FF-200D-2696-FE0F,people-body,person-role,woman judge: dark skin tone,,,Lisa Thiel,2018-04-18,5,single,👩‍⚖️,1F469-200D-2696-FE0F,4,1117
🧑‍🌾,1F9D1-200D-1F33E,people-body,person-role,farmer,"gardener, rancher",,Benedikt Groß,2020-01-15,,single,🧑‍🌾,1F9D1-200D-1F33E,12.1,1119
🧑🏻‍🌾,1F9D1-1F3FB-200D-1F33E,people-body,person-role,farmer: light skin tone,,,Benedikt Groß,2020-01-15,1,single,🧑‍🌾,1F9D1-200D-1F33E,12.1,1120
🧑🏼‍🌾,1F9D1-1F3FC-200D-1F33E,people-body,person-role,farmer: medium-light skin tone,,,Benedikt Groß,2020-01-15,2,single,🧑‍🌾,1F9D1-200D-1F33E,12.1,1121
🧑🏽‍🌾,1F9D1-1F3FD-200D-1F33E,people-body,person-role,farmer: medium skin tone,,,Benedikt Groß,2020-01-15,3,single,🧑‍🌾,1F9D1-200D-1F33E,12.1,1122
🧑🏾‍🌾,1F9D1-1F3FE-200D-1F33E,people-body,person-role,farmer: medium-dark skin tone,,,Benedikt Groß,2020-01-15,4,single,🧑‍🌾,1F9D1-200D-1F33E,12.1,1123
🧑🏿‍🌾,1F9D1-1F3FF-200D-1F33E,people-body,person-role,farmer: dark skin tone,,,Benedikt Groß,2020-01-15,5,single,🧑‍🌾,1F9D1-200D-1F33E,12.1,1124
👨‍🌾,1F468-200D-1F33E,people-body,person-role,man farmer,"farmer, gardener, man, rancher","farmer, gardener, man, rancher, pitchfork, strawhat",Lisa Thiel,2018-04-18,,single,👨‍🌾,1F468-200D-1F33E,4,1125
👨🏻‍🌾,1F468-1F3FB-200D-1F33E,people-body,person-role,man farmer: light skin tone,,,Lisa Thiel,2018-04-18,1,single,👨‍🌾,1F468-200D-1F33E,4,1126
👨🏼‍🌾,1F468-1F3FC-200D-1F33E,people-body,person-role,man farmer: medium-light skin tone,,,Lisa Thiel,2018-04-18,2,single,👨‍🌾,1F468-200D-1F33E,4,1127
👨🏽‍🌾,1F468-1F3FD-200D-1F33E,people-body,person-role,man farmer: medium skin tone,,,Lisa Thiel,2018-04-18,3,single,👨‍🌾,1F468-200D-1F33E,4,1128
👨🏾‍🌾,1F468-1F3FE-200D-1F33E,people-body,person-role,man farmer: medium-dark skin tone,,,Lisa Thiel,2018-04-18,4,single,👨‍🌾,1F468-200D-1F33E,4,1129
👨🏿‍🌾,1F468-1F3FF-200D-1F33E,people-body,person-role,man farmer: dark skin tone,,,Lisa Thiel,2018-04-18,5,single,👨‍🌾,1F468-200D-1F33E,4,1130
👩‍🌾,1F469-200D-1F33E,people-body,person-role,woman farmer,"farmer, gardener, rancher, woman","farmer, gardener, woman, rancher, pitchfork, braids",Lisa Thiel,2018-04-18,,single,👩‍🌾,1F469-200D-1F33E,4,1131
👩🏻‍🌾,1F469-1F3FB-200D-1F33E,people-body,person-role,woman farmer: light skin tone,,,Lisa Thiel,2018-04-18,1,single,👩‍🌾,1F469-200D-1F33E,4,1132
👩🏼‍🌾,1F469-1F3FC-200D-1F33E,people-body,person-role,woman farmer: medium-light skin tone,,,Lisa Thiel,2018-04-18,2,single,👩‍🌾,1F469-200D-1F33E,4,1133
👩🏽‍🌾,1F469-1F3FD-200D-1F33E,people-body,person-role,woman farmer: medium skin tone,,,Lisa Thiel,2018-04-18,3,single,👩‍🌾,1F469-200D-1F33E,4,1134
👩🏾‍🌾,1F469-1F3FE-200D-1F33E,people-body,person-role,woman farmer: medium-dark skin tone,,,Lisa Thiel,2018-04-18,4,single,👩‍🌾,1F469-200D-1F33E,4,1135
👩🏿‍🌾,1F469-1F3FF-200D-1F33E,people-body,person-role,woman farmer: dark skin tone,,,Lisa Thiel,2018-04-18,5,single,👩‍🌾,1F469-200D-1F33E,4,1136
🧑‍🍳,1F9D1-200D-1F373,people-body,person-role,cook,chef,,Benedikt Groß,2020-01-15,,single,🧑‍🍳,1F9D1-200D-1F373,12.1,1137
🧑🏻‍🍳,1F9D1-1F3FB-200D-1F373,people-body,person-role,cook: light skin tone,,,Benedikt Groß,2020-01-15,1,single,🧑‍🍳,1F9D1-200D-1F373,12.1,1138
🧑🏼‍🍳,1F9D1-1F3FC-200D-1F373,people-body,person-role,cook: medium-light skin tone,,,Benedikt Groß,2020-01-15,2,single,🧑‍🍳,1F9D1-200D-1F373,12.1,1139
🧑🏽‍🍳,1F9D1-1F3FD-200D-1F373,people-body,person-role,cook: medium skin tone,,,Benedikt Groß,2020-01-15,3,single,🧑‍🍳,1F9D1-200D-1F373,12.1,1140
🧑🏾‍🍳,1F9D1-1F3FE-200D-1F373,people-body,person-role,cook: medium-dark skin tone,,,Benedikt Groß,2020-01-15,4,single,🧑‍🍳,1F9D1-200D-1F373,12.1,1141
🧑🏿‍🍳,1F9D1-1F3FF-200D-1F373,people-body,person-role,cook: dark skin tone,,,Benedikt Groß,2020-01-15,5,single,🧑‍🍳,1F9D1-200D-1F373,12.1,1142
👨‍🍳,1F468-200D-1F373,people-body,person-role,man cook,"chef, cook, man","chef, cook, man, toque, chef's hat, food, cooking",Lisa Thiel,2018-04-18,,single,👨‍🍳,1F468-200D-1F373,4,1143
👨🏻‍🍳,1F468-1F3FB-200D-1F373,people-body,person-role,man cook: light skin tone,,,Lisa Thiel,2018-04-18,1,single,👨‍🍳,1F468-200D-1F373,4,1144
👨🏼‍🍳,1F468-1F3FC-200D-1F373,people-body,person-role,man cook: medium-light skin tone,,,Lisa Thiel,2018-04-18,2,single,👨‍🍳,1F468-200D-1F373,4,1145
👨🏽‍🍳,1F468-1F3FD-200D-1F373,people-body,person-role,man cook: medium skin tone,,,Lisa Thiel,2018-04-18,3,single,👨‍🍳,1F468-200D-1F373,4,1146
👨🏾‍🍳,1F468-1F3FE-200D-1F373,people-body,person-role,man cook: medium-dark skin tone,,,Lisa Thiel,2018-04-18,4,single,👨‍🍳,1F468-200D-1F373,4,1147
👨🏿‍🍳,1F468-1F3FF-200D-1F373,people-body,person-role,man cook: dark skin tone,,,Lisa Thiel,2018-04-18,5,single,👨‍🍳,1F468-200D-1F373,4,1148
👩‍🍳,1F469-200D-1F373,people-body,person-role,woman cook,"chef, cook, woman","chef, cook, woman, toque, chef's hat, food, cooking",Lisa Thiel,2018-04-18,,single,👩‍🍳,1F469-200D-1F373,4,1149
👩🏻‍🍳,1F469-1F3FB-200D-1F373,people-body,person-role,woman cook: light skin tone,,,Lisa Thiel,2018-04-18,1,single,👩‍🍳,1F469-200D-1F373,4,1150
👩🏼‍🍳,1F469-1F3FC-200D-1F373,people-body,person-role,woman cook: medium-light skin tone,,,Lisa Thiel,2018-04-18,2,single,👩‍🍳,1F469-200D-1F373,4,1151
👩🏽‍🍳,1F469-1F3FD-200D-1F373,people-body,person-role,woman cook: medium skin tone,,,Lisa Thiel,2018-04-18,3,single,👩‍🍳,1F469-200D-1F373,4,1152
👩🏾‍🍳,1F469-1F3FE-200D-1F373,people-body,person-role,woman cook: medium-dark skin tone,,,Lisa Thiel,2018-04-18,4,single,👩‍🍳,1F469-200D-1F373,4,1153
👩🏿‍🍳,1F469-1F3FF-200D-1F373,people-body,person-role,woman cook: dark skin tone,,,Lisa Thiel,2018-04-18,5,single,👩‍🍳,1F469-200D-1F373,4,1154
🧑‍🔧,1F9D1-200D-1F527,people-body,person-role,mechanic,"electrician, plumber, tradesperson",,Benedikt Groß,2020-01-15,,single,🧑‍🔧,1F9D1-200D-1F527,12.1,1155
🧑🏻‍🔧,1F9D1-1F3FB-200D-1F527,people-body,person-role,mechanic: light skin tone,,,Benedikt Groß,2020-01-15,1,single,🧑‍🔧,1F9D1-200D-1F527,12.1,1156
🧑🏼‍🔧,1F9D1-1F3FC-200D-1F527,people-body,person-role,mechanic: medium-light skin tone,,,Benedikt Groß,2020-01-15,2,single,🧑‍🔧,1F9D1-200D-1F527,12.1,1157
🧑🏽‍🔧,1F9D1-1F3FD-200D-1F527,people-body,person-role,mechanic: medium skin tone,,,Benedikt Groß,2020-01-15,3,single,🧑‍🔧,1F9D1-200D-1F527,12.1,1158
🧑🏾‍🔧,1F9D1-1F3FE-200D-1F527,people-body,person-role,mechanic: medium-dark skin tone,,,Benedikt Groß,2020-01-15,4,single,🧑‍🔧,1F9D1-200D-1F527,12.1,1159
🧑🏿‍🔧,1F9D1-1F3FF-200D-1F527,people-body,person-role,mechanic: dark skin tone,,,Benedikt Groß,2020-01-15,5,single,🧑‍🔧,1F9D1-200D-1F527,12.1,1160
👨‍🔧,1F468-200D-1F527,people-body,person-role,man mechanic,"electrician, man, mechanic, plumber, tradesperson","electrician, man, mechanic, plumber, tradesperson, wrench, overalls, blue hat, auto mechanic",Lisa Thiel,2018-04-18,,single,👨‍🔧,1F468-200D-1F527,4,1161
👨🏻‍🔧,1F468-1F3FB-200D-1F527,people-body,person-role,man mechanic: light skin tone,,,Lisa Thiel,2018-04-18,1,single,👨‍🔧,1F468-200D-1F527,4,1162
👨🏼‍🔧,1F468-1F3FC-200D-1F527,people-body,person-role,man mechanic: medium-light skin tone,,,Lisa Thiel,2018-04-18,2,single,👨‍🔧,1F468-200D-1F527,4,1163
👨🏽‍🔧,1F468-1F3FD-200D-1F527,people-body,person-role,man mechanic: medium skin tone,,,Lisa Thiel,2018-04-18,3,single,👨‍🔧,1F468-200D-1F527,4,1164
👨🏾‍🔧,1F468-1F3FE-200D-1F527,people-body,person-role,man mechanic: medium-dark skin tone,,,Lisa Thiel,2018-04-18,4,single,👨‍🔧,1F468-200D-1F527,4,1165
👨🏿‍🔧,1F468-1F3FF-200D-1F527,people-body,person-role,man mechanic: dark skin tone,,,Lisa Thiel,2018-04-18,5,single,👨‍🔧,1F468-200D-1F527,4,1166
👩‍🔧,1F469-200D-1F527,people-body,person-role,woman mechanic,"electrician, mechanic, plumber, tradesperson, woman","electrician, woman, mechanic, plumber, tradesperson, wrench, overalls, blue hat, auto mechanic",Lisa Thiel,2018-04-18,,single,👩‍🔧,1F469-200D-1F527,4,1167
👩🏻‍🔧,1F469-1F3FB-200D-1F527,people-body,person-role,woman mechanic: light skin tone,,,Lisa Thiel,2018-04-18,1,single,👩‍🔧,1F469-200D-1F527,4,1168
👩🏼‍🔧,1F469-1F3FC-200D-1F527,people-body,person-role,woman mechanic: medium-light skin tone,,,Lisa Thiel,2018-04-18,2,single,👩‍🔧,1F469-200D-1F527,4,1169
👩🏽‍🔧,1F469-1F3FD-200D-1F527,people-body,person-role,woman mechanic: medium skin tone,,,Lisa Thiel,2018-04-18,3,single,👩‍🔧,1F469-200D-1F527,4,1170
👩🏾‍🔧,1F469-1F3FE-200D-1F527,people-body,person-role,woman mechanic: medium-dark skin tone,,,Lisa Thiel,2018-04-18,4,single,👩‍🔧,1F469-200D-1F527,4,1171
👩🏿‍🔧,1F469-1F3FF-200D-1F527,people-body,person-role,woman mechanic: dark skin tone,,,Lisa Thiel,2018-04-18,5,single,👩‍🔧,1F469-200D-1F527,4,1172
🧑‍🏭,1F9D1-200D-1F3ED,people-body,person-role,factory worker,"assembly, factory, industrial, worker",,Benedikt Groß,2020-01-15,,single,🧑‍🏭,1F9D1-200D-1F3ED,12.1,1173
🧑🏻‍🏭,1F9D1-1F3FB-200D-1F3ED,people-body,person-role,factory worker: light skin tone,,,Benedikt Groß,2020-01-15,1,single,🧑‍🏭,1F9D1-200D-1F3ED,12.1,1174
🧑🏼‍🏭,1F9D1-1F3FC-200D-1F3ED,people-body,person-role,factory worker: medium-light skin tone,,,Benedikt Groß,2020-01-15,2,single,🧑‍🏭,1F9D1-200D-1F3ED,12.1,1175
🧑🏽‍🏭,1F9D1-1F3FD-200D-1F3ED,people-body,person-role,factory worker: medium skin tone,,,Benedikt Groß,2020-01-15,3,single,🧑‍🏭,1F9D1-200D-1F3ED,12.1,1176
🧑🏾‍🏭,1F9D1-1F3FE-200D-1F3ED,people-body,person-role,factory worker: medium-dark skin tone,,,Benedikt Groß,2020-01-15,4,single,🧑‍🏭,1F9D1-200D-1F3ED,12.1,1177
🧑🏿‍🏭,1F9D1-1F3FF-200D-1F3ED,people-body,person-role,factory worker: dark skin tone,,,Benedikt Groß,2020-01-15,5,single,🧑‍🏭,1F9D1-200D-1F3ED,12.1,1178
👨‍🏭,1F468-200D-1F3ED,people-body,person-role,man factory worker,"assembly, factory, industrial, man, worker","assembly, factory, industrial, man, worker, welder, welding, welding helmet",Lisa Thiel,2018-04-18,,single,👨‍🏭,1F468-200D-1F3ED,4,1179
👨🏻‍🏭,1F468-1F3FB-200D-1F3ED,people-body,person-role,man factory worker: light skin tone,,,Lisa Thiel,2018-04-18,1,single,👨‍🏭,1F468-200D-1F3ED,4,1180
👨🏼‍🏭,1F468-1F3FC-200D-1F3ED,people-body,person-role,man factory worker: medium-light skin tone,,,Lisa Thiel,2018-04-18,2,single,👨‍🏭,1F468-200D-1F3ED,4,1181
👨🏽‍🏭,1F468-1F3FD-200D-1F3ED,people-body,person-role,man factory worker: medium skin tone,,,Lisa Thiel,2018-04-18,3,single,👨‍🏭,1F468-200D-1F3ED,4,1182
👨🏾‍🏭,1F468-1F3FE-200D-1F3ED,people-body,person-role,man factory worker: medium-dark skin tone,,,Lisa Thiel,2018-04-18,4,single,👨‍🏭,1F468-200D-1F3ED,4,1183
👨🏿‍🏭,1F468-1F3FF-200D-1F3ED,people-body,person-role,man factory worker: dark skin tone,,,Lisa Thiel,2018-04-18,5,single,👨‍🏭,1F468-200D-1F3ED,4,1184
👩‍🏭,1F469-200D-1F3ED,people-body,person-role,woman factory worker,"assembly, factory, industrial, woman, worker","assembly, factory, industrial, woman, worker, welder, welding, welding helmet",Lisa Thiel,2018-04-18,,single,👩‍🏭,1F469-200D-1F3ED,4,1185
👩🏻‍🏭,1F469-1F3FB-200D-1F3ED,people-body,person-role,woman factory worker: light skin tone,,,Lisa Thiel,2018-04-18,1,single,👩‍🏭,1F469-200D-1F3ED,4,1186
👩🏼‍🏭,1F469-1F3FC-200D-1F3ED,people-body,person-role,woman factory worker: medium-light skin tone,,,Lisa Thiel,2018-04-18,2,single,👩‍🏭,1F469-200D-1F3ED,4,1187
👩🏽‍🏭,1F469-1F3FD-200D-1F3ED,people-body,person-role,woman factory worker: medium skin tone,,,Lisa Thiel,2018-04-18,3,single,👩‍🏭,1F469-200D-1F3ED,4,1188
👩🏾‍🏭,1F469-1F3FE-200D-1F3ED,people-body,person-role,woman factory worker: medium-dark skin tone,,,Lisa Thiel,2018-04-18,4,single,👩‍🏭,1F469-200D-1F3ED,4,1189
👩🏿‍🏭,1F469-1F3FF-200D-1F3ED,people-body,person-role,woman factory worker: dark skin tone,,,Lisa Thiel,2018-04-18,5,single,👩‍🏭,1F469-200D-1F3ED,4,1190
🧑‍💼,1F9D1-200D-1F4BC,people-body,person-role,office worker,"architect, business, manager, office, white-collar, worker",,Benedikt Groß,2020-01-15,,single,🧑‍💼,1F9D1-200D-1F4BC,12.1,1191
🧑🏻‍💼,1F9D1-1F3FB-200D-1F4BC,people-body,person-role,office worker: light skin tone,,,Benedikt Groß,2020-01-15,1,single,🧑‍💼,1F9D1-200D-1F4BC,12.1,1192
🧑🏼‍💼,1F9D1-1F3FC-200D-1F4BC,people-body,person-role,office worker: medium-light skin tone,,,Benedikt Groß,2020-01-15,2,single,🧑‍💼,1F9D1-200D-1F4BC,12.1,1193
🧑🏽‍💼,1F9D1-1F3FD-200D-1F4BC,people-body,person-role,office worker: medium skin tone,,,Benedikt Groß,2020-01-15,3,single,🧑‍💼,1F9D1-200D-1F4BC,12.1,1194
🧑🏾‍💼,1F9D1-1F3FE-200D-1F4BC,people-body,person-role,office worker: medium-dark skin tone,,,Benedikt Groß,2020-01-15,4,single,🧑‍💼,1F9D1-200D-1F4BC,12.1,1195
🧑🏿‍💼,1F9D1-1F3FF-200D-1F4BC,people-body,person-role,office worker: dark skin tone,,,Benedikt Groß,2020-01-15,5,single,🧑‍💼,1F9D1-200D-1F4BC,12.1,1196
👨‍💼,1F468-200D-1F4BC,people-body,person-role,man office worker,"architect, business, man, manager, office, white-collar, worker","architect, business, man, manager, office, white-collar, papers, copy",Lisa Thiel,2018-04-18,,single,👨‍💼,1F468-200D-1F4BC,4,1197
👨🏻‍💼,1F468-1F3FB-200D-1F4BC,people-body,person-role,man office worker: light skin tone,,,Lisa Thiel,2018-04-18,1,single,👨‍💼,1F468-200D-1F4BC,4,1198
👨🏼‍💼,1F468-1F3FC-200D-1F4BC,people-body,person-role,man office worker: medium-light skin tone,,,Lisa Thiel,2018-04-18,2,single,👨‍💼,1F468-200D-1F4BC,4,1199
👨🏽‍💼,1F468-1F3FD-200D-1F4BC,people-body,person-role,man office worker: medium skin tone,,,Lisa Thiel,2018-04-18,3,single,👨‍💼,1F468-200D-1F4BC,4,1200
👨🏾‍💼,1F468-1F3FE-200D-1F4BC,people-body,person-role,man office worker: medium-dark skin tone,,,Lisa Thiel,2018-04-18,4,single,👨‍💼,1F468-200D-1F4BC,4,1201
👨🏿‍💼,1F468-1F3FF-200D-1F4BC,people-body,person-role,man office worker: dark skin tone,,,Lisa Thiel,2018-04-18,5,single,👨‍💼,1F468-200D-1F4BC,4,1202
👩‍💼,1F469-200D-1F4BC,people-body,person-role,woman office worker,"architect, business, manager, office, white-collar, woman, worker","architect, business, woman, manager, office, white-collar, papers, copy",Lisa Thiel,2018-04-18,,single,👩‍💼,1F469-200D-1F4BC,4,1203
👩🏻‍💼,1F469-1F3FB-200D-1F4BC,people-body,person-role,woman office worker: light skin tone,,,Lisa Thiel,2018-04-18,1,single,👩‍💼,1F469-200D-1F4BC,4,1204
👩🏼‍💼,1F469-1F3FC-200D-1F4BC,people-body,person-role,woman office worker: medium-light skin tone,,,Lisa Thiel,2018-04-18,2,single,👩‍💼,1F469-200D-1F4BC,4,1205
👩🏽‍💼,1F469-1F3FD-200D-1F4BC,people-body,person-role,woman office worker: medium skin tone,,,Lisa Thiel,2018-04-18,3,single,👩‍💼,1F469-200D-1F4BC,4,1206
👩🏾‍💼,1F469-1F3FE-200D-1F4BC,people-body,person-role,woman office worker: medium-dark skin tone,,,Lisa Thiel,2018-04-18,4,single,👩‍💼,1F469-200D-1F4BC,4,1207
👩🏿‍💼,1F469-1F3FF-200D-1F4BC,people-body,person-role,woman office worker: dark skin tone,,,Lisa Thiel,2018-04-18,5,single,👩‍💼,1F469-200D-1F4BC,4,1208
🧑‍🔬,1F9D1-200D-1F52C,people-body,person-role,scientist,"biologist, chemist, engineer, mathematician, physicist",,Benedikt Groß,2020-01-15,,single,🧑‍🔬,1F9D1-200D-1F52C,12.1,1209
🧑🏻‍🔬,1F9D1-1F3FB-200D-1F52C,people-body,person-role,scientist: light skin tone,,,Benedikt Groß,2020-01-15,1,single,🧑‍🔬,1F9D1-200D-1F52C,12.1,1210
🧑🏼‍🔬,1F9D1-1F3FC-200D-1F52C,people-body,person-role,scientist: medium-light skin tone,,,Benedikt Groß,2020-01-15,2,single,🧑‍🔬,1F9D1-200D-1F52C,12.1,1211
🧑🏽‍🔬,1F9D1-1F3FD-200D-1F52C,people-body,person-role,scientist: medium skin tone,,,Benedikt Groß,2020-01-15,3,single,🧑‍🔬,1F9D1-200D-1F52C,12.1,1212
🧑🏾‍🔬,1F9D1-1F3FE-200D-1F52C,people-body,person-role,scientist: medium-dark skin tone,,,Benedikt Groß,2020-01-15,4,single,🧑‍🔬,1F9D1-200D-1F52C,12.1,1213
🧑🏿‍🔬,1F9D1-1F3FF-200D-1F52C,people-body,person-role,scientist: dark skin tone,,,Benedikt Groß,2020-01-15,5,single,🧑‍🔬,1F9D1-200D-1F52C,12.1,1214
👨‍🔬,1F468-200D-1F52C,people-body,person-role,man scientist,"biologist, chemist, engineer, man, mathematician, physicist, scientist","biologist, chemist, engineer, man, mathematician, physicist, scientist, experiment, laboratory, lab, erlenmeyer flask, safety glasses",Liz Bravo,2020-12-22,,single,👨‍🔬,1F468-200D-1F52C,4,1215
👨🏻‍🔬,1F468-1F3FB-200D-1F52C,people-body,person-role,man scientist: light skin tone,,,Liz Bravo,2020-12-22,1,single,👨‍🔬,1F468-200D-1F52C,4,1216
👨🏼‍🔬,1F468-1F3FC-200D-1F52C,people-body,person-role,man scientist: medium-light skin tone,,,Liz Bravo,2020-12-22,2,single,👨‍🔬,1F468-200D-1F52C,4,1217
👨🏽‍🔬,1F468-1F3FD-200D-1F52C,people-body,person-role,man scientist: medium skin tone,,,Liz Bravo,2020-12-22,3,single,👨‍🔬,1F468-200D-1F52C,4,1218
👨🏾‍🔬,1F468-1F3FE-200D-1F52C,people-body,person-role,man scientist: medium-dark skin tone,,,Liz Bravo,2020-12-22,4,single,👨‍🔬,1F468-200D-1F52C,4,1219
👨🏿‍🔬,1F468-1F3FF-200D-1F52C,people-body,person-role,man scientist: dark skin tone,,,Liz Bravo,2020-12-22,5,single,👨‍🔬,1F468-200D-1F52C,4,1220
👩‍🔬,1F469-200D-1F52C,people-body,person-role,woman scientist,"biologist, chemist, engineer, mathematician, physicist, scientist, woman","biologist, chemist, engineer, woman, mathematician, physicist, scientist, experiment, laboratory, lab, erlenmeyer flask, safety glasses",Lisa Thiel,2018-04-18,,single,👩‍🔬,1F469-200D-1F52C,4,1221
👩🏻‍🔬,1F469-1F3FB-200D-1F52C,people-body,person-role,woman scientist: light skin tone,,,Lisa Thiel,2018-04-18,1,single,👩‍🔬,1F469-200D-1F52C,4,1222
👩🏼‍🔬,1F469-1F3FC-200D-1F52C,people-body,person-role,woman scientist: medium-light skin tone,,,Lisa Thiel,2018-04-18,2,single,👩‍🔬,1F469-200D-1F52C,4,1223
👩🏽‍🔬,1F469-1F3FD-200D-1F52C,people-body,person-role,woman scientist: medium skin tone,,,Lisa Thiel,2018-04-18,3,single,👩‍🔬,1F469-200D-1F52C,4,1224
👩🏾‍🔬,1F469-1F3FE-200D-1F52C,people-body,person-role,woman scientist: medium-dark skin tone,,,Lisa Thiel,2018-04-18,4,single,👩‍🔬,1F469-200D-1F52C,4,1225
👩🏿‍🔬,1F469-1F3FF-200D-1F52C,people-body,person-role,woman scientist: dark skin tone,,,Lisa Thiel,2018-04-18,5,single,👩‍🔬,1F469-200D-1F52C,4,1226
🧑‍💻,1F9D1-200D-1F4BB,people-body,person-role,technologist,"coder, computer, developer, inventor, software",,Benedikt Groß,2020-01-15,,single,🧑‍💻,1F9D1-200D-1F4BB,12.1,1227
🧑🏻‍💻,1F9D1-1F3FB-200D-1F4BB,people-body,person-role,technologist: light skin tone,,,Benedikt Groß,2020-01-15,1,single,🧑‍💻,1F9D1-200D-1F4BB,12.1,1228
🧑🏼‍💻,1F9D1-1F3FC-200D-1F4BB,people-body,person-role,technologist: medium-light skin tone,,,Benedikt Groß,2020-01-15,2,single,🧑‍💻,1F9D1-200D-1F4BB,12.1,1229
🧑🏽‍💻,1F9D1-1F3FD-200D-1F4BB,people-body,person-role,technologist: medium skin tone,,,Benedikt Groß,2020-01-15,3,single,🧑‍💻,1F9D1-200D-1F4BB,12.1,1230
🧑🏾‍💻,1F9D1-1F3FE-200D-1F4BB,people-body,person-role,technologist: medium-dark skin tone,,,Benedikt Groß,2020-01-15,4,single,🧑‍💻,1F9D1-200D-1F4BB,12.1,1231
🧑🏿‍💻,1F9D1-1F3FF-200D-1F4BB,people-body,person-role,technologist: dark skin tone,,,Benedikt Groß,2020-01-15,5,single,🧑‍💻,1F9D1-200D-1F4BB,12.1,1232
👨‍💻,1F468-200D-1F4BB,people-body,person-role,man technologist,"coder, computer, developer, inventor, man, software, technologist","coder, developer, inventor, man, software, technologist, tablet, graphs, glasses, smart, clever, coding, code",Lisa Thiel,2018-04-18,,single,👨‍💻,1F468-200D-1F4BB,4,1233
👨🏻‍💻,1F468-1F3FB-200D-1F4BB,people-body,person-role,man technologist: light skin tone,,,Lisa Thiel,2018-04-18,1,single,👨‍💻,1F468-200D-1F4BB,4,1234
👨🏼‍💻,1F468-1F3FC-200D-1F4BB,people-body,person-role,man technologist: medium-light skin tone,,,Lisa Thiel,2018-04-18,2,single,👨‍💻,1F468-200D-1F4BB,4,1235
👨🏽‍💻,1F468-1F3FD-200D-1F4BB,people-body,person-role,man technologist: medium skin tone,,,Lisa Thiel,2018-04-18,3,single,👨‍💻,1F468-200D-1F4BB,4,1236
👨🏾‍💻,1F468-1F3FE-200D-1F4BB,people-body,person-role,man technologist: medium-dark skin tone,,,Lisa Thiel,2018-04-18,4,single,👨‍💻,1F468-200D-1F4BB,4,1237
👨🏿‍💻,1F468-1F3FF-200D-1F4BB,people-body,person-role,man technologist: dark skin tone,,,Lisa Thiel,2018-04-18,5,single,👨‍💻,1F468-200D-1F4BB,4,1238
👩‍💻,1F469-200D-1F4BB,people-body,person-role,woman technologist,"coder, computer, developer, inventor, software, technologist, woman","coder, developer, inventor, woman, software, technologist, tablet, graphs, glasses, smart, clever, coding, code",Lisa Thiel,2018-04-18,,single,👩‍💻,1F469-200D-1F4BB,4,1239
👩🏻‍💻,1F469-1F3FB-200D-1F4BB,people-body,person-role,woman technologist: light skin tone,,,Lisa Thiel,2018-04-18,1,single,👩‍💻,1F469-200D-1F4BB,4,1240
👩🏼‍💻,1F469-1F3FC-200D-1F4BB,people-body,person-role,woman technologist: medium-light skin tone,,,Lisa Thiel,2018-04-18,2,single,👩‍💻,1F469-200D-1F4BB,4,1241
👩🏽‍💻,1F469-1F3FD-200D-1F4BB,people-body,person-role,woman technologist: medium skin tone,,,Lisa Thiel,2018-04-18,3,single,👩‍💻,1F469-200D-1F4BB,4,1242
👩🏾‍💻,1F469-1F3FE-200D-1F4BB,people-body,person-role,woman technologist: medium-dark skin tone,,,Lisa Thiel,2018-04-18,4,single,👩‍💻,1F469-200D-1F4BB,4,1243
👩🏿‍💻,1F469-1F3FF-200D-1F4BB,people-body,person-role,woman technologist: dark skin tone,,,Lisa Thiel,2018-04-18,5,single,👩‍💻,1F469-200D-1F4BB,4,1244
🧑‍🎤,1F9D1-200D-1F3A4,people-body,person-role,singer,"actor, entertainer, rock, rockstar, star",,Benedikt Groß,2020-01-15,,single,🧑‍🎤,1F9D1-200D-1F3A4,12.1,1245
🧑🏻‍🎤,1F9D1-1F3FB-200D-1F3A4,people-body,person-role,singer: light skin tone,,,Benedikt Groß,2020-01-15,1,single,🧑‍🎤,1F9D1-200D-1F3A4,12.1,1246
🧑🏼‍🎤,1F9D1-1F3FC-200D-1F3A4,people-body,person-role,singer: medium-light skin tone,,,Benedikt Groß,2020-01-15,2,single,🧑‍🎤,1F9D1-200D-1F3A4,12.1,1247
🧑🏽‍🎤,1F9D1-1F3FD-200D-1F3A4,people-body,person-role,singer: medium skin tone,,,Benedikt Groß,2020-01-15,3,single,🧑‍🎤,1F9D1-200D-1F3A4,12.1,1248
🧑🏾‍🎤,1F9D1-1F3FE-200D-1F3A4,people-body,person-role,singer: medium-dark skin tone,,,Benedikt Groß,2020-01-15,4,single,🧑‍🎤,1F9D1-200D-1F3A4,12.1,1249
🧑🏿‍🎤,1F9D1-1F3FF-200D-1F3A4,people-body,person-role,singer: dark skin tone,,,Benedikt Groß,2020-01-15,5,single,🧑‍🎤,1F9D1-200D-1F3A4,12.1,1250
👨‍🎤,1F468-200D-1F3A4,people-body,person-role,man singer,"actor, entertainer, man, rock, rockstar, singer, star","actor, entertainer, man, rock, singer, star, microphone, musician",Lisa Thiel,2018-04-18,,single,👨‍🎤,1F468-200D-1F3A4,4,1251
👨🏻‍🎤,1F468-1F3FB-200D-1F3A4,people-body,person-role,man singer: light skin tone,,,Lisa Thiel,2018-04-18,1,single,👨‍🎤,1F468-200D-1F3A4,4,1252
👨🏼‍🎤,1F468-1F3FC-200D-1F3A4,people-body,person-role,man singer: medium-light skin tone,,,Lisa Thiel,2018-04-18,2,single,👨‍🎤,1F468-200D-1F3A4,4,1253
👨🏽‍🎤,1F468-1F3FD-200D-1F3A4,people-body,person-role,man singer: medium skin tone,,,Lisa Thiel,2018-04-18,3,single,👨‍🎤,1F468-200D-1F3A4,4,1254
👨🏾‍🎤,1F468-1F3FE-200D-1F3A4,people-body,person-role,man singer: medium-dark skin tone,,,Lisa Thiel,2018-04-18,4,single,👨‍🎤,1F468-200D-1F3A4,4,1255
👨🏿‍🎤,1F468-1F3FF-200D-1F3A4,people-body,person-role,man singer: dark skin tone,,,Lisa Thiel,2018-04-18,5,single,👨‍🎤,1F468-200D-1F3A4,4,1256
👩‍🎤,1F469-200D-1F3A4,people-body,person-role,woman singer,"actor, entertainer, rock, rockstar, singer, star, woman","actor, entertainer, woman, rock, singer, star, microphone, musician, glamour, glamorous, dress, wavy hair",Lisa Thiel,2018-04-18,,single,👩‍🎤,1F469-200D-1F3A4,4,1257
👩🏻‍🎤,1F469-1F3FB-200D-1F3A4,people-body,person-role,woman singer: light skin tone,,,Lisa Thiel,2018-04-18,1,single,👩‍🎤,1F469-200D-1F3A4,4,1258
👩🏼‍🎤,1F469-1F3FC-200D-1F3A4,people-body,person-role,woman singer: medium-light skin tone,,,Lisa Thiel,2018-04-18,2,single,👩‍🎤,1F469-200D-1F3A4,4,1259
👩🏽‍🎤,1F469-1F3FD-200D-1F3A4,people-body,person-role,woman singer: medium skin tone,,,Lisa Thiel,2018-04-18,3,single,👩‍🎤,1F469-200D-1F3A4,4,1260
👩🏾‍🎤,1F469-1F3FE-200D-1F3A4,people-body,person-role,woman singer: medium-dark skin tone,,,Lisa Thiel,2018-04-18,4,single,👩‍🎤,1F469-200D-1F3A4,4,1261
👩🏿‍🎤,1F469-1F3FF-200D-1F3A4,people-body,person-role,woman singer: dark skin tone,,,Lisa Thiel,2018-04-18,5,single,👩‍🎤,1F469-200D-1F3A4,4,1262
🧑‍🎨,1F9D1-200D-1F3A8,people-body,person-role,artist,palette,,Benedikt Groß,2020-01-15,,single,🧑‍🎨,1F9D1-200D-1F3A8,12.1,1263
🧑🏻‍🎨,1F9D1-1F3FB-200D-1F3A8,people-body,person-role,artist: light skin tone,,,Benedikt Groß,2020-01-15,1,single,🧑‍🎨,1F9D1-200D-1F3A8,12.1,1264
🧑🏼‍🎨,1F9D1-1F3FC-200D-1F3A8,people-body,person-role,artist: medium-light skin tone,,,Benedikt Groß,2020-01-15,2,single,🧑‍🎨,1F9D1-200D-1F3A8,12.1,1265
🧑🏽‍🎨,1F9D1-1F3FD-200D-1F3A8,people-body,person-role,artist: medium skin tone,,,Benedikt Groß,2020-01-15,3,single,🧑‍🎨,1F9D1-200D-1F3A8,12.1,1266
🧑🏾‍🎨,1F9D1-1F3FE-200D-1F3A8,people-body,person-role,artist: medium-dark skin tone,,,Benedikt Groß,2020-01-15,4,single,🧑‍🎨,1F9D1-200D-1F3A8,12.1,1267
🧑🏿‍🎨,1F9D1-1F3FF-200D-1F3A8,people-body,person-role,artist: dark skin tone,,,Benedikt Groß,2020-01-15,5,single,🧑‍🎨,1F9D1-200D-1F3A8,12.1,1268
👨‍🎨,1F468-200D-1F3A8,people-body,person-role,man artist,"artist, man, palette","artist, man, palette, brush, beret, french hat, colors, painter, art, drawing, painting, illustrator, illustrating, creative, creativity",Lisa Thiel,2018-04-18,,single,👨‍🎨,1F468-200D-1F3A8,4,1269
👨🏻‍🎨,1F468-1F3FB-200D-1F3A8,people-body,person-role,man artist: light skin tone,,,Lisa Thiel,2018-04-18,1,single,👨‍🎨,1F468-200D-1F3A8,4,1270
👨🏼‍🎨,1F468-1F3FC-200D-1F3A8,people-body,person-role,man artist: medium-light skin tone,,,Lisa Thiel,2018-04-18,2,single,👨‍🎨,1F468-200D-1F3A8,4,1271
👨🏽‍🎨,1F468-1F3FD-200D-1F3A8,people-body,person-role,man artist: medium skin tone,,,Lisa Thiel,2018-04-18,3,single,👨‍🎨,1F468-200D-1F3A8,4,1272
👨🏾‍🎨,1F468-1F3FE-200D-1F3A8,people-body,person-role,man artist: medium-dark skin tone,,,Lisa Thiel,2018-04-18,4,single,👨‍🎨,1F468-200D-1F3A8,4,1273
👨🏿‍🎨,1F468-1F3FF-200D-1F3A8,people-body,person-role,man artist: dark skin tone,,,Lisa Thiel,2018-04-18,5,single,👨‍🎨,1F468-200D-1F3A8,4,1274
👩‍🎨,1F469-200D-1F3A8,people-body,person-role,woman artist,"artist, palette, woman","artist, woman, palette, brush, beret, french hat, colors, painter, art, drawing, painting, illustrator, illustrating, creative, creativity",Lisa Thiel,2018-04-18,,single,👩‍🎨,1F469-200D-1F3A8,4,1275
👩🏻‍🎨,1F469-1F3FB-200D-1F3A8,people-body,person-role,woman artist: light skin tone,,,Lisa Thiel,2018-04-18,1,single,👩‍🎨,1F469-200D-1F3A8,4,1276
👩🏼‍🎨,1F469-1F3FC-200D-1F3A8,people-body,person-role,woman artist: medium-light skin tone,,,Lisa Thiel,2018-04-18,2,single,👩‍🎨,1F469-200D-1F3A8,4,1277
👩🏽‍🎨,1F469-1F3FD-200D-1F3A8,people-body,person-role,woman artist: medium skin tone,,,Lisa Thiel,2018-04-18,3,single,👩‍🎨,1F469-200D-1F3A8,4,1278
👩🏾‍🎨,1F469-1F3FE-200D-1F3A8,people-body,person-role,woman artist: medium-dark skin tone,,,Lisa Thiel,2018-04-18,4,single,👩‍🎨,1F469-200D-1F3A8,4,1279
👩🏿‍🎨,1F469-1F3FF-200D-1F3A8,people-body,person-role,woman artist: dark skin tone,,,Lisa Thiel,2018-04-18,5,single,👩‍🎨,1F469-200D-1F3A8,4,1280
🧑‍✈️,1F9D1-200D-2708-FE0F,people-body,person-role,pilot,plane,,Benedikt Groß,2020-01-15,,single,🧑‍✈️,1F9D1-200D-2708-FE0F,12.1,1281
🧑🏻‍✈️,1F9D1-1F3FB-200D-2708-FE0F,people-body,person-role,pilot: light skin tone,,,Benedikt Groß,2020-01-15,1,single,🧑‍✈️,1F9D1-200D-2708-FE0F,12.1,1283
🧑🏼‍✈️,1F9D1-1F3FC-200D-2708-FE0F,people-body,person-role,pilot: medium-light skin tone,,,Benedikt Groß,2020-01-15,2,single,🧑‍✈️,1F9D1-200D-2708-FE0F,12.1,1285
🧑🏽‍✈️,1F9D1-1F3FD-200D-2708-FE0F,people-body,person-role,pilot: medium skin tone,,,Benedikt Groß,2020-01-15,3,single,🧑‍✈️,1F9D1-200D-2708-FE0F,12.1,1287
🧑🏾‍✈️,1F9D1-1F3FE-200D-2708-FE0F,people-body,person-role,pilot: medium-dark skin tone,,,Benedikt Groß,2020-01-15,4,single,🧑‍✈️,1F9D1-200D-2708-FE0F,12.1,1289
🧑🏿‍✈️,1F9D1-1F3FF-200D-2708-FE0F,people-body,person-role,pilot: dark skin tone,,,Benedikt Groß,2020-01-15,5,single,🧑‍✈️,1F9D1-200D-2708-FE0F,12.1,1291
👨‍✈️,1F468-200D-2708-FE0F,people-body,person-role,man pilot,"man, pilot, plane","man, pilot, plane, flying, control stick",Lisa Thiel,2018-04-18,,single,👨‍✈️,1F468-200D-2708-FE0F,4,1293
👨🏻‍✈️,1F468-1F3FB-200D-2708-FE0F,people-body,person-role,man pilot: light skin tone,,,Lisa Thiel,2018-04-18,1,single,👨‍✈️,1F468-200D-2708-FE0F,4,1295
👨🏼‍✈️,1F468-1F3FC-200D-2708-FE0F,people-body,person-role,man pilot: medium-light skin tone,,,Lisa Thiel,2018-04-18,2,single,👨‍✈️,1F468-200D-2708-FE0F,4,1297
👨🏽‍✈️,1F468-1F3FD-200D-2708-FE0F,people-body,person-role,man pilot: medium skin tone,,,Lisa Thiel,2018-04-18,3,single,👨‍✈️,1F468-200D-2708-FE0F,4,1299
👨🏾‍✈️,1F468-1F3FE-200D-2708-FE0F,people-body,person-role,man pilot: medium-dark skin tone,,,Lisa Thiel,2018-04-18,4,single,👨‍✈️,1F468-200D-2708-FE0F,4,1301
👨🏿‍✈️,1F468-1F3FF-200D-2708-FE0F,people-body,person-role,man pilot: dark skin tone,,,Lisa Thiel,2018-04-18,5,single,👨‍✈️,1F468-200D-2708-FE0F,4,1303
👩‍✈️,1F469-200D-2708-FE0F,people-body,person-role,woman pilot,"pilot, plane, woman","woman, pilot, plane, flying, control stick",Lisa Thiel,2018-04-18,,single,👩‍✈️,1F469-200D-2708-FE0F,4,1305
👩🏻‍✈️,1F469-1F3FB-200D-2708-FE0F,people-body,person-role,woman pilot: light skin tone,,,Lisa Thiel,2018-04-18,1,single,👩‍✈️,1F469-200D-2708-FE0F,4,1307
👩🏼‍✈️,1F469-1F3FC-200D-2708-FE0F,people-body,person-role,woman pilot: medium-light skin tone,,,Lisa Thiel,2018-04-18,2,single,👩‍✈️,1F469-200D-2708-FE0F,4,1309
👩🏽‍✈️,1F469-1F3FD-200D-2708-FE0F,people-body,person-role,woman pilot: medium skin tone,,,Lisa Thiel,2018-04-18,3,single,👩‍✈️,1F469-200D-2708-FE0F,4,1311
👩🏾‍✈️,1F469-1F3FE-200D-2708-FE0F,people-body,person-role,woman pilot: medium-dark skin tone,,,Lisa Thiel,2018-04-18,4,single,👩‍✈️,1F469-200D-2708-FE0F,4,1313
👩🏿‍✈️,1F469-1F3FF-200D-2708-FE0F,people-body,person-role,woman pilot: dark skin tone,,,Lisa Thiel,2018-04-18,5,single,👩‍✈️,1F469-200D-2708-FE0F,4,1315
🧑‍🚀,1F9D1-200D-1F680,people-body,person-role,astronaut,"rocket, space",,Benedikt Groß,2020-01-15,,single,🧑‍🚀,1F9D1-200D-1F680,12.1,1317
🧑🏻‍🚀,1F9D1-1F3FB-200D-1F680,people-body,person-role,astronaut: light skin tone,,,Benedikt Groß,2020-01-15,1,single,🧑‍🚀,1F9D1-200D-1F680,12.1,1318
🧑🏼‍🚀,1F9D1-1F3FC-200D-1F680,people-body,person-role,astronaut: medium-light skin tone,,,Benedikt Groß,2020-01-15,2,single,🧑‍🚀,1F9D1-200D-1F680,12.1,1319
🧑🏽‍🚀,1F9D1-1F3FD-200D-1F680,people-body,person-role,astronaut: medium skin tone,,,Benedikt Groß,2020-01-15,3,single,🧑‍🚀,1F9D1-200D-1F680,12.1,1320
🧑🏾‍🚀,1F9D1-1F3FE-200D-1F680,people-body,person-role,astronaut: medium-dark skin tone,,,Benedikt Groß,2020-01-15,4,single,🧑‍🚀,1F9D1-200D-1F680,12.1,1321
🧑🏿‍🚀,1F9D1-1F3FF-200D-1F680,people-body,person-role,astronaut: dark skin tone,,,Benedikt Groß,2020-01-15,5,single,🧑‍🚀,1F9D1-200D-1F680,12.1,1322
👨‍🚀,1F468-200D-1F680,people-body,person-role,man astronaut,"astronaut, man, rocket, space","astronaut, man, rocket, spacesuit, space, universe, spaceship",Lisa Thiel,2018-04-18,,single,👨‍🚀,1F468-200D-1F680,4,1323
👨🏻‍🚀,1F468-1F3FB-200D-1F680,people-body,person-role,man astronaut: light skin tone,,,Lisa Thiel,2018-04-18,1,single,👨‍🚀,1F468-200D-1F680,4,1324
👨🏼‍🚀,1F468-1F3FC-200D-1F680,people-body,person-role,man astronaut: medium-light skin tone,,,Lisa Thiel,2018-04-18,2,single,👨‍🚀,1F468-200D-1F680,4,1325
👨🏽‍🚀,1F468-1F3FD-200D-1F680,people-body,person-role,man astronaut: medium skin tone,,,Lisa Thiel,2018-04-18,3,single,👨‍🚀,1F468-200D-1F680,4,1326
👨🏾‍🚀,1F468-1F3FE-200D-1F680,people-body,person-role,man astronaut: medium-dark skin tone,,,Lisa Thiel,2018-04-18,4,single,👨‍🚀,1F468-200D-1F680,4,1327
👨🏿‍🚀,1F468-1F3FF-200D-1F680,people-body,person-role,man astronaut: dark skin tone,,,Lisa Thiel,2018-04-18,5,single,👨‍🚀,1F468-200D-1F680,4,1328
👩‍🚀,1F469-200D-1F680,people-body,person-role,woman astronaut,"astronaut, rocket, space, woman","astronaut, woman, rocket, spacesuit, space, universe, spaceship",Lisa Thiel,2018-04-18,,single,👩‍🚀,1F469-200D-1F680,4,1329
👩🏻‍🚀,1F469-1F3FB-200D-1F680,people-body,person-role,woman astronaut: light skin tone,,,Lisa Thiel,2018-04-18,1,single,👩‍🚀,1F469-200D-1F680,4,1330
👩🏼‍🚀,1F469-1F3FC-200D-1F680,people-body,person-role,woman astronaut: medium-light skin tone,,,Lisa Thiel,2018-04-18,2,single,👩‍🚀,1F469-200D-1F680,4,1331
👩🏽‍🚀,1F469-1F3FD-200D-1F680,people-body,person-role,woman astronaut: medium skin tone,,,Lisa Thiel,2018-04-18,3,single,👩‍🚀,1F469-200D-1F680,4,1332
👩🏾‍🚀,1F469-1F3FE-200D-1F680,people-body,person-role,woman astronaut: medium-dark skin tone,,,Lisa Thiel,2018-04-18,4,single,👩‍🚀,1F469-200D-1F680,4,1333
👩🏿‍🚀,1F469-1F3FF-200D-1F680,people-body,person-role,woman astronaut: dark skin tone,,,Lisa Thiel,2018-04-18,5,single,👩‍🚀,1F469-200D-1F680,4,1334
🧑‍🚒,1F9D1-200D-1F692,people-body,person-role,firefighter,"fire, firetruck",,Benedikt Groß,2020-01-15,,single,🧑‍🚒,1F9D1-200D-1F692,12.1,1335
🧑🏻‍🚒,1F9D1-1F3FB-200D-1F692,people-body,person-role,firefighter: light skin tone,,,Benedikt Groß,2020-01-15,1,single,🧑‍🚒,1F9D1-200D-1F692,12.1,1336
🧑🏼‍🚒,1F9D1-1F3FC-200D-1F692,people-body,person-role,firefighter: medium-light skin tone,,,Benedikt Groß,2020-01-15,2,single,🧑‍🚒,1F9D1-200D-1F692,12.1,1337
🧑🏽‍🚒,1F9D1-1F3FD-200D-1F692,people-body,person-role,firefighter: medium skin tone,,,Benedikt Groß,2020-01-15,3,single,🧑‍🚒,1F9D1-200D-1F692,12.1,1338
🧑🏾‍🚒,1F9D1-1F3FE-200D-1F692,people-body,person-role,firefighter: medium-dark skin tone,,,Benedikt Groß,2020-01-15,4,single,🧑‍🚒,1F9D1-200D-1F692,12.1,1339
🧑🏿‍🚒,1F9D1-1F3FF-200D-1F692,people-body,person-role,firefighter: dark skin tone,,,Benedikt Groß,2020-01-15,5,single,🧑‍🚒,1F9D1-200D-1F692,12.1,1340
👨‍🚒,1F468-200D-1F692,people-body,person-role,man firefighter,"fire, firefighter, firetruck, man","firefighter, firetruck, man, water hose, save, rescue, red helmet",Lisa Thiel,2018-04-18,,single,👨‍🚒,1F468-200D-1F692,4,1341
👨🏻‍🚒,1F468-1F3FB-200D-1F692,people-body,person-role,man firefighter: light skin tone,,,Lisa Thiel,2018-04-18,1,single,👨‍🚒,1F468-200D-1F692,4,1342
👨🏼‍🚒,1F468-1F3FC-200D-1F692,people-body,person-role,man firefighter: medium-light skin tone,,,Lisa Thiel,2018-04-18,2,single,👨‍🚒,1F468-200D-1F692,4,1343
👨🏽‍🚒,1F468-1F3FD-200D-1F692,people-body,person-role,man firefighter: medium skin tone,,,Lisa Thiel,2018-04-18,3,single,👨‍🚒,1F468-200D-1F692,4,1344
👨🏾‍🚒,1F468-1F3FE-200D-1F692,people-body,person-role,man firefighter: medium-dark skin tone,,,Lisa Thiel,2018-04-18,4,single,👨‍🚒,1F468-200D-1F692,4,1345
👨🏿‍🚒,1F468-1F3FF-200D-1F692,people-body,person-role,man firefighter: dark skin tone,,,Lisa Thiel,2018-04-18,5,single,👨‍🚒,1F468-200D-1F692,4,1346
👩‍🚒,1F469-200D-1F692,people-body,person-role,woman firefighter,"fire, firefighter, firetruck, woman","firefighter, firetruck, woman, water hose, save, rescue, red helmet",Lisa Thiel,2018-04-18,,single,👩‍🚒,1F469-200D-1F692,4,1347
👩🏻‍🚒,1F469-1F3FB-200D-1F692,people-body,person-role,woman firefighter: light skin tone,,,Lisa Thiel,2018-04-18,1,single,👩‍🚒,1F469-200D-1F692,4,1348
👩🏼‍🚒,1F469-1F3FC-200D-1F692,people-body,person-role,woman firefighter: medium-light skin tone,,,Lisa Thiel,2018-04-18,2,single,👩‍🚒,1F469-200D-1F692,4,1349
👩🏽‍🚒,1F469-1F3FD-200D-1F692,people-body,person-role,woman firefighter: medium skin tone,,,Lisa Thiel,2018-04-18,3,single,👩‍🚒,1F469-200D-1F692,4,1350
👩🏾‍🚒,1F469-1F3FE-200D-1F692,people-body,person-role,woman firefighter: medium-dark skin tone,,,Lisa Thiel,2018-04-18,4,single,👩‍🚒,1F469-200D-1F692,4,1351
👩🏿‍🚒,1F469-1F3FF-200D-1F692,people-body,person-role,woman firefighter: dark skin tone,,,Lisa Thiel,2018-04-18,5,single,👩‍🚒,1F469-200D-1F692,4,1352
👮,1F46E,people-body,person-role,police officer,"apprehend, arrest, citation, cop, law, officer, over, police, pulled, undercover","cop, officer, police, law, justice, blue, badge",Lisa Thiel,2018-04-18,,single,👮,1F46E,0.6,1353
👮🏻,1F46E-1F3FB,people-body,person-role,police officer: light skin tone,,,Lisa Thiel,2018-04-18,1,single,👮,1F46E,1,1354
👮🏼,1F46E-1F3FC,people-body,person-role,police officer: medium-light skin tone,,,Lisa Thiel,2018-04-18,2,single,👮,1F46E,1,1355
👮🏽,1F46E-1F3FD,people-body,person-role,police officer: medium skin tone,,,Lisa Thiel,2018-04-18,3,single,👮,1F46E,1,1356
👮🏾,1F46E-1F3FE,people-body,person-role,police officer: medium-dark skin tone,,,Lisa Thiel,2018-04-18,4,single,👮,1F46E,1,1357
👮🏿,1F46E-1F3FF,people-body,person-role,police officer: dark skin tone,,,Lisa Thiel,2018-04-18,5,single,👮,1F46E,1,1358
👮‍♂️,1F46E-200D-2642-FE0F,people-body,person-role,man police officer,"apprehend, arrest, citation, cop, law, man, officer, over, police, pulled, undercover",,Antonia Wagner,2019-05-03,,single,👮‍♂️,1F46E-200D-2642-FE0F,4,1359
👮🏻‍♂️,1F46E-1F3FB-200D-2642-FE0F,people-body,person-role,man police officer: light skin tone,,,Antonia Wagner,2019-05-03,1,single,👮‍♂️,1F46E-200D-2642-FE0F,4,1361
👮🏼‍♂️,1F46E-1F3FC-200D-2642-FE0F,people-body,person-role,man police officer: medium-light skin tone,,,Antonia Wagner,2019-05-03,2,single,👮‍♂️,1F46E-200D-2642-FE0F,4,1363
👮🏽‍♂️,1F46E-1F3FD-200D-2642-FE0F,people-body,person-role,man police officer: medium skin tone,,,Antonia Wagner,2019-05-03,3,single,👮‍♂️,1F46E-200D-2642-FE0F,4,1365
👮🏾‍♂️,1F46E-1F3FE-200D-2642-FE0F,people-body,person-role,man police officer: medium-dark skin tone,,,Antonia Wagner,2019-05-03,4,single,👮‍♂️,1F46E-200D-2642-FE0F,4,1367
👮🏿‍♂️,1F46E-1F3FF-200D-2642-FE0F,people-body,person-role,man police officer: dark skin tone,,,Antonia Wagner,2019-05-03,5,single,👮‍♂️,1F46E-200D-2642-FE0F,4,1369
👮‍♀️,1F46E-200D-2640-FE0F,people-body,person-role,woman police officer,"apprehend, arrest, citation, cop, law, officer, over, police, pulled, undercover, woman",,Antonia Wagner,2019-05-03,,single,👮‍♀️,1F46E-200D-2640-FE0F,4,1371
👮🏻‍♀️,1F46E-1F3FB-200D-2640-FE0F,people-body,person-role,woman police officer: light skin tone,,,Antonia Wagner,2019-05-03,1,single,👮‍♀️,1F46E-200D-2640-FE0F,4,1373
👮🏼‍♀️,1F46E-1F3FC-200D-2640-FE0F,people-body,person-role,woman police officer: medium-light skin tone,,,Antonia Wagner,2019-05-03,2,single,👮‍♀️,1F46E-200D-2640-FE0F,4,1375
👮🏽‍♀️,1F46E-1F3FD-200D-2640-FE0F,people-body,person-role,woman police officer: medium skin tone,,,Antonia Wagner,2019-05-03,3,single,👮‍♀️,1F46E-200D-2640-FE0F,4,1377
👮🏾‍♀️,1F46E-1F3FE-200D-2640-FE0F,people-body,person-role,woman police officer: medium-dark skin tone,,,Antonia Wagner,2019-05-03,4,single,👮‍♀️,1F46E-200D-2640-FE0F,4,1379
👮🏿‍♀️,1F46E-1F3FF-200D-2640-FE0F,people-body,person-role,woman police officer: dark skin tone,,,Antonia Wagner,2019-05-03,5,single,👮‍♀️,1F46E-200D-2640-FE0F,4,1381
🕵️,1F575,people-body,person-role,detective,"sleuth, spy","sleuth, spy, sherlock, investigator, magnifier, magnifying glass, cloak, coat",Lisa Thiel,2018-04-18,,single,🕵️,1F575,0.7,1384
🕵🏻,1F575-1F3FB,people-body,person-role,detective: light skin tone,,,Lisa Thiel,2018-04-18,1,single,🕵️,1F575,2,1385
🕵🏼,1F575-1F3FC,people-body,person-role,detective: medium-light skin tone,,,Lisa Thiel,2018-04-18,2,single,🕵️,1F575,2,1386
🕵🏽,1F575-1F3FD,people-body,person-role,detective: medium skin tone,,,Lisa Thiel,2018-04-18,3,single,🕵️,1F575,2,1387
🕵🏾,1F575-1F3FE,people-body,person-role,detective: medium-dark skin tone,,,Lisa Thiel,2018-04-18,4,single,🕵️,1F575,2,1388
🕵🏿,1F575-1F3FF,people-body,person-role,detective: dark skin tone,,,Lisa Thiel,2018-04-18,5,single,🕵️,1F575,2,1389
🕵️‍♂️,1F575-FE0F-200D-2642-FE0F,people-body,person-role,man detective,"detective, man, sleuth, spy",,Antonia Wagner,2019-05-03,,single,🕵️‍♂️,1F575-FE0F-200D-2642-FE0F,4,1390
🕵🏻‍♂️,1F575-1F3FB-200D-2642-FE0F,people-body,person-role,man detective: light skin tone,,,Antonia Wagner,2019-05-03,1,single,🕵️‍♂️,1F575-FE0F-200D-2642-FE0F,4,1394
🕵🏼‍♂️,1F575-1F3FC-200D-2642-FE0F,people-body,person-role,man detective: medium-light skin tone,,,Antonia Wagner,2019-05-03,2,single,🕵️‍♂️,1F575-FE0F-200D-2642-FE0F,4,1396
🕵🏽‍♂️,1F575-1F3FD-200D-2642-FE0F,people-body,person-role,man detective: medium skin tone,,,Antonia Wagner,2019-05-03,3,single,🕵️‍♂️,1F575-FE0F-200D-2642-FE0F,4,1398
🕵🏾‍♂️,1F575-1F3FE-200D-2642-FE0F,people-body,person-role,man detective: medium-dark skin tone,,,Antonia Wagner,2019-05-03,4,single,🕵️‍♂️,1F575-FE0F-200D-2642-FE0F,4,1400
🕵🏿‍♂️,1F575-1F3FF-200D-2642-FE0F,people-body,person-role,man detective: dark skin tone,,,Antonia Wagner,2019-05-03,5,single,🕵️‍♂️,1F575-FE0F-200D-2642-FE0F,4,1402
🕵️‍♀️,1F575-FE0F-200D-2640-FE0F,people-body,person-role,woman detective,"detective, sleuth, spy, woman",,Antonia Wagner,2019-05-03,,single,🕵️‍♀️,1F575-FE0F-200D-2640-FE0F,4,1404
🕵🏻‍♀️,1F575-1F3FB-200D-2640-FE0F,people-body,person-role,woman detective: light skin tone,,,Antonia Wagner,2019-05-03,1,single,🕵️‍♀️,1F575-FE0F-200D-2640-FE0F,4,1408
🕵🏼‍♀️,1F575-1F3FC-200D-2640-FE0F,people-body,person-role,woman detective: medium-light skin tone,,,Antonia Wagner,2019-05-03,2,single,🕵️‍♀️,1F575-FE0F-200D-2640-FE0F,4,1410
🕵🏽‍♀️,1F575-1F3FD-200D-2640-FE0F,people-body,person-role,woman detective: medium skin tone,,,Antonia Wagner,2019-05-03,3,single,🕵️‍♀️,1F575-FE0F-200D-2640-FE0F,4,1412
🕵🏾‍♀️,1F575-1F3FE-200D-2640-FE0F,people-body,person-role,woman detective: medium-dark skin tone,,,Antonia Wagner,2019-05-03,4,single,🕵️‍♀️,1F575-FE0F-200D-2640-FE0F,4,1414
🕵🏿‍♀️,1F575-1F3FF-200D-2640-FE0F,people-body,person-role,woman detective: dark skin tone,,,Antonia Wagner,2019-05-03,5,single,🕵️‍♀️,1F575-FE0F-200D-2640-FE0F,4,1416
💂,1F482,people-body,person-role,guard,"buckingham, helmet, london, palace","guard, britain, great britain, queen, england, london, royal guard, furry hat guard, protection",Lisa Thiel,2018-04-18,,single,💂,1F482,0.6,1418
💂🏻,1F482-1F3FB,people-body,person-role,guard: light skin tone,,,Lisa Thiel,2018-04-18,1,single,💂,1F482,1,1419
💂🏼,1F482-1F3FC,people-body,person-role,guard: medium-light skin tone,,,Lisa Thiel,2018-04-18,2,single,💂,1F482,1,1420
💂🏽,1F482-1F3FD,people-body,person-role,guard: medium skin tone,,,Lisa Thiel,2018-04-18,3,single,💂,1F482,1,1421
💂🏾,1F482-1F3FE,people-body,person-role,guard: medium-dark skin tone,,,Lisa Thiel,2018-04-18,4,single,💂,1F482,1,1422
💂🏿,1F482-1F3FF,people-body,person-role,guard: dark skin tone,,,Lisa Thiel,2018-04-18,5,single,💂,1F482,1,1423
💂‍♂️,1F482-200D-2642-FE0F,people-body,person-role,man guard,"buckingham, guard, helmet, london, man, palace",,Liz Bravo,2020-12-22,,single,💂‍♂️,1F482-200D-2642-FE0F,4,1424
💂🏻‍♂️,1F482-1F3FB-200D-2642-FE0F,people-body,person-role,man guard: light skin tone,,,Liz Bravo,2020-12-22,1,single,💂‍♂️,1F482-200D-2642-FE0F,4,1426
💂🏼‍♂️,1F482-1F3FC-200D-2642-FE0F,people-body,person-role,man guard: medium-light skin tone,,,Liz Bravo,2020-12-22,2,single,💂‍♂️,1F482-200D-2642-FE0F,4,1428
💂🏽‍♂️,1F482-1F3FD-200D-2642-FE0F,people-body,person-role,man guard: medium skin tone,,,Liz Bravo,2020-12-22,3,single,💂‍♂️,1F482-200D-2642-FE0F,4,1430
💂🏾‍♂️,1F482-1F3FE-200D-2642-FE0F,people-body,person-role,man guard: medium-dark skin tone,,,Liz Bravo,2020-12-22,4,single,💂‍♂️,1F482-200D-2642-FE0F,4,1432
💂🏿‍♂️,1F482-1F3FF-200D-2642-FE0F,people-body,person-role,man guard: dark skin tone,,,Liz Bravo,2020-12-22,5,single,💂‍♂️,1F482-200D-2642-FE0F,4,1434
💂‍♀️,1F482-200D-2640-FE0F,people-body,person-role,woman guard,"buckingham, guard, helmet, london, palace, woman",,Antonia Wagner,2019-05-03,,single,💂‍♀️,1F482-200D-2640-FE0F,4,1436
💂🏻‍♀️,1F482-1F3FB-200D-2640-FE0F,people-body,person-role,woman guard: light skin tone,,,Antonia Wagner,2019-05-03,1,single,💂‍♀️,1F482-200D-2640-FE0F,4,1438
💂🏼‍♀️,1F482-1F3FC-200D-2640-FE0F,people-body,person-role,woman guard: medium-light skin tone,,,Antonia Wagner,2019-05-03,2,single,💂‍♀️,1F482-200D-2640-FE0F,4,1440
💂🏽‍♀️,1F482-1F3FD-200D-2640-FE0F,people-body,person-role,woman guard: medium skin tone,,,Antonia Wagner,2019-05-03,3,single,💂‍♀️,1F482-200D-2640-FE0F,4,1442
💂🏾‍♀️,1F482-1F3FE-200D-2640-FE0F,people-body,person-role,woman guard: medium-dark skin tone,,,Antonia Wagner,2019-05-03,4,single,💂‍♀️,1F482-200D-2640-FE0F,4,1444
💂🏿‍♀️,1F482-1F3FF-200D-2640-FE0F,people-body,person-role,woman guard: dark skin tone,,,Antonia Wagner,2019-05-03,5,single,💂‍♀️,1F482-200D-2640-FE0F,4,1446
🥷,1F977,people-body,person-role,ninja,"assassin, fight, fighter, hidden, person, secret, skills, sly, soldier, stealth, war",,Liz Bravo,2020-10-07,,single,🥷,1F977,13,1448
🥷🏻,1F977-1F3FB,people-body,person-role,ninja: light skin tone,,,Liz Bravo,2020-10-07,1,single,🥷,1F977,13,1449
🥷🏼,1F977-1F3FC,people-body,person-role,ninja: medium-light skin tone,,,Liz Bravo,2020-10-07,2,single,🥷,1F977,13,1450
🥷🏽,1F977-1F3FD,people-body,person-role,ninja: medium skin tone,,,Liz Bravo,2020-10-07,3,single,🥷,1F977,13,1451
🥷🏾,1F977-1F3FE,people-body,person-role,ninja: medium-dark skin tone,,,Liz Bravo,2020-10-07,4,single,🥷,1F977,13,1452
🥷🏿,1F977-1F3FF,people-body,person-role,ninja: dark skin tone,,,Liz Bravo,2020-10-07,5,single,🥷,1F977,13,1453
👷,1F477,people-body,person-role,construction worker,"build, construction, fix, hardhat, hat, man, person, rebuild, remodel, repair, work, worker","construction, hat, worker, striped west, helmet",Lisa Thiel,2018-04-18,,single,👷,1F477,0.6,1454
👷🏻,1F477-1F3FB,people-body,person-role,construction worker: light skin tone,,,Lisa Thiel,2018-04-18,1,single,👷,1F477,1,1455
👷🏼,1F477-1F3FC,people-body,person-role,construction worker: medium-light skin tone,,,Lisa Thiel,2018-04-18,2,single,👷,1F477,1,1456
👷🏽,1F477-1F3FD,people-body,person-role,construction worker: medium skin tone,,,Lisa Thiel,2018-04-18,3,single,👷,1F477,1,1457
👷🏾,1F477-1F3FE,people-body,person-role,construction worker: medium-dark skin tone,,,Lisa Thiel,2018-04-18,4,single,👷,1F477,1,1458
👷🏿,1F477-1F3FF,people-body,person-role,construction worker: dark skin tone,,,Lisa Thiel,2018-04-18,5,single,👷,1F477,1,1459
👷‍♂️,1F477-200D-2642-FE0F,people-body,person-role,man construction worker,"build, construction, fix, hardhat, hat, man, rebuild, remodel, repair, work, worker",,Antonia Wagner,2019-05-03,,single,👷‍♂️,1F477-200D-2642-FE0F,4,1460
👷🏻‍♂️,1F477-1F3FB-200D-2642-FE0F,people-body,person-role,man construction worker: light skin tone,,,Antonia Wagner,2019-05-03,1,single,👷‍♂️,1F477-200D-2642-FE0F,4,1462
👷🏼‍♂️,1F477-1F3FC-200D-2642-FE0F,people-body,person-role,man construction worker: medium-light skin tone,,,Antonia Wagner,2019-05-03,2,single,👷‍♂️,1F477-200D-2642-FE0F,4,1464
👷🏽‍♂️,1F477-1F3FD-200D-2642-FE0F,people-body,person-role,man construction worker: medium skin tone,,,Antonia Wagner,2019-05-03,3,single,👷‍♂️,1F477-200D-2642-FE0F,4,1466
👷🏾‍♂️,1F477-1F3FE-200D-2642-FE0F,people-body,person-role,man construction worker: medium-dark skin tone,,,Antonia Wagner,2019-05-03,4,single,👷‍♂️,1F477-200D-2642-FE0F,4,1468
👷🏿‍♂️,1F477-1F3FF-200D-2642-FE0F,people-body,person-role,man construction worker: dark skin tone,,,Antonia Wagner,2019-05-03,5,single,👷‍♂️,1F477-200D-2642-FE0F,4,1470
👷‍♀️,1F477-200D-2640-FE0F,people-body,person-role,woman construction worker,"build, construction, fix, hardhat, hat, man, rebuild, remodel, repair, woman, work, worker",,Antonia Wagner,2019-05-03,,single,👷‍♀️,1F477-200D-2640-FE0F,4,1472
👷🏻‍♀️,1F477-1F3FB-200D-2640-FE0F,people-body,person-role,woman construction worker: light skin tone,,,Antonia Wagner,2019-05-03,1,single,👷‍♀️,1F477-200D-2640-FE0F,4,1474
👷🏼‍♀️,1F477-1F3FC-200D-2640-FE0F,people-body,person-role,woman construction worker: medium-light skin tone,,,Antonia Wagner,2019-05-03,2,single,👷‍♀️,1F477-200D-2640-FE0F,4,1476
👷🏽‍♀️,1F477-1F3FD-200D-2640-FE0F,people-body,person-role,woman construction worker: medium skin tone,,,Antonia Wagner,2019-05-03,3,single,👷‍♀️,1F477-200D-2640-FE0F,4,1478
👷🏾‍♀️,1F477-1F3FE-200D-2640-FE0F,people-body,person-role,woman construction worker: medium-dark skin tone,,,Antonia Wagner,2019-05-03,4,single,👷‍♀️,1F477-200D-2640-FE0F,4,1480
👷🏿‍♀️,1F477-1F3FF-200D-2640-FE0F,people-body,person-role,woman construction worker: dark skin tone,,,Antonia Wagner,2019-05-03,5,single,👷‍♀️,1F477-200D-2640-FE0F,4,1482
🫅,1FAC5,people-body,person-role,person with crown,"crown, monarch, noble, person, regal, royal, royalty",,Alena Peichl,2022-05-09,,single,🫅,1FAC5,14,1484
🫅🏻,1FAC5-1F3FB,people-body,person-role,person with crown: light skin tone,,,Alena Peichl,2022-05-09,1,single,🫅,1FAC5,14,1485
🫅🏼,1FAC5-1F3FC,people-body,person-role,person with crown: medium-light skin tone,,,Alena Peichl,2022-05-09,2,single,🫅,1FAC5,14,1486
🫅🏽,1FAC5-1F3FD,people-body,person-role,person with crown: medium skin tone,,,Alena Peichl,2022-05-09,3,single,🫅,1FAC5,14,1487
🫅🏾,1FAC5-1F3FE,people-body,person-role,person with crown: medium-dark skin tone,,,Alena Peichl,2022-05-09,4,single,🫅,1FAC5,14,1488
🫅🏿,1FAC5-1F3FF,people-body,person-role,person with crown: dark skin tone,,,Alena Peichl,2022-05-09,5,single,🫅,1FAC5,14,1489
🤴,1F934,people-body,person-role,prince,"crown, fairy, fairytale, fantasy, king, royal, royalty, tale","prince, charming, crown, fairy tale, fantasy, pink",Lisa Thiel,2018-04-18,,single,🤴,1F934,3,1490
🤴🏻,1F934-1F3FB,people-body,person-role,prince: light skin tone,,,Lisa Thiel,2018-04-18,1,single,🤴,1F934,3,1491
🤴🏼,1F934-1F3FC,people-body,person-role,prince: medium-light skin tone,,,Lisa Thiel,2018-04-18,2,single,🤴,1F934,3,1492
🤴🏽,1F934-1F3FD,people-body,person-role,prince: medium skin tone,,,Lisa Thiel,2018-04-18,3,single,🤴,1F934,3,1493
🤴🏾,1F934-1F3FE,people-body,person-role,prince: medium-dark skin tone,,,Lisa Thiel,2018-04-18,4,single,🤴,1F934,3,1494
🤴🏿,1F934-1F3FF,people-body,person-role,prince: dark skin tone,,,Lisa Thiel,2018-04-18,5,single,🤴,1F934,3,1495
👸,1F478,people-body,person-role,princess,"crown, fairy, fairytale, fantasy, queen, royal, royalty, tale","fairy tale, fantasy, crown, pink dress, princess crown",Lisa Thiel,2018-04-18,,single,👸,1F478,0.6,1496
👸🏻,1F478-1F3FB,people-body,person-role,princess: light skin tone,,,Lisa Thiel,2018-04-18,1,single,👸,1F478,1,1497
👸🏼,1F478-1F3FC,people-body,person-role,princess: medium-light skin tone,,,Lisa Thiel,2018-04-18,2,single,👸,1F478,1,1498
👸🏽,1F478-1F3FD,people-body,person-role,princess: medium skin tone,,,Lisa Thiel,2018-04-18,3,single,👸,1F478,1,1499
👸🏾,1F478-1F3FE,people-body,person-role,princess: medium-dark skin tone,,,Lisa Thiel,2018-04-18,4,single,👸,1F478,1,1500
👸🏿,1F478-1F3FF,people-body,person-role,princess: dark skin tone,,,Lisa Thiel,2018-04-18,5,single,👸,1F478,1,1501
👳,1F473,people-body,person-role,person wearing turban,"person, turban, wearing","man, beard, turban, religion",Lisa Thiel,2018-04-18,,single,👳,1F473,0.6,1502
👳🏻,1F473-1F3FB,people-body,person-role,person wearing turban: light skin tone,,,Lisa Thiel,2018-04-18,1,single,👳,1F473,1,1503
👳🏼,1F473-1F3FC,people-body,person-role,person wearing turban: medium-light skin tone,,,Lisa Thiel,2018-04-18,2,single,👳,1F473,1,1504
👳🏽,1F473-1F3FD,people-body,person-role,person wearing turban: medium skin tone,,,Lisa Thiel,2018-04-18,3,single,👳,1F473,1,1505
👳🏾,1F473-1F3FE,people-body,person-role,person wearing turban: medium-dark skin tone,,,Lisa Thiel,2018-04-18,4,single,👳,1F473,1,1506
👳🏿,1F473-1F3FF,people-body,person-role,person wearing turban: dark skin tone,,,Lisa Thiel,2018-04-18,5,single,👳,1F473,1,1507
👳‍♂️,1F473-200D-2642-FE0F,people-body,person-role,man wearing turban,"man, turban, wearing",,Antonia Wagner,2019-05-03,,single,👳‍♂️,1F473-200D-2642-FE0F,4,1508
👳🏻‍♂️,1F473-1F3FB-200D-2642-FE0F,people-body,person-role,man wearing turban: light skin tone,,,Antonia Wagner,2019-05-03,1,single,👳‍♂️,1F473-200D-2642-FE0F,4,1510
👳🏼‍♂️,1F473-1F3FC-200D-2642-FE0F,people-body,person-role,man wearing turban: medium-light skin tone,,,Antonia Wagner,2019-05-03,2,single,👳‍♂️,1F473-200D-2642-FE0F,4,1512
👳🏽‍♂️,1F473-1F3FD-200D-2642-FE0F,people-body,person-role,man wearing turban: medium skin tone,,,Antonia Wagner,2019-05-03,3,single,👳‍♂️,1F473-200D-2642-FE0F,4,1514
👳🏾‍♂️,1F473-1F3FE-200D-2642-FE0F,people-body,person-role,man wearing turban: medium-dark skin tone,,,Antonia Wagner,2019-05-03,4,single,👳‍♂️,1F473-200D-2642-FE0F,4,1516
👳🏿‍♂️,1F473-1F3FF-200D-2642-FE0F,people-body,person-role,man wearing turban: dark skin tone,,,Antonia Wagner,2019-05-03,5,single,👳‍♂️,1F473-200D-2642-FE0F,4,1518
👳‍♀️,1F473-200D-2640-FE0F,people-body,person-role,woman wearing turban,"turban, wearing, woman",,Antonia Wagner,2019-05-03,,single,👳‍♀️,1F473-200D-2640-FE0F,4,1520
👳🏻‍♀️,1F473-1F3FB-200D-2640-FE0F,people-body,person-role,woman wearing turban: light skin tone,,,Antonia Wagner,2019-05-03,1,single,👳‍♀️,1F473-200D-2640-FE0F,4,1522
👳🏼‍♀️,1F473-1F3FC-200D-2640-FE0F,people-body,person-role,woman wearing turban: medium-light skin tone,,,Antonia Wagner,2019-05-03,2,single,👳‍♀️,1F473-200D-2640-FE0F,4,1524
👳🏽‍♀️,1F473-1F3FD-200D-2640-FE0F,people-body,person-role,woman wearing turban: medium skin tone,,,Antonia Wagner,2019-05-03,3,single,👳‍♀️,1F473-200D-2640-FE0F,4,1526
👳🏾‍♀️,1F473-1F3FE-200D-2640-FE0F,people-body,person-role,woman wearing turban: medium-dark skin tone,,,Antonia Wagner,2019-05-03,4,single,👳‍♀️,1F473-200D-2640-FE0F,4,1528
👳🏿‍♀️,1F473-1F3FF-200D-2640-FE0F,people-body,person-role,woman wearing turban: dark skin tone,,,Antonia Wagner,2019-05-03,5,single,👳‍♀️,1F473-200D-2640-FE0F,4,1530
👲,1F472,people-body,person-role,person with skullcap,"cap, chinese, gua, guapi, hat, mao, person, pi, skullcap",,Anne Frauendorf,2018-11-16,,single,👲,1F472,0.6,1532
👲🏻,1F472-1F3FB,people-body,person-role,person with skullcap: light skin tone,,,Anne Frauendorf,2018-11-16,1,single,👲,1F472,1,1533
👲🏼,1F472-1F3FC,people-body,person-role,person with skullcap: medium-light skin tone,,,Anne Frauendorf,2018-11-16,2,single,👲,1F472,1,1534
👲🏽,1F472-1F3FD,people-body,person-role,person with skullcap: medium skin tone,,,Anne Frauendorf,2018-11-16,3,single,👲,1F472,1,1535
👲🏾,1F472-1F3FE,people-body,person-role,person with skullcap: medium-dark skin tone,,,Anne Frauendorf,2018-11-16,4,single,👲,1F472,1,1536
👲🏿,1F472-1F3FF,people-body,person-role,person with skullcap: dark skin tone,,,Anne Frauendorf,2018-11-16,5,single,👲,1F472,1,1537
🧕,1F9D5,people-body,person-role,woman with headscarf,"bandana, head, headscarf, hijab, kerchief, mantilla, tichel, woman","headscarf, hijab, mantilla, religion, religious, muslim",Lisa Thiel,2018-04-18,,single,🧕,1F9D5,5,1538
🧕🏻,1F9D5-1F3FB,people-body,person-role,woman with headscarf: light skin tone,,,Lisa Thiel,2018-04-18,1,single,🧕,1F9D5,5,1539
🧕🏼,1F9D5-1F3FC,people-body,person-role,woman with headscarf: medium-light skin tone,,,Lisa Thiel,2018-04-18,2,single,🧕,1F9D5,5,1540
🧕🏽,1F9D5-1F3FD,people-body,person-role,woman with headscarf: medium skin tone,,,Lisa Thiel,2018-04-18,3,single,🧕,1F9D5,5,1541
🧕🏾,1F9D5-1F3FE,people-body,person-role,woman with headscarf: medium-dark skin tone,,,Lisa Thiel,2018-04-18,4,single,🧕,1F9D5,5,1542
🧕🏿,1F9D5-1F3FF,people-body,person-role,woman with headscarf: dark skin tone,,,Lisa Thiel,2018-04-18,5,single,🧕,1F9D5,5,1543
🤵,1F935,people-body,person-role,person in tuxedo,"formal, person, tuxedo, wedding",,Liz Bravo,2020-09-26,,single,🤵,1F935,3,1544
🤵🏻,1F935-1F3FB,people-body,person-role,person in tuxedo: light skin tone,,,Liz Bravo,2020-09-26,1,single,🤵,1F935,3,1545
🤵🏼,1F935-1F3FC,people-body,person-role,person in tuxedo: medium-light skin tone,,,Liz Bravo,2020-09-26,2,single,🤵,1F935,3,1546
🤵🏽,1F935-1F3FD,people-body,person-role,person in tuxedo: medium skin tone,,,Liz Bravo,2020-09-26,3,single,🤵,1F935,3,1547
🤵🏾,1F935-1F3FE,people-body,person-role,person in tuxedo: medium-dark skin tone,,,Liz Bravo,2020-09-26,4,single,🤵,1F935,3,1548
🤵🏿,1F935-1F3FF,people-body,person-role,person in tuxedo: dark skin tone,,,Liz Bravo,2020-09-26,5,single,🤵,1F935,3,1549
🤵‍♂️,1F935-200D-2642-FE0F,people-body,person-role,man in tuxedo,"formal, groom, man, tuxedo, wedding",,Nadine Bartel,2019-05-06,,single,🤵‍♂️,1F935-200D-2642-FE0F,13,1550
🤵🏻‍♂️,1F935-1F3FB-200D-2642-FE0F,people-body,person-role,man in tuxedo: light skin tone,,,Nadine Bartel,2019-05-06,1,single,🤵‍♂️,1F935-200D-2642-FE0F,13,1552
🤵🏼‍♂️,1F935-1F3FC-200D-2642-FE0F,people-body,person-role,man in tuxedo: medium-light skin tone,,,Nadine Bartel,2019-05-06,2,single,🤵‍♂️,1F935-200D-2642-FE0F,13,1554
🤵🏽‍♂️,1F935-1F3FD-200D-2642-FE0F,people-body,person-role,man in tuxedo: medium skin tone,,,Nadine Bartel,2019-05-06,3,single,🤵‍♂️,1F935-200D-2642-FE0F,13,1556
🤵🏾‍♂️,1F935-1F3FE-200D-2642-FE0F,people-body,person-role,man in tuxedo: medium-dark skin tone,,,Nadine Bartel,2019-05-06,4,single,🤵‍♂️,1F935-200D-2642-FE0F,13,1558
🤵🏿‍♂️,1F935-1F3FF-200D-2642-FE0F,people-body,person-role,man in tuxedo: dark skin tone,,,Nadine Bartel,2019-05-06,5,single,🤵‍♂️,1F935-200D-2642-FE0F,13,1560
🤵‍♀️,1F935-200D-2640-FE0F,people-body,person-role,woman in tuxedo,"formal, tuxedo, wedding, woman",,Liz Bravo,2020-10-30,,single,🤵‍♀️,1F935-200D-2640-FE0F,13,1562
🤵🏻‍♀️,1F935-1F3FB-200D-2640-FE0F,people-body,person-role,woman in tuxedo: light skin tone,,,Liz Bravo,2020-10-30,1,single,🤵‍♀️,1F935-200D-2640-FE0F,13,1564
🤵🏼‍♀️,1F935-1F3FC-200D-2640-FE0F,people-body,person-role,woman in tuxedo: medium-light skin tone,,,Liz Bravo,2020-10-30,2,single,🤵‍♀️,1F935-200D-2640-FE0F,13,1566
🤵🏽‍♀️,1F935-1F3FD-200D-2640-FE0F,people-body,person-role,woman in tuxedo: medium skin tone,,,Liz Bravo,2020-10-30,3,single,🤵‍♀️,1F935-200D-2640-FE0F,13,1568
🤵🏾‍♀️,1F935-1F3FE-200D-2640-FE0F,people-body,person-role,woman in tuxedo: medium-dark skin tone,,,Liz Bravo,2020-10-30,4,single,🤵‍♀️,1F935-200D-2640-FE0F,13,1570
🤵🏿‍♀️,1F935-1F3FF-200D-2640-FE0F,people-body,person-role,woman in tuxedo: dark skin tone,,,Liz Bravo,2020-10-30,5,single,🤵‍♀️,1F935-200D-2640-FE0F,13,1572
👰,1F470,people-body,person-role,person with veil,"person, veil, wedding",,Liz Bravo,2020-09-26,,single,👰,1F470,0.6,1574
👰🏻,1F470-1F3FB,people-body,person-role,person with veil: light skin tone,,,Liz Bravo,2020-09-26,1,single,👰,1F470,1,1575
👰🏼,1F470-1F3FC,people-body,person-role,person with veil: medium-light skin tone,,,Liz Bravo,2020-09-26,2,single,👰,1F470,1,1576
👰🏽,1F470-1F3FD,people-body,person-role,person with veil: medium skin tone,,,Liz Bravo,2020-09-26,3,single,👰,1F470,1,1577
👰🏾,1F470-1F3FE,people-body,person-role,person with veil: medium-dark skin tone,,,Liz Bravo,2020-09-26,4,single,👰,1F470,1,1578
👰🏿,1F470-1F3FF,people-body,person-role,person with veil: dark skin tone,,,Liz Bravo,2020-09-26,5,single,👰,1F470,1,1579
👰‍♂️,1F470-200D-2642-FE0F,people-body,person-role,man with veil,"man, veil, wedding",,Liz Bravo,2020-10-30,,single,👰‍♂️,1F470-200D-2642-FE0F,13,1580
👰🏻‍♂️,1F470-1F3FB-200D-2642-FE0F,people-body,person-role,man with veil: light skin tone,,,Liz Bravo,2020-10-30,1,single,👰‍♂️,1F470-200D-2642-FE0F,13,1582
👰🏼‍♂️,1F470-1F3FC-200D-2642-FE0F,people-body,person-role,man with veil: medium-light skin tone,,,Liz Bravo,2020-10-30,2,single,👰‍♂️,1F470-200D-2642-FE0F,13,1584
👰🏽‍♂️,1F470-1F3FD-200D-2642-FE0F,people-body,person-role,man with veil: medium skin tone,,,Liz Bravo,2020-10-30,3,single,👰‍♂️,1F470-200D-2642-FE0F,13,1586
👰🏾‍♂️,1F470-1F3FE-200D-2642-FE0F,people-body,person-role,man with veil: medium-dark skin tone,,,Liz Bravo,2020-10-30,4,single,👰‍♂️,1F470-200D-2642-FE0F,13,1588
👰🏿‍♂️,1F470-1F3FF-200D-2642-FE0F,people-body,person-role,man with veil: dark skin tone,,,Liz Bravo,2020-10-30,5,single,👰‍♂️,1F470-200D-2642-FE0F,13,1590
👰‍♀️,1F470-200D-2640-FE0F,people-body,person-role,woman with veil,"bride, veil, wedding, woman","bride, veil, wedding, woman, female, marriage, married, love, wedding dress",Lisa Thiel,2018-04-18,,single,👰‍♀️,1F470-200D-2640-FE0F,13,1592
👰🏻‍♀️,1F470-1F3FB-200D-2640-FE0F,people-body,person-role,woman with veil: light skin tone,,,Lisa Thiel,2018-04-18,1,single,👰‍♀️,1F470-200D-2640-FE0F,13,1594
👰🏼‍♀️,1F470-1F3FC-200D-2640-FE0F,people-body,person-role,woman with veil: medium-light skin tone,,,Lisa Thiel,2018-04-18,2,single,👰‍♀️,1F470-200D-2640-FE0F,13,1596
👰🏽‍♀️,1F470-1F3FD-200D-2640-FE0F,people-body,person-role,woman with veil: medium skin tone,,,Lisa Thiel,2018-04-18,3,single,👰‍♀️,1F470-200D-2640-FE0F,13,1598
👰🏾‍♀️,1F470-1F3FE-200D-2640-FE0F,people-body,person-role,woman with veil: medium-dark skin tone,,,Lisa Thiel,2018-04-18,4,single,👰‍♀️,1F470-200D-2640-FE0F,13,1600
👰🏿‍♀️,1F470-1F3FF-200D-2640-FE0F,people-body,person-role,woman with veil: dark skin tone,,,Lisa Thiel,2018-04-18,5,single,👰‍♀️,1F470-200D-2640-FE0F,13,1602
🤰,1F930,people-body,person-role,pregnant woman,"pregnant, woman","pregnant, woman, child, birth, love, mother, motherhood, trust, baby",Lisa Thiel,2018-04-18,,single,🤰,1F930,3,1604
🤰🏻,1F930-1F3FB,people-body,person-role,pregnant woman: light skin tone,,,Lisa Thiel,2018-04-18,1,single,🤰,1F930,3,1605
🤰🏼,1F930-1F3FC,people-body,person-role,pregnant woman: medium-light skin tone,,,Lisa Thiel,2018-04-18,2,single,🤰,1F930,3,1606
🤰🏽,1F930-1F3FD,people-body,person-role,pregnant woman: medium skin tone,,,Lisa Thiel,2018-04-18,3,single,🤰,1F930,3,1607
🤰🏾,1F930-1F3FE,people-body,person-role,pregnant woman: medium-dark skin tone,,,Lisa Thiel,2018-04-18,4,single,🤰,1F930,3,1608
🤰🏿,1F930-1F3FF,people-body,person-role,pregnant woman: dark skin tone,,,Lisa Thiel,2018-04-18,5,single,🤰,1F930,3,1609
🫃,1FAC3,people-body,person-role,pregnant man,"belly, bloated, full, man, overeat, pregnant",,Natalie Siebler,2022-05-09,,single,🫃,1FAC3,14,1610
🫃🏻,1FAC3-1F3FB,people-body,person-role,pregnant man: light skin tone,,,Natalie Siebler,2022-05-09,1,single,🫃,1FAC3,14,1611
🫃🏼,1FAC3-1F3FC,people-body,person-role,pregnant man: medium-light skin tone,,,Natalie Siebler,2022-05-09,2,single,🫃,1FAC3,14,1612
🫃🏽,1FAC3-1F3FD,people-body,person-role,pregnant man: medium skin tone,,,Natalie Siebler,2022-05-09,3,single,🫃,1FAC3,14,1613
🫃🏾,1FAC3-1F3FE,people-body,person-role,pregnant man: medium-dark skin tone,,,Natalie Siebler,2022-05-09,4,single,🫃,1FAC3,14,1614
🫃🏿,1FAC3-1F3FF,people-body,person-role,pregnant man: dark skin tone,,,Natalie Siebler,2022-05-09,5,single,🫃,1FAC3,14,1615
🫄,1FAC4,people-body,person-role,pregnant person,"belly, bloated, full, overeat, person, pregnant, stuffed",,Jana Gerspach,2022-05-09,,single,🫄,1FAC4,14,1616
🫄🏻,1FAC4-1F3FB,people-body,person-role,pregnant person: light skin tone,,,Jana Gerspach,2022-05-09,1,single,🫄,1FAC4,14,1617
🫄🏼,1FAC4-1F3FC,people-body,person-role,pregnant person: medium-light skin tone,,,Jana Gerspach,2022-05-09,2,single,🫄,1FAC4,14,1618
🫄🏽,1FAC4-1F3FD,people-body,person-role,pregnant person: medium skin tone,,,Jana Gerspach,2022-05-09,3,single,🫄,1FAC4,14,1619
🫄🏾,1FAC4-1F3FE,people-body,person-role,pregnant person: medium-dark skin tone,,,Jana Gerspach,2022-05-09,4,single,🫄,1FAC4,14,1620
🫄🏿,1FAC4-1F3FF,people-body,person-role,pregnant person: dark skin tone,,,Jana Gerspach,2022-05-09,5,single,🫄,1FAC4,14,1621
🤱,1F931,people-body,person-role,breast-feeding,"baby, breast, feeding, mom, mother, nursing, woman","baby, breast, nursing, love, trust, mother, motherhood",Lisa Thiel,2018-04-18,,single,🤱,1F931,5,1622
🤱🏻,1F931-1F3FB,people-body,person-role,breast-feeding: light skin tone,,,Lisa Thiel,2018-04-18,1,single,🤱,1F931,5,1623
🤱🏼,1F931-1F3FC,people-body,person-role,breast-feeding: medium-light skin tone,,,Lisa Thiel,2018-04-18,2,single,🤱,1F931,5,1624
🤱🏽,1F931-1F3FD,people-body,person-role,breast-feeding: medium skin tone,,,Lisa Thiel,2018-04-18,3,single,🤱,1F931,5,1625
🤱🏾,1F931-1F3FE,people-body,person-role,breast-feeding: medium-dark skin tone,,,Lisa Thiel,2018-04-18,4,single,🤱,1F931,5,1626
🤱🏿,1F931-1F3FF,people-body,person-role,breast-feeding: dark skin tone,,,Lisa Thiel,2018-04-18,5,single,🤱,1F931,5,1627
👩‍🍼,1F469-200D-1F37C,people-body,person-role,woman feeding baby,"baby, feed, feeding, mom, mother, nanny, newborn, nursing, woman",,Liz Bravo,2020-09-26,,single,👩‍🍼,1F469-200D-1F37C,13,1628
👩🏻‍🍼,1F469-1F3FB-200D-1F37C,people-body,person-role,woman feeding baby: light skin tone,,,Liz Bravo,2020-09-26,1,single,👩‍🍼,1F469-200D-1F37C,13,1629
👩🏼‍🍼,1F469-1F3FC-200D-1F37C,people-body,person-role,woman feeding baby: medium-light skin tone,,,Liz Bravo,2020-09-26,2,single,👩‍🍼,1F469-200D-1F37C,13,1630
👩🏽‍🍼,1F469-1F3FD-200D-1F37C,people-body,person-role,woman feeding baby: medium skin tone,,,Liz Bravo,2020-09-26,3,single,👩‍🍼,1F469-200D-1F37C,13,1631
👩🏾‍🍼,1F469-1F3FE-200D-1F37C,people-body,person-role,woman feeding baby: medium-dark skin tone,,,Liz Bravo,2020-09-26,4,single,👩‍🍼,1F469-200D-1F37C,13,1632
👩🏿‍🍼,1F469-1F3FF-200D-1F37C,people-body,person-role,woman feeding baby: dark skin tone,,,Liz Bravo,2020-09-26,5,single,👩‍🍼,1F469-200D-1F37C,13,1633
👨‍🍼,1F468-200D-1F37C,people-body,person-role,man feeding baby,"baby, dad, father, feed, feeding, man, nanny, newborn, nursing",,Liz Bravo,2020-09-26,,single,👨‍🍼,1F468-200D-1F37C,13,1634
👨🏻‍🍼,1F468-1F3FB-200D-1F37C,people-body,person-role,man feeding baby: light skin tone,,,Liz Bravo,2020-09-26,1,single,👨‍🍼,1F468-200D-1F37C,13,1635
👨🏼‍🍼,1F468-1F3FC-200D-1F37C,people-body,person-role,man feeding baby: medium-light skin tone,,,Liz Bravo,2020-09-26,2,single,👨‍🍼,1F468-200D-1F37C,13,1636
👨🏽‍🍼,1F468-1F3FD-200D-1F37C,people-body,person-role,man feeding baby: medium skin tone,,,Liz Bravo,2020-09-26,3,single,👨‍🍼,1F468-200D-1F37C,13,1637
👨🏾‍🍼,1F468-1F3FE-200D-1F37C,people-body,person-role,man feeding baby: medium-dark skin tone,,,Liz Bravo,2020-09-26,4,single,👨‍🍼,1F468-200D-1F37C,13,1638
👨🏿‍🍼,1F468-1F3FF-200D-1F37C,people-body,person-role,man feeding baby: dark skin tone,,,Liz Bravo,2020-09-26,5,single,👨‍🍼,1F468-200D-1F37C,13,1639
🧑‍🍼,1F9D1-200D-1F37C,people-body,person-role,person feeding baby,"baby, feed, feeding, nanny, newborn, nursing, parent",,Liz Bravo,2020-09-26,,single,🧑‍🍼,1F9D1-200D-1F37C,13,1640
🧑🏻‍🍼,1F9D1-1F3FB-200D-1F37C,people-body,person-role,person feeding baby: light skin tone,,,Liz Bravo,2020-09-26,1,single,🧑‍🍼,1F9D1-200D-1F37C,13,1641
🧑🏼‍🍼,1F9D1-1F3FC-200D-1F37C,people-body,person-role,person feeding baby: medium-light skin tone,,,Liz Bravo,2020-09-26,2,single,🧑‍🍼,1F9D1-200D-1F37C,13,1642
🧑🏽‍🍼,1F9D1-1F3FD-200D-1F37C,people-body,person-role,person feeding baby: medium skin tone,,,Liz Bravo,2020-09-26,3,single,🧑‍🍼,1F9D1-200D-1F37C,13,1643
🧑🏾‍🍼,1F9D1-1F3FE-200D-1F37C,people-body,person-role,person feeding baby: medium-dark skin tone,,,Liz Bravo,2020-09-26,4,single,🧑‍🍼,1F9D1-200D-1F37C,13,1644
🧑🏿‍🍼,1F9D1-1F3FF-200D-1F37C,people-body,person-role,person feeding baby: dark skin tone,,,Liz Bravo,2020-09-26,5,single,🧑‍🍼,1F9D1-200D-1F37C,13,1645
👼,1F47C,people-body,person-fantasy,baby angel,"angel, baby, church, face, fairy, fairytale, fantasy, tale",,Anne Frauendorf,2018-11-16,,single,👼,1F47C,0.6,1646
👼🏻,1F47C-1F3FB,people-body,person-fantasy,baby angel: light skin tone,,,Anne Frauendorf,2018-11-16,1,single,👼,1F47C,1,1647
👼🏼,1F47C-1F3FC,people-body,person-fantasy,baby angel: medium-light skin tone,,,Anne Frauendorf,2018-11-16,2,single,👼,1F47C,1,1648
👼🏽,1F47C-1F3FD,people-body,person-fantasy,baby angel: medium skin tone,,,Anne Frauendorf,2018-11-16,3,single,👼,1F47C,1,1649
👼🏾,1F47C-1F3FE,people-body,person-fantasy,baby angel: medium-dark skin tone,,,Anne Frauendorf,2018-11-16,4,single,👼,1F47C,1,1650
👼🏿,1F47C-1F3FF,people-body,person-fantasy,baby angel: dark skin tone,,,Anne Frauendorf,2018-11-16,5,single,👼,1F47C,1,1651
🎅,1F385,people-body,person-fantasy,Santa Claus,"celebration, christmas, claus, fairy, fantasy, father, holiday, merry, santa, tale, xmas","christmas, holiday, jolly, happy, saint nicholas, santa claus, xmas, celebration",Lisa Thiel,2018-04-18,,single,🎅,1F385,0.6,1652
🎅🏻,1F385-1F3FB,people-body,person-fantasy,Santa Claus: light skin tone,,,Lisa Thiel,2018-04-18,1,single,🎅,1F385,1,1653
🎅🏼,1F385-1F3FC,people-body,person-fantasy,Santa Claus: medium-light skin tone,,,Lisa Thiel,2018-04-18,2,single,🎅,1F385,1,1654
🎅🏽,1F385-1F3FD,people-body,person-fantasy,Santa Claus: medium skin tone,,,Lisa Thiel,2018-04-18,3,single,🎅,1F385,1,1655
🎅🏾,1F385-1F3FE,people-body,person-fantasy,Santa Claus: medium-dark skin tone,,,Lisa Thiel,2018-04-18,4,single,🎅,1F385,1,1656
🎅🏿,1F385-1F3FF,people-body,person-fantasy,Santa Claus: dark skin tone,,,Lisa Thiel,2018-04-18,5,single,🎅,1F385,1,1657
🤶,1F936,people-body,person-fantasy,Mrs. Claus,"celebration, christmas, claus, fairy, fantasy, holiday, merry, mother, mrs, santa, tale, xmas","christmas, holiday, jolly, happy, mrs. clause, xmas, celebration",Lisa Thiel,2018-04-18,,single,🤶,1F936,3,1658
🤶🏻,1F936-1F3FB,people-body,person-fantasy,Mrs. Claus: light skin tone,,,Lisa Thiel,2018-04-18,1,single,🤶,1F936,3,1659
🤶🏼,1F936-1F3FC,people-body,person-fantasy,Mrs. Claus: medium-light skin tone,,,Lisa Thiel,2018-04-18,2,single,🤶,1F936,3,1660
🤶🏽,1F936-1F3FD,people-body,person-fantasy,Mrs. Claus: medium skin tone,,,Lisa Thiel,2018-04-18,3,single,🤶,1F936,3,1661
🤶🏾,1F936-1F3FE,people-body,person-fantasy,Mrs. Claus: medium-dark skin tone,,,Lisa Thiel,2018-04-18,4,single,🤶,1F936,3,1662
🤶🏿,1F936-1F3FF,people-body,person-fantasy,Mrs. Claus: dark skin tone,,,Lisa Thiel,2018-04-18,5,single,🤶,1F936,3,1663
🧑‍🎄,1F9D1-200D-1F384,people-body,person-fantasy,Mx Claus,"celebration, christmas, claus, fairy, fantasy, holiday, merry, mx, santa, tale, xmas",,Liz Bravo,2020-09-26,,single,🧑‍🎄,1F9D1-200D-1F384,13,1664
🧑🏻‍🎄,1F9D1-1F3FB-200D-1F384,people-body,person-fantasy,Mx Claus: light skin tone,,,Liz Bravo,2020-09-26,1,single,🧑‍🎄,1F9D1-200D-1F384,13,1665
🧑🏼‍🎄,1F9D1-1F3FC-200D-1F384,people-body,person-fantasy,Mx Claus: medium-light skin tone,,,Liz Bravo,2020-09-26,2,single,🧑‍🎄,1F9D1-200D-1F384,13,1666
🧑🏽‍🎄,1F9D1-1F3FD-200D-1F384,people-body,person-fantasy,Mx Claus: medium skin tone,,,Liz Bravo,2020-09-26,3,single,🧑‍🎄,1F9D1-200D-1F384,13,1667
🧑🏾‍🎄,1F9D1-1F3FE-200D-1F384,people-body,person-fantasy,Mx Claus: medium-dark skin tone,,,Liz Bravo,2020-09-26,4,single,🧑‍🎄,1F9D1-200D-1F384,13,1668
🧑🏿‍🎄,1F9D1-1F3FF-200D-1F384,people-body,person-fantasy,Mx Claus: dark skin tone,,,Liz Bravo,2020-09-26,5,single,🧑‍🎄,1F9D1-200D-1F384,13,1669
🦸,1F9B8,people-body,person-fantasy,superhero,"good, hero, superpower",,Nadine Bartel,2019-05-06,,single,🦸,1F9B8,11,1670
🦸🏻,1F9B8-1F3FB,people-body,person-fantasy,superhero: light skin tone,,,Nadine Bartel,2019-05-06,1,single,🦸,1F9B8,11,1671
🦸🏼,1F9B8-1F3FC,people-body,person-fantasy,superhero: medium-light skin tone,,,Nadine Bartel,2019-05-06,2,single,🦸,1F9B8,11,1672
🦸🏽,1F9B8-1F3FD,people-body,person-fantasy,superhero: medium skin tone,,,Nadine Bartel,2019-05-06,3,single,🦸,1F9B8,11,1673
🦸🏾,1F9B8-1F3FE,people-body,person-fantasy,superhero: medium-dark skin tone,,,Nadine Bartel,2019-05-06,4,single,🦸,1F9B8,11,1674
🦸🏿,1F9B8-1F3FF,people-body,person-fantasy,superhero: dark skin tone,,,Nadine Bartel,2019-05-06,5,single,🦸,1F9B8,11,1675
🦸‍♂️,1F9B8-200D-2642-FE0F,people-body,person-fantasy,man superhero,"good, hero, man, superhero, superpower",,Nadine Bartel,2019-05-06,,single,🦸‍♂️,1F9B8-200D-2642-FE0F,11,1676
🦸🏻‍♂️,1F9B8-1F3FB-200D-2642-FE0F,people-body,person-fantasy,man superhero: light skin tone,,,Nadine Bartel,2019-05-06,1,single,🦸‍♂️,1F9B8-200D-2642-FE0F,11,1678
🦸🏼‍♂️,1F9B8-1F3FC-200D-2642-FE0F,people-body,person-fantasy,man superhero: medium-light skin tone,,,Nadine Bartel,2019-05-06,2,single,🦸‍♂️,1F9B8-200D-2642-FE0F,11,1680
🦸🏽‍♂️,1F9B8-1F3FD-200D-2642-FE0F,people-body,person-fantasy,man superhero: medium skin tone,,,Nadine Bartel,2019-05-06,3,single,🦸‍♂️,1F9B8-200D-2642-FE0F,11,1682
🦸🏾‍♂️,1F9B8-1F3FE-200D-2642-FE0F,people-body,person-fantasy,man superhero: medium-dark skin tone,,,Nadine Bartel,2019-05-06,4,single,🦸‍♂️,1F9B8-200D-2642-FE0F,11,1684
🦸🏿‍♂️,1F9B8-1F3FF-200D-2642-FE0F,people-body,person-fantasy,man superhero: dark skin tone,,,Nadine Bartel,2019-05-06,5,single,🦸‍♂️,1F9B8-200D-2642-FE0F,11,1686
🦸‍♀️,1F9B8-200D-2640-FE0F,people-body,person-fantasy,woman superhero,"good, hero, heroine, superhero, superpower, woman",,Nadine Bartel,2019-05-06,,single,🦸‍♀️,1F9B8-200D-2640-FE0F,11,1688
🦸🏻‍♀️,1F9B8-1F3FB-200D-2640-FE0F,people-body,person-fantasy,woman superhero: light skin tone,,,Nadine Bartel,2019-05-06,1,single,🦸‍♀️,1F9B8-200D-2640-FE0F,11,1690
🦸🏼‍♀️,1F9B8-1F3FC-200D-2640-FE0F,people-body,person-fantasy,woman superhero: medium-light skin tone,,,Nadine Bartel,2019-05-06,2,single,🦸‍♀️,1F9B8-200D-2640-FE0F,11,1692
🦸🏽‍♀️,1F9B8-1F3FD-200D-2640-FE0F,people-body,person-fantasy,woman superhero: medium skin tone,,,Nadine Bartel,2019-05-06,3,single,🦸‍♀️,1F9B8-200D-2640-FE0F,11,1694
🦸🏾‍♀️,1F9B8-1F3FE-200D-2640-FE0F,people-body,person-fantasy,woman superhero: medium-dark skin tone,,,Nadine Bartel,2019-05-06,4,single,🦸‍♀️,1F9B8-200D-2640-FE0F,11,1696
🦸🏿‍♀️,1F9B8-1F3FF-200D-2640-FE0F,people-body,person-fantasy,woman superhero: dark skin tone,,,Nadine Bartel,2019-05-06,5,single,🦸‍♀️,1F9B8-200D-2640-FE0F,11,1698
🦹,1F9B9,people-body,person-fantasy,supervillain,"bad, criminal, evil, superpower, villain",,Nadine Bartel,2019-05-06,,single,🦹,1F9B9,11,1700
🦹🏻,1F9B9-1F3FB,people-body,person-fantasy,supervillain: light skin tone,,,Nadine Bartel,2019-05-06,1,single,🦹,1F9B9,11,1701
🦹🏼,1F9B9-1F3FC,people-body,person-fantasy,supervillain: medium-light skin tone,,,Nadine Bartel,2019-05-06,2,single,🦹,1F9B9,11,1702
🦹🏽,1F9B9-1F3FD,people-body,person-fantasy,supervillain: medium skin tone,,,Nadine Bartel,2019-05-06,3,single,🦹,1F9B9,11,1703
🦹🏾,1F9B9-1F3FE,people-body,person-fantasy,supervillain: medium-dark skin tone,,,Nadine Bartel,2019-05-06,4,single,🦹,1F9B9,11,1704
🦹🏿,1F9B9-1F3FF,people-body,person-fantasy,supervillain: dark skin tone,,,Nadine Bartel,2019-05-06,5,single,🦹,1F9B9,11,1705
🦹‍♂️,1F9B9-200D-2642-FE0F,people-body,person-fantasy,man supervillain,"bad, criminal, evil, man, superpower, supervillain, villain",,Nadine Bartel,2019-05-06,,single,🦹‍♂️,1F9B9-200D-2642-FE0F,11,1706
🦹🏻‍♂️,1F9B9-1F3FB-200D-2642-FE0F,people-body,person-fantasy,man supervillain: light skin tone,,,Nadine Bartel,2019-05-06,1,single,🦹‍♂️,1F9B9-200D-2642-FE0F,11,1708
🦹🏼‍♂️,1F9B9-1F3FC-200D-2642-FE0F,people-body,person-fantasy,man supervillain: medium-light skin tone,,,Nadine Bartel,2019-05-06,2,single,🦹‍♂️,1F9B9-200D-2642-FE0F,11,1710
🦹🏽‍♂️,1F9B9-1F3FD-200D-2642-FE0F,people-body,person-fantasy,man supervillain: medium skin tone,,,Nadine Bartel,2019-05-06,3,single,🦹‍♂️,1F9B9-200D-2642-FE0F,11,1712
🦹🏾‍♂️,1F9B9-1F3FE-200D-2642-FE0F,people-body,person-fantasy,man supervillain: medium-dark skin tone,,,Nadine Bartel,2019-05-06,4,single,🦹‍♂️,1F9B9-200D-2642-FE0F,11,1714
🦹🏿‍♂️,1F9B9-1F3FF-200D-2642-FE0F,people-body,person-fantasy,man supervillain: dark skin tone,,,Nadine Bartel,2019-05-06,5,single,🦹‍♂️,1F9B9-200D-2642-FE0F,11,1716
🦹‍♀️,1F9B9-200D-2640-FE0F,people-body,person-fantasy,woman supervillain,"bad, criminal, evil, superpower, supervillain, villain, woman",,Nadine Bartel,2019-05-06,,single,🦹‍♀️,1F9B9-200D-2640-FE0F,11,1718
🦹🏻‍♀️,1F9B9-1F3FB-200D-2640-FE0F,people-body,person-fantasy,woman supervillain: light skin tone,,,Nadine Bartel,2019-05-06,1,single,🦹‍♀️,1F9B9-200D-2640-FE0F,11,1720
🦹🏼‍♀️,1F9B9-1F3FC-200D-2640-FE0F,people-body,person-fantasy,woman supervillain: medium-light skin tone,,,Nadine Bartel,2019-05-06,2,single,🦹‍♀️,1F9B9-200D-2640-FE0F,11,1722
🦹🏽‍♀️,1F9B9-1F3FD-200D-2640-FE0F,people-body,person-fantasy,woman supervillain: medium skin tone,,,Nadine Bartel,2019-05-06,3,single,🦹‍♀️,1F9B9-200D-2640-FE0F,11,1724
🦹🏾‍♀️,1F9B9-1F3FE-200D-2640-FE0F,people-body,person-fantasy,woman supervillain: medium-dark skin tone,,,Nadine Bartel,2019-05-06,4,single,🦹‍♀️,1F9B9-200D-2640-FE0F,11,1726
🦹🏿‍♀️,1F9B9-1F3FF-200D-2640-FE0F,people-body,person-fantasy,woman supervillain: dark skin tone,,,Nadine Bartel,2019-05-06,5,single,🦹‍♀️,1F9B9-200D-2640-FE0F,11,1728
🧙,1F9D9,people-body,person-fantasy,mage,"fantasy, magic, play, sorcerer, sorceress, sorcery, spell, summon, witch, wizard","sorcerer, sorceress, witch, wizard, magician, wand, sage",Lisa Thiel,2018-04-18,,single,🧙,1F9D9,5,1730
🧙🏻,1F9D9-1F3FB,people-body,person-fantasy,mage: light skin tone,,,Lisa Thiel,2018-04-18,1,single,🧙,1F9D9,5,1731
🧙🏼,1F9D9-1F3FC,people-body,person-fantasy,mage: medium-light skin tone,,,Lisa Thiel,2018-04-18,2,single,🧙,1F9D9,5,1732
🧙🏽,1F9D9-1F3FD,people-body,person-fantasy,mage: medium skin tone,,,Lisa Thiel,2018-04-18,3,single,🧙,1F9D9,5,1733
🧙🏾,1F9D9-1F3FE,people-body,person-fantasy,mage: medium-dark skin tone,,,Lisa Thiel,2018-04-18,4,single,🧙,1F9D9,5,1734
🧙🏿,1F9D9-1F3FF,people-body,person-fantasy,mage: dark skin tone,,,Lisa Thiel,2018-04-18,5,single,🧙,1F9D9,5,1735
🧙‍♂️,1F9D9-200D-2642-FE0F,people-body,person-fantasy,man mage,"fantasy, mage, magic, man, play, sorcerer, sorceress, sorcery, spell, summon, witch, wizard",,Nadine Bartel,2019-05-06,,single,🧙‍♂️,1F9D9-200D-2642-FE0F,5,1736
🧙🏻‍♂️,1F9D9-1F3FB-200D-2642-FE0F,people-body,person-fantasy,man mage: light skin tone,,,Nadine Bartel,2019-05-06,1,single,🧙‍♂️,1F9D9-200D-2642-FE0F,5,1738
🧙🏼‍♂️,1F9D9-1F3FC-200D-2642-FE0F,people-body,person-fantasy,man mage: medium-light skin tone,,,Nadine Bartel,2019-05-06,2,single,🧙‍♂️,1F9D9-200D-2642-FE0F,5,1740
🧙🏽‍♂️,1F9D9-1F3FD-200D-2642-FE0F,people-body,person-fantasy,man mage: medium skin tone,,,Nadine Bartel,2019-05-06,3,single,🧙‍♂️,1F9D9-200D-2642-FE0F,5,1742
🧙🏾‍♂️,1F9D9-1F3FE-200D-2642-FE0F,people-body,person-fantasy,man mage: medium-dark skin tone,,,Nadine Bartel,2019-05-06,4,single,🧙‍♂️,1F9D9-200D-2642-FE0F,5,1744
🧙🏿‍♂️,1F9D9-1F3FF-200D-2642-FE0F,people-body,person-fantasy,man mage: dark skin tone,,,Nadine Bartel,2019-05-06,5,single,🧙‍♂️,1F9D9-200D-2642-FE0F,5,1746
🧙‍♀️,1F9D9-200D-2640-FE0F,people-body,person-fantasy,woman mage,"fantasy, mage, magic, play, sorcerer, sorceress, sorcery, spell, summon, witch, wizard, woman",,Nadine Bartel,2019-05-06,,single,🧙‍♀️,1F9D9-200D-2640-FE0F,5,1748
🧙🏻‍♀️,1F9D9-1F3FB-200D-2640-FE0F,people-body,person-fantasy,woman mage: light skin tone,,,Nadine Bartel,2019-05-06,1,single,🧙‍♀️,1F9D9-200D-2640-FE0F,5,1750
🧙🏼‍♀️,1F9D9-1F3FC-200D-2640-FE0F,people-body,person-fantasy,woman mage: medium-light skin tone,,,Nadine Bartel,2019-05-06,2,single,🧙‍♀️,1F9D9-200D-2640-FE0F,5,1752
🧙🏽‍♀️,1F9D9-1F3FD-200D-2640-FE0F,people-body,person-fantasy,woman mage: medium skin tone,,,Nadine Bartel,2019-05-06,3,single,🧙‍♀️,1F9D9-200D-2640-FE0F,5,1754
🧙🏾‍♀️,1F9D9-1F3FE-200D-2640-FE0F,people-body,person-fantasy,woman mage: medium-dark skin tone,,,Nadine Bartel,2019-05-06,4,single,🧙‍♀️,1F9D9-200D-2640-FE0F,5,1756
🧙🏿‍♀️,1F9D9-1F3FF-200D-2640-FE0F,people-body,person-fantasy,woman mage: dark skin tone,,,Nadine Bartel,2019-05-06,5,single,🧙‍♀️,1F9D9-200D-2640-FE0F,5,1758
🧚,1F9DA,people-body,person-fantasy,fairy,"fairytale, fantasy, myth, person, pixie, tale, wings",,Nadine Bartel,2019-05-06,,single,🧚,1F9DA,5,1760
🧚🏻,1F9DA-1F3FB,people-body,person-fantasy,fairy: light skin tone,,,Nadine Bartel,2019-05-06,1,single,🧚,1F9DA,5,1761
🧚🏼,1F9DA-1F3FC,people-body,person-fantasy,fairy: medium-light skin tone,,,Nadine Bartel,2019-05-06,2,single,🧚,1F9DA,5,1762
🧚🏽,1F9DA-1F3FD,people-body,person-fantasy,fairy: medium skin tone,,,Nadine Bartel,2019-05-06,3,single,🧚,1F9DA,5,1763
🧚🏾,1F9DA-1F3FE,people-body,person-fantasy,fairy: medium-dark skin tone,,,Nadine Bartel,2019-05-06,4,single,🧚,1F9DA,5,1764
🧚🏿,1F9DA-1F3FF,people-body,person-fantasy,fairy: dark skin tone,,,Nadine Bartel,2019-05-06,5,single,🧚,1F9DA,5,1765
🧚‍♂️,1F9DA-200D-2642-FE0F,people-body,person-fantasy,man fairy,"fairy, fairytale, fantasy, man, myth, oberon, person, pixie, puck, tale, wings",,Nadine Bartel,2019-05-06,,single,🧚‍♂️,1F9DA-200D-2642-FE0F,5,1766
🧚🏻‍♂️,1F9DA-1F3FB-200D-2642-FE0F,people-body,person-fantasy,man fairy: light skin tone,,,Nadine Bartel,2019-05-06,1,single,🧚‍♂️,1F9DA-200D-2642-FE0F,5,1768
🧚🏼‍♂️,1F9DA-1F3FC-200D-2642-FE0F,people-body,person-fantasy,man fairy: medium-light skin tone,,,Nadine Bartel,2019-05-06,2,single,🧚‍♂️,1F9DA-200D-2642-FE0F,5,1770
🧚🏽‍♂️,1F9DA-1F3FD-200D-2642-FE0F,people-body,person-fantasy,man fairy: medium skin tone,,,Nadine Bartel,2019-05-06,3,single,🧚‍♂️,1F9DA-200D-2642-FE0F,5,1772
🧚🏾‍♂️,1F9DA-1F3FE-200D-2642-FE0F,people-body,person-fantasy,man fairy: medium-dark skin tone,,,Nadine Bartel,2019-05-06,4,single,🧚‍♂️,1F9DA-200D-2642-FE0F,5,1774
🧚🏿‍♂️,1F9DA-1F3FF-200D-2642-FE0F,people-body,person-fantasy,man fairy: dark skin tone,,,Nadine Bartel,2019-05-06,5,single,🧚‍♂️,1F9DA-200D-2642-FE0F,5,1776
🧚‍♀️,1F9DA-200D-2640-FE0F,people-body,person-fantasy,woman fairy,"fairy, fairytale, fantasy, myth, person, pixie, tale, titania, wings, woman",,Nadine Bartel,2019-05-06,,single,🧚‍♀️,1F9DA-200D-2640-FE0F,5,1778
🧚🏻‍♀️,1F9DA-1F3FB-200D-2640-FE0F,people-body,person-fantasy,woman fairy: light skin tone,,,Nadine Bartel,2019-05-06,1,single,🧚‍♀️,1F9DA-200D-2640-FE0F,5,1780
🧚🏼‍♀️,1F9DA-1F3FC-200D-2640-FE0F,people-body,person-fantasy,woman fairy: medium-light skin tone,,,Nadine Bartel,2019-05-06,2,single,🧚‍♀️,1F9DA-200D-2640-FE0F,5,1782
🧚🏽‍♀️,1F9DA-1F3FD-200D-2640-FE0F,people-body,person-fantasy,woman fairy: medium skin tone,,,Nadine Bartel,2019-05-06,3,single,🧚‍♀️,1F9DA-200D-2640-FE0F,5,1784
🧚🏾‍♀️,1F9DA-1F3FE-200D-2640-FE0F,people-body,person-fantasy,woman fairy: medium-dark skin tone,,,Nadine Bartel,2019-05-06,4,single,🧚‍♀️,1F9DA-200D-2640-FE0F,5,1786
🧚🏿‍♀️,1F9DA-1F3FF-200D-2640-FE0F,people-body,person-fantasy,woman fairy: dark skin tone,,,Nadine Bartel,2019-05-06,5,single,🧚‍♀️,1F9DA-200D-2640-FE0F,5,1788
🧛,1F9DB,people-body,person-fantasy,vampire,"blood, dracula, fangs, halloween, scary, supernatural, teeth, undead",,Nadine Bartel,2019-05-06,,single,🧛,1F9DB,5,1790
🧛🏻,1F9DB-1F3FB,people-body,person-fantasy,vampire: light skin tone,,,Nadine Bartel,2019-05-06,1,single,🧛,1F9DB,5,1791
🧛🏼,1F9DB-1F3FC,people-body,person-fantasy,vampire: medium-light skin tone,,,Nadine Bartel,2019-05-06,2,single,🧛,1F9DB,5,1792
🧛🏽,1F9DB-1F3FD,people-body,person-fantasy,vampire: medium skin tone,,,Nadine Bartel,2019-05-06,3,single,🧛,1F9DB,5,1793
🧛🏾,1F9DB-1F3FE,people-body,person-fantasy,vampire: medium-dark skin tone,,,Nadine Bartel,2019-05-06,4,single,🧛,1F9DB,5,1794
🧛🏿,1F9DB-1F3FF,people-body,person-fantasy,vampire: dark skin tone,,,Nadine Bartel,2019-05-06,5,single,🧛,1F9DB,5,1795
🧛‍♂️,1F9DB-200D-2642-FE0F,people-body,person-fantasy,man vampire,"blood, fangs, halloween, man, scary, supernatural, teeth, undead, vampire",,Nadine Bartel,2019-05-06,,single,🧛‍♂️,1F9DB-200D-2642-FE0F,5,1796
🧛🏻‍♂️,1F9DB-1F3FB-200D-2642-FE0F,people-body,person-fantasy,man vampire: light skin tone,,,Nadine Bartel,2019-05-06,1,single,🧛‍♂️,1F9DB-200D-2642-FE0F,5,1798
🧛🏼‍♂️,1F9DB-1F3FC-200D-2642-FE0F,people-body,person-fantasy,man vampire: medium-light skin tone,,,Nadine Bartel,2019-05-06,2,single,🧛‍♂️,1F9DB-200D-2642-FE0F,5,1800
🧛🏽‍♂️,1F9DB-1F3FD-200D-2642-FE0F,people-body,person-fantasy,man vampire: medium skin tone,,,Nadine Bartel,2019-05-06,3,single,🧛‍♂️,1F9DB-200D-2642-FE0F,5,1802
🧛🏾‍♂️,1F9DB-1F3FE-200D-2642-FE0F,people-body,person-fantasy,man vampire: medium-dark skin tone,,,Nadine Bartel,2019-05-06,4,single,🧛‍♂️,1F9DB-200D-2642-FE0F,5,1804
🧛🏿‍♂️,1F9DB-1F3FF-200D-2642-FE0F,people-body,person-fantasy,man vampire: dark skin tone,,,Nadine Bartel,2019-05-06,5,single,🧛‍♂️,1F9DB-200D-2642-FE0F,5,1806
🧛‍♀️,1F9DB-200D-2640-FE0F,people-body,person-fantasy,woman vampire,"blood, fangs, halloween, scary, supernatural, teeth, undead, vampire, woman",,Nadine Bartel,2019-05-06,,single,🧛‍♀️,1F9DB-200D-2640-FE0F,5,1808
🧛🏻‍♀️,1F9DB-1F3FB-200D-2640-FE0F,people-body,person-fantasy,woman vampire: light skin tone,,,Nadine Bartel,2019-05-06,1,single,🧛‍♀️,1F9DB-200D-2640-FE0F,5,1810
🧛🏼‍♀️,1F9DB-1F3FC-200D-2640-FE0F,people-body,person-fantasy,woman vampire: medium-light skin tone,,,Nadine Bartel,2019-05-06,2,single,🧛‍♀️,1F9DB-200D-2640-FE0F,5,1812
🧛🏽‍♀️,1F9DB-1F3FD-200D-2640-FE0F,people-body,person-fantasy,woman vampire: medium skin tone,,,Nadine Bartel,2019-05-06,3,single,🧛‍♀️,1F9DB-200D-2640-FE0F,5,1814
🧛🏾‍♀️,1F9DB-1F3FE-200D-2640-FE0F,people-body,person-fantasy,woman vampire: medium-dark skin tone,,,Nadine Bartel,2019-05-06,4,single,🧛‍♀️,1F9DB-200D-2640-FE0F,5,1816
🧛🏿‍♀️,1F9DB-1F3FF-200D-2640-FE0F,people-body,person-fantasy,woman vampire: dark skin tone,,,Nadine Bartel,2019-05-06,5,single,🧛‍♀️,1F9DB-200D-2640-FE0F,5,1818
🧜,1F9DC,people-body,person-fantasy,merperson,"creature, fairytale, folklore, ocean, sea, siren, trident",,Rifat Erdogan,2019-05-06,,single,🧜,1F9DC,5,1820
🧜🏻,1F9DC-1F3FB,people-body,person-fantasy,merperson: light skin tone,,,Rifat Erdogan,2019-05-06,1,single,🧜,1F9DC,5,1821
🧜🏼,1F9DC-1F3FC,people-body,person-fantasy,merperson: medium-light skin tone,,,Rifat Erdogan,2019-05-06,2,single,🧜,1F9DC,5,1822
🧜🏽,1F9DC-1F3FD,people-body,person-fantasy,merperson: medium skin tone,,,Rifat Erdogan,2019-05-06,3,single,🧜,1F9DC,5,1823
🧜🏾,1F9DC-1F3FE,people-body,person-fantasy,merperson: medium-dark skin tone,,,Rifat Erdogan,2019-05-06,4,single,🧜,1F9DC,5,1824
🧜🏿,1F9DC-1F3FF,people-body,person-fantasy,merperson: dark skin tone,,,Rifat Erdogan,2019-05-06,5,single,🧜,1F9DC,5,1825
🧜‍♂️,1F9DC-200D-2642-FE0F,people-body,person-fantasy,merman,"creature, fairytale, folklore, neptune, ocean, poseidon, sea, siren, trident, triton",,Sina Chlod,2018-11-16,,single,🧜‍♂️,1F9DC-200D-2642-FE0F,5,1826
🧜🏻‍♂️,1F9DC-1F3FB-200D-2642-FE0F,people-body,person-fantasy,merman: light skin tone,,,Sina Chlod,2018-11-16,1,single,🧜‍♂️,1F9DC-200D-2642-FE0F,5,1828
🧜🏼‍♂️,1F9DC-1F3FC-200D-2642-FE0F,people-body,person-fantasy,merman: medium-light skin tone,,,Sina Chlod,2018-11-16,2,single,🧜‍♂️,1F9DC-200D-2642-FE0F,5,1830
🧜🏽‍♂️,1F9DC-1F3FD-200D-2642-FE0F,people-body,person-fantasy,merman: medium skin tone,,,Sina Chlod,2018-11-16,3,single,🧜‍♂️,1F9DC-200D-2642-FE0F,5,1832
🧜🏾‍♂️,1F9DC-1F3FE-200D-2642-FE0F,people-body,person-fantasy,merman: medium-dark skin tone,,,Sina Chlod,2018-11-16,4,single,🧜‍♂️,1F9DC-200D-2642-FE0F,5,1834
🧜🏿‍♂️,1F9DC-1F3FF-200D-2642-FE0F,people-body,person-fantasy,merman: dark skin tone,,,Sina Chlod,2018-11-16,5,single,🧜‍♂️,1F9DC-200D-2642-FE0F,5,1836
🧜‍♀️,1F9DC-200D-2640-FE0F,people-body,person-fantasy,mermaid,"creature, fairytale, folklore, merwoman, ocean, sea, siren, trident",,Sina Chlod,2018-11-16,,single,🧜‍♀️,1F9DC-200D-2640-FE0F,5,1838
🧜🏻‍♀️,1F9DC-1F3FB-200D-2640-FE0F,people-body,person-fantasy,mermaid: light skin tone,,,Sina Chlod,2018-11-16,1,single,🧜‍♀️,1F9DC-200D-2640-FE0F,5,1840
🧜🏼‍♀️,1F9DC-1F3FC-200D-2640-FE0F,people-body,person-fantasy,mermaid: medium-light skin tone,,,Sina Chlod,2018-11-16,2,single,🧜‍♀️,1F9DC-200D-2640-FE0F,5,1842
🧜🏽‍♀️,1F9DC-1F3FD-200D-2640-FE0F,people-body,person-fantasy,mermaid: medium skin tone,,,Sina Chlod,2018-11-16,3,single,🧜‍♀️,1F9DC-200D-2640-FE0F,5,1844
🧜🏾‍♀️,1F9DC-1F3FE-200D-2640-FE0F,people-body,person-fantasy,mermaid: medium-dark skin tone,,,Sina Chlod,2018-11-16,4,single,🧜‍♀️,1F9DC-200D-2640-FE0F,5,1846
🧜🏿‍♀️,1F9DC-1F3FF-200D-2640-FE0F,people-body,person-fantasy,mermaid: dark skin tone,,,Sina Chlod,2018-11-16,5,single,🧜‍♀️,1F9DC-200D-2640-FE0F,5,1848
🧝,1F9DD,people-body,person-fantasy,elf,"elves, enchantment, fantasy, folklore, magic, magical, myth","magical, mystic, bow, arrow, pointy ears",Lisa Thiel,2018-04-18,,single,🧝,1F9DD,5,1850
🧝🏻,1F9DD-1F3FB,people-body,person-fantasy,elf: light skin tone,,,Lisa Thiel,2018-04-18,1,single,🧝,1F9DD,5,1851
🧝🏼,1F9DD-1F3FC,people-body,person-fantasy,elf: medium-light skin tone,,,Lisa Thiel,2018-04-18,2,single,🧝,1F9DD,5,1852
🧝🏽,1F9DD-1F3FD,people-body,person-fantasy,elf: medium skin tone,,,Lisa Thiel,2018-04-18,3,single,🧝,1F9DD,5,1853
🧝🏾,1F9DD-1F3FE,people-body,person-fantasy,elf: medium-dark skin tone,,,Lisa Thiel,2018-04-18,4,single,🧝,1F9DD,5,1854
🧝🏿,1F9DD-1F3FF,people-body,person-fantasy,elf: dark skin tone,,,Lisa Thiel,2018-04-18,5,single,🧝,1F9DD,5,1855
🧝‍♂️,1F9DD-200D-2642-FE0F,people-body,person-fantasy,man elf,"elf, elves, enchantment, fantasy, folklore, magic, magical, man, myth",,Rifat Erdogan,2019-05-06,,single,🧝‍♂️,1F9DD-200D-2642-FE0F,5,1856
🧝🏻‍♂️,1F9DD-1F3FB-200D-2642-FE0F,people-body,person-fantasy,man elf: light skin tone,,,Rifat Erdogan,2019-05-06,1,single,🧝‍♂️,1F9DD-200D-2642-FE0F,5,1858
🧝🏼‍♂️,1F9DD-1F3FC-200D-2642-FE0F,people-body,person-fantasy,man elf: medium-light skin tone,,,Rifat Erdogan,2019-05-06,2,single,🧝‍♂️,1F9DD-200D-2642-FE0F,5,1860
🧝🏽‍♂️,1F9DD-1F3FD-200D-2642-FE0F,people-body,person-fantasy,man elf: medium skin tone,,,Rifat Erdogan,2019-05-06,3,single,🧝‍♂️,1F9DD-200D-2642-FE0F,5,1862
🧝🏾‍♂️,1F9DD-1F3FE-200D-2642-FE0F,people-body,person-fantasy,man elf: medium-dark skin tone,,,Rifat Erdogan,2019-05-06,4,single,🧝‍♂️,1F9DD-200D-2642-FE0F,5,1864
🧝🏿‍♂️,1F9DD-1F3FF-200D-2642-FE0F,people-body,person-fantasy,man elf: dark skin tone,,,Rifat Erdogan,2019-05-06,5,single,🧝‍♂️,1F9DD-200D-2642-FE0F,5,1866
🧝‍♀️,1F9DD-200D-2640-FE0F,people-body,person-fantasy,woman elf,"elf, elves, enchantment, fantasy, folklore, magic, magical, myth, woman",,Rifat Erdogan,2019-05-06,,single,🧝‍♀️,1F9DD-200D-2640-FE0F,5,1868
🧝🏻‍♀️,1F9DD-1F3FB-200D-2640-FE0F,people-body,person-fantasy,woman elf: light skin tone,,,Rifat Erdogan,2019-05-06,1,single,🧝‍♀️,1F9DD-200D-2640-FE0F,5,1870
🧝🏼‍♀️,1F9DD-1F3FC-200D-2640-FE0F,people-body,person-fantasy,woman elf: medium-light skin tone,,,Rifat Erdogan,2019-05-06,2,single,🧝‍♀️,1F9DD-200D-2640-FE0F,5,1872
🧝🏽‍♀️,1F9DD-1F3FD-200D-2640-FE0F,people-body,person-fantasy,woman elf: medium skin tone,,,Rifat Erdogan,2019-05-06,3,single,🧝‍♀️,1F9DD-200D-2640-FE0F,5,1874
🧝🏾‍♀️,1F9DD-1F3FE-200D-2640-FE0F,people-body,person-fantasy,woman elf: medium-dark skin tone,,,Rifat Erdogan,2019-05-06,4,single,🧝‍♀️,1F9DD-200D-2640-FE0F,5,1876
🧝🏿‍♀️,1F9DD-1F3FF-200D-2640-FE0F,people-body,person-fantasy,woman elf: dark skin tone,,,Rifat Erdogan,2019-05-06,5,single,🧝‍♀️,1F9DD-200D-2640-FE0F,5,1878
🧞,1F9DE,people-body,person-fantasy,genie,"djinn, fantasy, jinn, lamp, myth, rub, wishes","djinn, magic lamp, wish, magic",Lisa Thiel,2018-04-18,,,,,5,1880
🧞‍♂️,1F9DE-200D-2642-FE0F,people-body,person-fantasy,man genie,"djinn, fantasy, genie, jinn, lamp, man, myth, rub, wishes",,Rifat Erdogan,2019-05-06,,,,,5,1881
🧞‍♀️,1F9DE-200D-2640-FE0F,people-body,person-fantasy,woman genie,"djinn, fantasy, genie, jinn, lamp, myth, rub, wishes, woman",,Rifat Erdogan,2019-05-06,,,,,5,1883
🧟,1F9DF,people-body,person-fantasy,zombie,"apocalypse, dead, halloween, horror, scary, undead, walking","undead, walking dead, brain, decayed",Lisa Thiel,2018-04-18,,,,,5,1885
🧟‍♂️,1F9DF-200D-2642-FE0F,people-body,person-fantasy,man zombie,"apocalypse, dead, halloween, horror, man, scary, undead, walking, zombie",,Rifat Erdogan,2019-05-06,,,,,5,1886
🧟‍♀️,1F9DF-200D-2640-FE0F,people-body,person-fantasy,woman zombie,"apocalypse, dead, halloween, horror, scary, undead, walking, woman, zombie",,Rifat Erdogan,2019-05-06,,,,,5,1888
🧌,1F9CC,people-body,person-fantasy,troll,"fairy, fantasy, monster, tale, trolling",,Niklas Kuntz,2022-05-09,,,,,14,1890
🫈,1FAC8,people-body,person-fantasy,hairy creature,"bigfoot, cryptid, forest, giant, hairy, sasquatch, woodwose, yeti","chewbacca, star wars, wookiee",Daniel Utz,2026-03-31,,,,,17,1891
💆,1F486,people-body,person-activity,person getting massage,"face, getting, headache, massage, person, relax, relaxing, salon, soothe, spa, tension, therapy, treatment","human, person",Johanna Wellnitz,2018-04-18,,single,💆,1F486,0.6,1892
💆🏻,1F486-1F3FB,people-body,person-activity,person getting massage: light skin tone,,,Johanna Wellnitz,2018-04-18,1,single,💆,1F486,1,1893
💆🏼,1F486-1F3FC,people-body,person-activity,person getting massage: medium-light skin tone,,,Johanna Wellnitz,2018-04-18,2,single,💆,1F486,1,1894
💆🏽,1F486-1F3FD,people-body,person-activity,person getting massage: medium skin tone,,,Johanna Wellnitz,2018-04-18,3,single,💆,1F486,1,1895
💆🏾,1F486-1F3FE,people-body,person-activity,person getting massage: medium-dark skin tone,,,Johanna Wellnitz,2018-04-18,4,single,💆,1F486,1,1896
💆🏿,1F486-1F3FF,people-body,person-activity,person getting massage: dark skin tone,,,Johanna Wellnitz,2018-04-18,5,single,💆,1F486,1,1897
💆‍♂️,1F486-200D-2642-FE0F,people-body,person-activity,man getting massage,"face, getting, headache, man, massage, relax, relaxing, salon, soothe, spa, tension, therapy, treatment",,Rifat Erdogan,2019-05-06,,single,💆‍♂️,1F486-200D-2642-FE0F,4,1898
💆🏻‍♂️,1F486-1F3FB-200D-2642-FE0F,people-body,person-activity,man getting massage: light skin tone,,,Rifat Erdogan,2019-05-06,1,single,💆‍♂️,1F486-200D-2642-FE0F,4,1900
💆🏼‍♂️,1F486-1F3FC-200D-2642-FE0F,people-body,person-activity,man getting massage: medium-light skin tone,,,Rifat Erdogan,2019-05-06,2,single,💆‍♂️,1F486-200D-2642-FE0F,4,1902
💆🏽‍♂️,1F486-1F3FD-200D-2642-FE0F,people-body,person-activity,man getting massage: medium skin tone,,,Rifat Erdogan,2019-05-06,3,single,💆‍♂️,1F486-200D-2642-FE0F,4,1904
💆🏾‍♂️,1F486-1F3FE-200D-2642-FE0F,people-body,person-activity,man getting massage: medium-dark skin tone,,,Rifat Erdogan,2019-05-06,4,single,💆‍♂️,1F486-200D-2642-FE0F,4,1906
💆🏿‍♂️,1F486-1F3FF-200D-2642-FE0F,people-body,person-activity,man getting massage: dark skin tone,,,Rifat Erdogan,2019-05-06,5,single,💆‍♂️,1F486-200D-2642-FE0F,4,1908
💆‍♀️,1F486-200D-2640-FE0F,people-body,person-activity,woman getting massage,"face, getting, headache, massage, relax, relaxing, salon, soothe, spa, tension, therapy, treatment, woman",,Rifat Erdogan,2019-05-06,,single,💆‍♀️,1F486-200D-2640-FE0F,4,1910
💆🏻‍♀️,1F486-1F3FB-200D-2640-FE0F,people-body,person-activity,woman getting massage: light skin tone,,,Rifat Erdogan,2019-05-06,1,single,💆‍♀️,1F486-200D-2640-FE0F,4,1912
💆🏼‍♀️,1F486-1F3FC-200D-2640-FE0F,people-body,person-activity,woman getting massage: medium-light skin tone,,,Rifat Erdogan,2019-05-06,2,single,💆‍♀️,1F486-200D-2640-FE0F,4,1914
💆🏽‍♀️,1F486-1F3FD-200D-2640-FE0F,people-body,person-activity,woman getting massage: medium skin tone,,,Rifat Erdogan,2019-05-06,3,single,💆‍♀️,1F486-200D-2640-FE0F,4,1916
💆🏾‍♀️,1F486-1F3FE-200D-2640-FE0F,people-body,person-activity,woman getting massage: medium-dark skin tone,,,Rifat Erdogan,2019-05-06,4,single,💆‍♀️,1F486-200D-2640-FE0F,4,1918
💆🏿‍♀️,1F486-1F3FF-200D-2640-FE0F,people-body,person-activity,woman getting massage: dark skin tone,,,Rifat Erdogan,2019-05-06,5,single,💆‍♀️,1F486-200D-2640-FE0F,4,1920
💇,1F487,people-body,person-activity,person getting haircut,"barber, beauty, chop, cosmetology, cut, groom, hair, haircut, parlor, person, shears, style","human, person",Johanna Wellnitz,2018-04-18,,single,💇,1F487,0.6,1922
💇🏻,1F487-1F3FB,people-body,person-activity,person getting haircut: light skin tone,,,Johanna Wellnitz,2018-04-18,1,single,💇,1F487,1,1923
💇🏼,1F487-1F3FC,people-body,person-activity,person getting haircut: medium-light skin tone,,,Johanna Wellnitz,2018-04-18,2,single,💇,1F487,1,1924
💇🏽,1F487-1F3FD,people-body,person-activity,person getting haircut: medium skin tone,,,Johanna Wellnitz,2018-04-18,3,single,💇,1F487,1,1925
💇🏾,1F487-1F3FE,people-body,person-activity,person getting haircut: medium-dark skin tone,,,Johanna Wellnitz,2018-04-18,4,single,💇,1F487,1,1926
💇🏿,1F487-1F3FF,people-body,person-activity,person getting haircut: dark skin tone,,,Johanna Wellnitz,2018-04-18,5,single,💇,1F487,1,1927
💇‍♂️,1F487-200D-2642-FE0F,people-body,person-activity,man getting haircut,"barber, beauty, chop, cosmetology, cut, groom, hair, haircut, man, parlor, person, shears, style",,Rifat Erdogan,2019-05-06,,single,💇‍♂️,1F487-200D-2642-FE0F,4,1928
💇🏻‍♂️,1F487-1F3FB-200D-2642-FE0F,people-body,person-activity,man getting haircut: light skin tone,,,Rifat Erdogan,2019-05-06,1,single,💇‍♂️,1F487-200D-2642-FE0F,4,1930
💇🏼‍♂️,1F487-1F3FC-200D-2642-FE0F,people-body,person-activity,man getting haircut: medium-light skin tone,,,Rifat Erdogan,2019-05-06,2,single,💇‍♂️,1F487-200D-2642-FE0F,4,1932
💇🏽‍♂️,1F487-1F3FD-200D-2642-FE0F,people-body,person-activity,man getting haircut: medium skin tone,,,Rifat Erdogan,2019-05-06,3,single,💇‍♂️,1F487-200D-2642-FE0F,4,1934
💇🏾‍♂️,1F487-1F3FE-200D-2642-FE0F,people-body,person-activity,man getting haircut: medium-dark skin tone,,,Rifat Erdogan,2019-05-06,4,single,💇‍♂️,1F487-200D-2642-FE0F,4,1936
💇🏿‍♂️,1F487-1F3FF-200D-2642-FE0F,people-body,person-activity,man getting haircut: dark skin tone,,,Rifat Erdogan,2019-05-06,5,single,💇‍♂️,1F487-200D-2642-FE0F,4,1938
💇‍♀️,1F487-200D-2640-FE0F,people-body,person-activity,woman getting haircut,"barber, beauty, chop, cosmetology, cut, groom, hair, haircut, parlor, person, shears, style, woman",,Rifat Erdogan,2019-05-06,,single,💇‍♀️,1F487-200D-2640-FE0F,4,1940
💇🏻‍♀️,1F487-1F3FB-200D-2640-FE0F,people-body,person-activity,woman getting haircut: light skin tone,,,Rifat Erdogan,2019-05-06,1,single,💇‍♀️,1F487-200D-2640-FE0F,4,1942
💇🏼‍♀️,1F487-1F3FC-200D-2640-FE0F,people-body,person-activity,woman getting haircut: medium-light skin tone,,,Rifat Erdogan,2019-05-06,2,single,💇‍♀️,1F487-200D-2640-FE0F,4,1944
💇🏽‍♀️,1F487-1F3FD-200D-2640-FE0F,people-body,person-activity,woman getting haircut: medium skin tone,,,Rifat Erdogan,2019-05-06,3,single,💇‍♀️,1F487-200D-2640-FE0F,4,1946
💇🏾‍♀️,1F487-1F3FE-200D-2640-FE0F,people-body,person-activity,woman getting haircut: medium-dark skin tone,,,Rifat Erdogan,2019-05-06,4,single,💇‍♀️,1F487-200D-2640-FE0F,4,1948
💇🏿‍♀️,1F487-1F3FF-200D-2640-FE0F,people-body,person-activity,woman getting haircut: dark skin tone,,,Rifat Erdogan,2019-05-06,5,single,💇‍♀️,1F487-200D-2640-FE0F,4,1950
🚶,1F6B6,people-body,person-activity,person walking,"amble, gait, hike, man, pace, pedestrian, person, stride, stroll, walk, walking","human, person",Johanna Wellnitz,2018-04-18,,single,🚶,1F6B6,0.6,1952
🚶🏻,1F6B6-1F3FB,people-body,person-activity,person walking: light skin tone,,,Johanna Wellnitz,2018-04-18,1,single,🚶,1F6B6,1,1953
🚶🏼,1F6B6-1F3FC,people-body,person-activity,person walking: medium-light skin tone,,,Johanna Wellnitz,2018-04-18,2,single,🚶,1F6B6,1,1954
🚶🏽,1F6B6-1F3FD,people-body,person-activity,person walking: medium skin tone,,,Johanna Wellnitz,2018-04-18,3,single,🚶,1F6B6,1,1955
🚶🏾,1F6B6-1F3FE,people-body,person-activity,person walking: medium-dark skin tone,,,Johanna Wellnitz,2018-04-18,4,single,🚶,1F6B6,1,1956
🚶🏿,1F6B6-1F3FF,people-body,person-activity,person walking: dark skin tone,,,Johanna Wellnitz,2018-04-18,5,single,🚶,1F6B6,1,1957
🚶‍♂️,1F6B6-200D-2642-FE0F,people-body,person-activity,man walking,"amble, gait, hike, man, pace, pedestrian, stride, stroll, walk, walking","human, person",Johanna Wellnitz,2018-04-18,,single,🚶‍♂️,1F6B6-200D-2642-FE0F,4,1958
🚶🏻‍♂️,1F6B6-1F3FB-200D-2642-FE0F,people-body,person-activity,man walking: light skin tone,,,Johanna Wellnitz,2018-04-18,1,single,🚶‍♂️,1F6B6-200D-2642-FE0F,4,1960
🚶🏼‍♂️,1F6B6-1F3FC-200D-2642-FE0F,people-body,person-activity,man walking: medium-light skin tone,,,Johanna Wellnitz,2018-04-18,2,single,🚶‍♂️,1F6B6-200D-2642-FE0F,4,1962
🚶🏽‍♂️,1F6B6-1F3FD-200D-2642-FE0F,people-body,person-activity,man walking: medium skin tone,,,Johanna Wellnitz,2018-04-18,3,single,🚶‍♂️,1F6B6-200D-2642-FE0F,4,1964
🚶🏾‍♂️,1F6B6-1F3FE-200D-2642-FE0F,people-body,person-activity,man walking: medium-dark skin tone,,,Johanna Wellnitz,2018-04-18,4,single,🚶‍♂️,1F6B6-200D-2642-FE0F,4,1966
🚶🏿‍♂️,1F6B6-1F3FF-200D-2642-FE0F,people-body,person-activity,man walking: dark skin tone,,,Johanna Wellnitz,2018-04-18,5,single,🚶‍♂️,1F6B6-200D-2642-FE0F,4,1968
🚶‍♀️,1F6B6-200D-2640-FE0F,people-body,person-activity,woman walking,"amble, gait, hike, man, pace, pedestrian, stride, stroll, walk, walking, woman","human, person",Johanna Wellnitz,2018-04-18,,single,🚶‍♀️,1F6B6-200D-2640-FE0F,4,1970
🚶🏻‍♀️,1F6B6-1F3FB-200D-2640-FE0F,people-body,person-activity,woman walking: light skin tone,,,Johanna Wellnitz,2018-04-18,1,single,🚶‍♀️,1F6B6-200D-2640-FE0F,4,1972
🚶🏼‍♀️,1F6B6-1F3FC-200D-2640-FE0F,people-body,person-activity,woman walking: medium-light skin tone,,,Johanna Wellnitz,2018-04-18,2,single,🚶‍♀️,1F6B6-200D-2640-FE0F,4,1974
🚶🏽‍♀️,1F6B6-1F3FD-200D-2640-FE0F,people-body,person-activity,woman walking: medium skin tone,,,Johanna Wellnitz,2018-04-18,3,single,🚶‍♀️,1F6B6-200D-2640-FE0F,4,1976
🚶🏾‍♀️,1F6B6-1F3FE-200D-2640-FE0F,people-body,person-activity,woman walking: medium-dark skin tone,,,Johanna Wellnitz,2018-04-18,4,single,🚶‍♀️,1F6B6-200D-2640-FE0F,4,1978
🚶🏿‍♀️,1F6B6-1F3FF-200D-2640-FE0F,people-body,person-activity,woman walking: dark skin tone,,,Johanna Wellnitz,2018-04-18,5,single,🚶‍♀️,1F6B6-200D-2640-FE0F,4,1980
🚶‍➡️,1F6B6-200D-27A1-FE0F,people-body,person-activity,person walking: facing right,"amble, facing, gait, hike, man, pace, pedestrian, person, right, stride, stroll, walk, walking","human, person",Johanna Wellnitz,2018-04-18,,single,🚶‍➡️,1F6B6-200D-27A1-FE0F,15.1,1982
🚶🏻‍➡️,1F6B6-1F3FB-200D-27A1-FE0F,people-body,person-activity,"person walking: light skin tone, facing right",,,Johanna Wellnitz,2018-04-18,1,single,🚶‍➡️,1F6B6-200D-27A1-FE0F,15.1,1984
🚶🏼‍➡️,1F6B6-1F3FC-200D-27A1-FE0F,people-body,person-activity,"person walking: medium-light skin tone, facing right",,,Johanna Wellnitz,2018-04-18,2,single,🚶‍➡️,1F6B6-200D-27A1-FE0F,15.1,1986
🚶🏽‍➡️,1F6B6-1F3FD-200D-27A1-FE0F,people-body,person-activity,"person walking: medium skin tone, facing right",,,Johanna Wellnitz,2018-04-18,3,single,🚶‍➡️,1F6B6-200D-27A1-FE0F,15.1,1988
🚶🏾‍➡️,1F6B6-1F3FE-200D-27A1-FE0F,people-body,person-activity,"person walking: medium-dark skin tone, facing right",,,Johanna Wellnitz,2018-04-18,4,single,🚶‍➡️,1F6B6-200D-27A1-FE0F,15.1,1990
🚶🏿‍➡️,1F6B6-1F3FF-200D-27A1-FE0F,people-body,person-activity,"person walking: dark skin tone, facing right",,,Johanna Wellnitz,2018-04-18,5,single,🚶‍➡️,1F6B6-200D-27A1-FE0F,15.1,1992
🚶‍♀️‍➡️,1F6B6-200D-2640-FE0F-200D-27A1-FE0F,people-body,person-activity,woman walking: facing right,"amble, facing, gait, hike, man, pace, pedestrian, right, stride, stroll, walk, walking, woman","human, person",Johanna Wellnitz,2018-04-18,,single,🚶‍♀️‍➡️,1F6B6-200D-2640-FE0F-200D-27A1-FE0F,15.1,1994
🚶🏻‍♀️‍➡️,1F6B6-1F3FB-200D-2640-FE0F-200D-27A1-FE0F,people-body,person-activity,"woman walking: light skin tone, facing right",,,Johanna Wellnitz,2018-04-18,1,single,🚶‍♀️‍➡️,1F6B6-200D-2640-FE0F-200D-27A1-FE0F,15.1,1998
🚶🏼‍♀️‍➡️,1F6B6-1F3FC-200D-2640-FE0F-200D-27A1-FE0F,people-body,person-activity,"woman walking: medium-light skin tone, facing right",,,Johanna Wellnitz,2018-04-18,2,single,🚶‍♀️‍➡️,1F6B6-200D-2640-FE0F-200D-27A1-FE0F,15.1,2002
🚶🏽‍♀️‍➡️,1F6B6-1F3FD-200D-2640-FE0F-200D-27A1-FE0F,people-body,person-activity,"woman walking: medium skin tone, facing right",,,Johanna Wellnitz,2018-04-18,3,single,🚶‍♀️‍➡️,1F6B6-200D-2640-FE0F-200D-27A1-FE0F,15.1,2006
🚶🏾‍♀️‍➡️,1F6B6-1F3FE-200D-2640-FE0F-200D-27A1-FE0F,people-body,person-activity,"woman walking: medium-dark skin tone, facing right",,,Johanna Wellnitz,2018-04-18,4,single,🚶‍♀️‍➡️,1F6B6-200D-2640-FE0F-200D-27A1-FE0F,15.1,2010
🚶🏿‍♀️‍➡️,1F6B6-1F3FF-200D-2640-FE0F-200D-27A1-FE0F,people-body,person-activity,"woman walking: dark skin tone, facing right",,,Johanna Wellnitz,2018-04-18,5,single,🚶‍♀️‍➡️,1F6B6-200D-2640-FE0F-200D-27A1-FE0F,15.1,2014
🚶‍♂️‍➡️,1F6B6-200D-2642-FE0F-200D-27A1-FE0F,people-body,person-activity,man walking: facing right,"amble, facing, gait, hike, man, pace, pedestrian, right, stride, stroll, walk, walking","human, person",Johanna Wellnitz,2018-04-18,,single,🚶‍♂️‍➡️,1F6B6-200D-2642-FE0F-200D-27A1-FE0F,15.1,2018
🚶🏻‍♂️‍➡️,1F6B6-1F3FB-200D-2642-FE0F-200D-27A1-FE0F,people-body,person-activity,"man walking: light skin tone, facing right",,,Johanna Wellnitz,2018-04-18,1,single,🚶‍♂️‍➡️,1F6B6-200D-2642-FE0F-200D-27A1-FE0F,15.1,2022
🚶🏼‍♂️‍➡️,1F6B6-1F3FC-200D-2642-FE0F-200D-27A1-FE0F,people-body,person-activity,"man walking: medium-light skin tone, facing right",,,Johanna Wellnitz,2018-04-18,2,single,🚶‍♂️‍➡️,1F6B6-200D-2642-FE0F-200D-27A1-FE0F,15.1,2026
🚶🏽‍♂️‍➡️,1F6B6-1F3FD-200D-2642-FE0F-200D-27A1-FE0F,people-body,person-activity,"man walking: medium skin tone, facing right",,,Johanna Wellnitz,2018-04-18,3,single,🚶‍♂️‍➡️,1F6B6-200D-2642-FE0F-200D-27A1-FE0F,15.1,2030
🚶🏾‍♂️‍➡️,1F6B6-1F3FE-200D-2642-FE0F-200D-27A1-FE0F,people-body,person-activity,"man walking: medium-dark skin tone, facing right",,,Johanna Wellnitz,2018-04-18,4,single,🚶‍♂️‍➡️,1F6B6-200D-2642-FE0F-200D-27A1-FE0F,15.1,2034
🚶🏿‍♂️‍➡️,1F6B6-1F3FF-200D-2642-FE0F-200D-27A1-FE0F,people-body,person-activity,"man walking: dark skin tone, facing right",,,Johanna Wellnitz,2018-04-18,5,single,🚶‍♂️‍➡️,1F6B6-200D-2642-FE0F-200D-27A1-FE0F,15.1,2038
🧍,1F9CD,people-body,person-activity,person standing,"person, stand, standing",,Laura Dworatschek,2019-05-06,,single,🧍,1F9CD,12,2042
🧍🏻,1F9CD-1F3FB,people-body,person-activity,person standing: light skin tone,,,Laura Dworatschek,2019-05-06,1,single,🧍,1F9CD,12,2043
🧍🏼,1F9CD-1F3FC,people-body,person-activity,person standing: medium-light skin tone,,,Laura Dworatschek,2019-05-06,2,single,🧍,1F9CD,12,2044
🧍🏽,1F9CD-1F3FD,people-body,person-activity,person standing: medium skin tone,,,Laura Dworatschek,2019-05-06,3,single,🧍,1F9CD,12,2045
🧍🏾,1F9CD-1F3FE,people-body,person-activity,person standing: medium-dark skin tone,,,Laura Dworatschek,2019-05-06,4,single,🧍,1F9CD,12,2046
🧍🏿,1F9CD-1F3FF,people-body,person-activity,person standing: dark skin tone,,,Laura Dworatschek,2019-05-06,5,single,🧍,1F9CD,12,2047
🧍‍♂️,1F9CD-200D-2642-FE0F,people-body,person-activity,man standing,"man, stand, standing",,Laura Dworatschek,2019-05-06,,single,🧍‍♂️,1F9CD-200D-2642-FE0F,12,2048
🧍🏻‍♂️,1F9CD-1F3FB-200D-2642-FE0F,people-body,person-activity,man standing: light skin tone,,,Laura Dworatschek,2019-05-06,1,single,🧍‍♂️,1F9CD-200D-2642-FE0F,12,2050
🧍🏼‍♂️,1F9CD-1F3FC-200D-2642-FE0F,people-body,person-activity,man standing: medium-light skin tone,,,Laura Dworatschek,2019-05-06,2,single,🧍‍♂️,1F9CD-200D-2642-FE0F,12,2052
🧍🏽‍♂️,1F9CD-1F3FD-200D-2642-FE0F,people-body,person-activity,man standing: medium skin tone,,,Laura Dworatschek,2019-05-06,3,single,🧍‍♂️,1F9CD-200D-2642-FE0F,12,2054
🧍🏾‍♂️,1F9CD-1F3FE-200D-2642-FE0F,people-body,person-activity,man standing: medium-dark skin tone,,,Laura Dworatschek,2019-05-06,4,single,🧍‍♂️,1F9CD-200D-2642-FE0F,12,2056
🧍🏿‍♂️,1F9CD-1F3FF-200D-2642-FE0F,people-body,person-activity,man standing: dark skin tone,,,Laura Dworatschek,2019-05-06,5,single,🧍‍♂️,1F9CD-200D-2642-FE0F,12,2058
🧍‍♀️,1F9CD-200D-2640-FE0F,people-body,person-activity,woman standing,"stand, standing, woman",,Laura Dworatschek,2019-05-06,,single,🧍‍♀️,1F9CD-200D-2640-FE0F,12,2060
🧍🏻‍♀️,1F9CD-1F3FB-200D-2640-FE0F,people-body,person-activity,woman standing: light skin tone,,,Laura Dworatschek,2019-05-06,1,single,🧍‍♀️,1F9CD-200D-2640-FE0F,12,2062
🧍🏼‍♀️,1F9CD-1F3FC-200D-2640-FE0F,people-body,person-activity,woman standing: medium-light skin tone,,,Laura Dworatschek,2019-05-06,2,single,🧍‍♀️,1F9CD-200D-2640-FE0F,12,2064
🧍🏽‍♀️,1F9CD-1F3FD-200D-2640-FE0F,people-body,person-activity,woman standing: medium skin tone,,,Laura Dworatschek,2019-05-06,3,single,🧍‍♀️,1F9CD-200D-2640-FE0F,12,2066
🧍🏾‍♀️,1F9CD-1F3FE-200D-2640-FE0F,people-body,person-activity,woman standing: medium-dark skin tone,,,Laura Dworatschek,2019-05-06,4,single,🧍‍♀️,1F9CD-200D-2640-FE0F,12,2068
🧍🏿‍♀️,1F9CD-1F3FF-200D-2640-FE0F,people-body,person-activity,woman standing: dark skin tone,,,Laura Dworatschek,2019-05-06,5,single,🧍‍♀️,1F9CD-200D-2640-FE0F,12,2070
🧎,1F9CE,people-body,person-activity,person kneeling,"kneel, kneeling, knees, person",,Laura Dworatschek,2019-05-06,,single,🧎,1F9CE,12,2072
🧎🏻,1F9CE-1F3FB,people-body,person-activity,person kneeling: light skin tone,,,Laura Dworatschek,2019-05-06,1,single,🧎,1F9CE,12,2073
🧎🏼,1F9CE-1F3FC,people-body,person-activity,person kneeling: medium-light skin tone,,,Laura Dworatschek,2019-05-06,2,single,🧎,1F9CE,12,2074
🧎🏽,1F9CE-1F3FD,people-body,person-activity,person kneeling: medium skin tone,,,Laura Dworatschek,2019-05-06,3,single,🧎,1F9CE,12,2075
🧎🏾,1F9CE-1F3FE,people-body,person-activity,person kneeling: medium-dark skin tone,,,Laura Dworatschek,2019-05-06,4,single,🧎,1F9CE,12,2076
🧎🏿,1F9CE-1F3FF,people-body,person-activity,person kneeling: dark skin tone,,,Laura Dworatschek,2019-05-06,5,single,🧎,1F9CE,12,2077
🧎‍♂️,1F9CE-200D-2642-FE0F,people-body,person-activity,man kneeling,"kneel, kneeling, knees, man",,Laura Dworatschek,2019-05-06,,single,🧎‍♂️,1F9CE-200D-2642-FE0F,12,2078
🧎🏻‍♂️,1F9CE-1F3FB-200D-2642-FE0F,people-body,person-activity,man kneeling: light skin tone,,,Laura Dworatschek,2019-05-06,1,single,🧎‍♂️,1F9CE-200D-2642-FE0F,12,2080
🧎🏼‍♂️,1F9CE-1F3FC-200D-2642-FE0F,people-body,person-activity,man kneeling: medium-light skin tone,,,Laura Dworatschek,2019-05-06,2,single,🧎‍♂️,1F9CE-200D-2642-FE0F,12,2082
🧎🏽‍♂️,1F9CE-1F3FD-200D-2642-FE0F,people-body,person-activity,man kneeling: medium skin tone,,,Laura Dworatschek,2019-05-06,3,single,🧎‍♂️,1F9CE-200D-2642-FE0F,12,2084
🧎🏾‍♂️,1F9CE-1F3FE-200D-2642-FE0F,people-body,person-activity,man kneeling: medium-dark skin tone,,,Laura Dworatschek,2019-05-06,4,single,🧎‍♂️,1F9CE-200D-2642-FE0F,12,2086
🧎🏿‍♂️,1F9CE-1F3FF-200D-2642-FE0F,people-body,person-activity,man kneeling: dark skin tone,,,Laura Dworatschek,2019-05-06,5,single,🧎‍♂️,1F9CE-200D-2642-FE0F,12,2088
🧎‍♀️,1F9CE-200D-2640-FE0F,people-body,person-activity,woman kneeling,"kneel, kneeling, knees, woman",,Laura Dworatschek,2019-05-06,,single,🧎‍♀️,1F9CE-200D-2640-FE0F,12,2090
🧎🏻‍♀️,1F9CE-1F3FB-200D-2640-FE0F,people-body,person-activity,woman kneeling: light skin tone,,,Laura Dworatschek,2019-05-06,1,single,🧎‍♀️,1F9CE-200D-2640-FE0F,12,2092
🧎🏼‍♀️,1F9CE-1F3FC-200D-2640-FE0F,people-body,person-activity,woman kneeling: medium-light skin tone,,,Laura Dworatschek,2019-05-06,2,single,🧎‍♀️,1F9CE-200D-2640-FE0F,12,2094
🧎🏽‍♀️,1F9CE-1F3FD-200D-2640-FE0F,people-body,person-activity,woman kneeling: medium skin tone,,,Laura Dworatschek,2019-05-06,3,single,🧎‍♀️,1F9CE-200D-2640-FE0F,12,2096
🧎🏾‍♀️,1F9CE-1F3FE-200D-2640-FE0F,people-body,person-activity,woman kneeling: medium-dark skin tone,,,Laura Dworatschek,2019-05-06,4,single,🧎‍♀️,1F9CE-200D-2640-FE0F,12,2098
🧎🏿‍♀️,1F9CE-1F3FF-200D-2640-FE0F,people-body,person-activity,woman kneeling: dark skin tone,,,Laura Dworatschek,2019-05-06,5,single,🧎‍♀️,1F9CE-200D-2640-FE0F,12,2100
🧎‍➡️,1F9CE-200D-27A1-FE0F,people-body,person-activity,person kneeling: facing right,"facing, kneel, kneeling, knees, person, right",,Laudra Dworatschek,2019-05-06,,single,🧎‍➡️,1F9CE-200D-27A1-FE0F,15.1,2102
🧎🏻‍➡️,1F9CE-1F3FB-200D-27A1-FE0F,people-body,person-activity,"person kneeling: light skin tone, facing right",,,Laudra Dworatschek,2019-05-06,1,single,🧎‍➡️,1F9CE-200D-27A1-FE0F,15.1,2104
🧎🏼‍➡️,1F9CE-1F3FC-200D-27A1-FE0F,people-body,person-activity,"person kneeling: medium-light skin tone, facing right",,,Laudra Dworatschek,2019-05-06,2,single,🧎‍➡️,1F9CE-200D-27A1-FE0F,15.1,2106
🧎🏽‍➡️,1F9CE-1F3FD-200D-27A1-FE0F,people-body,person-activity,"person kneeling: medium skin tone, facing right",,,Laudra Dworatschek,2019-05-06,3,single,🧎‍➡️,1F9CE-200D-27A1-FE0F,15.1,2108
🧎🏾‍➡️,1F9CE-1F3FE-200D-27A1-FE0F,people-body,person-activity,"person kneeling: medium-dark skin tone, facing right",,,Laudra Dworatschek,2019-05-06,4,single,🧎‍➡️,1F9CE-200D-27A1-FE0F,15.1,2110
🧎🏿‍➡️,1F9CE-1F3FF-200D-27A1-FE0F,people-body,person-activity,"person kneeling: dark skin tone, facing right",,,Laudra Dworatschek,2019-05-06,5,single,🧎‍➡️,1F9CE-200D-27A1-FE0F,15.1,2112
🧎‍♀️‍➡️,1F9CE-200D-2640-FE0F-200D-27A1-FE0F,people-body,person-activity,woman kneeling: facing right,"facing, kneel, kneeling, knees, right, woman",,Laura Dworatschek,2019-05-06,,single,🧎‍♀️‍➡️,1F9CE-200D-2640-FE0F-200D-27A1-FE0F,15.1,2114
🧎🏻‍♀️‍➡️,1F9CE-1F3FB-200D-2640-FE0F-200D-27A1-FE0F,people-body,person-activity,"woman kneeling: light skin tone, facing right",,,Laura Dworatschek,2019-05-06,1,single,🧎‍♀️‍➡️,1F9CE-200D-2640-FE0F-200D-27A1-FE0F,15.1,2118
🧎🏼‍♀️‍➡️,1F9CE-1F3FC-200D-2640-FE0F-200D-27A1-FE0F,people-body,person-activity,"woman kneeling: medium-light skin tone, facing right",,,Laura Dworatschek,2019-05-06,2,single,🧎‍♀️‍➡️,1F9CE-200D-2640-FE0F-200D-27A1-FE0F,15.1,2122
🧎🏽‍♀️‍➡️,1F9CE-1F3FD-200D-2640-FE0F-200D-27A1-FE0F,people-body,person-activity,"woman kneeling: medium skin tone, facing right",,,Laura Dworatschek,2019-05-06,3,single,🧎‍♀️‍➡️,1F9CE-200D-2640-FE0F-200D-27A1-FE0F,15.1,2126
🧎🏾‍♀️‍➡️,1F9CE-1F3FE-200D-2640-FE0F-200D-27A1-FE0F,people-body,person-activity,"woman kneeling: medium-dark skin tone, facing right",,,Laura Dworatschek,2019-05-06,4,single,🧎‍♀️‍➡️,1F9CE-200D-2640-FE0F-200D-27A1-FE0F,15.1,2130
🧎🏿‍♀️‍➡️,1F9CE-1F3FF-200D-2640-FE0F-200D-27A1-FE0F,people-body,person-activity,"woman kneeling: dark skin tone, facing right",,,Laura Dworatschek,2019-05-06,5,single,🧎‍♀️‍➡️,1F9CE-200D-2640-FE0F-200D-27A1-FE0F,15.1,2134
🧎‍♂️‍➡️,1F9CE-200D-2642-FE0F-200D-27A1-FE0F,people-body,person-activity,man kneeling: facing right,"facing, kneel, kneeling, knees, man, right",,Laura Dworatschek,2019-05-06,,single,🧎‍♂️‍➡️,1F9CE-200D-2642-FE0F-200D-27A1-FE0F,15.1,2138
🧎🏻‍♂️‍➡️,1F9CE-1F3FB-200D-2642-FE0F-200D-27A1-FE0F,people-body,person-activity,"man kneeling: light skin tone, facing right",,,Laura Dworatschek,2019-05-06,1,single,🧎‍♂️‍➡️,1F9CE-200D-2642-FE0F-200D-27A1-FE0F,15.1,2142
🧎🏼‍♂️‍➡️,1F9CE-1F3FC-200D-2642-FE0F-200D-27A1-FE0F,people-body,person-activity,"man kneeling: medium-light skin tone, facing right",,,Laura Dworatschek,2019-05-06,2,single,🧎‍♂️‍➡️,1F9CE-200D-2642-FE0F-200D-27A1-FE0F,15.1,2146
🧎🏽‍♂️‍➡️,1F9CE-1F3FD-200D-2642-FE0F-200D-27A1-FE0F,people-body,person-activity,"man kneeling: medium skin tone, facing right",,,Laura Dworatschek,2019-05-06,3,single,🧎‍♂️‍➡️,1F9CE-200D-2642-FE0F-200D-27A1-FE0F,15.1,2150
🧎🏾‍♂️‍➡️,1F9CE-1F3FE-200D-2642-FE0F-200D-27A1-FE0F,people-body,person-activity,"man kneeling: medium-dark skin tone, facing right",,,Laura Dworatschek,2019-05-06,4,single,🧎‍♂️‍➡️,1F9CE-200D-2642-FE0F-200D-27A1-FE0F,15.1,2154
🧎🏿‍♂️‍➡️,1F9CE-1F3FF-200D-2642-FE0F-200D-27A1-FE0F,people-body,person-activity,"man kneeling: dark skin tone, facing right",,,Laura Dworatschek,2019-05-06,5,single,🧎‍♂️‍➡️,1F9CE-200D-2642-FE0F-200D-27A1-FE0F,15.1,2158
🧑‍🦯,1F9D1-200D-1F9AF,people-body,person-activity,person with white cane,"accessibility, blind, cane, person, probing, white",,Benedikt Groß,2020-01-15,,single,🧑‍🦯,1F9D1-200D-1F9AF,12.1,2162
🧑🏻‍🦯,1F9D1-1F3FB-200D-1F9AF,people-body,person-activity,person with white cane: light skin tone,,,Benedikt Groß,2020-01-15,1,single,🧑‍🦯,1F9D1-200D-1F9AF,12.1,2163
🧑🏼‍🦯,1F9D1-1F3FC-200D-1F9AF,people-body,person-activity,person with white cane: medium-light skin tone,,,Benedikt Groß,2020-01-15,2,single,🧑‍🦯,1F9D1-200D-1F9AF,12.1,2164
🧑🏽‍🦯,1F9D1-1F3FD-200D-1F9AF,people-body,person-activity,person with white cane: medium skin tone,,,Benedikt Groß,2020-01-15,3,single,🧑‍🦯,1F9D1-200D-1F9AF,12.1,2165
🧑🏾‍🦯,1F9D1-1F3FE-200D-1F9AF,people-body,person-activity,person with white cane: medium-dark skin tone,,,Benedikt Groß,2020-01-15,4,single,🧑‍🦯,1F9D1-200D-1F9AF,12.1,2166
🧑🏿‍🦯,1F9D1-1F3FF-200D-1F9AF,people-body,person-activity,person with white cane: dark skin tone,,,Benedikt Groß,2020-01-15,5,single,🧑‍🦯,1F9D1-200D-1F9AF,12.1,2167
🧑‍🦯‍➡️,1F9D1-200D-1F9AF-200D-27A1-FE0F,people-body,person-activity,person with white cane: facing right,"accessibility, blind, cane, facing, person, probing, right, white",,Benedikt Groß,2020-01-15,,single,🧑‍🦯‍➡️,1F9D1-200D-1F9AF-200D-27A1-FE0F,15.1,2168
🧑🏻‍🦯‍➡️,1F9D1-1F3FB-200D-1F9AF-200D-27A1-FE0F,people-body,person-activity,"person with white cane: light skin tone, facing right",,,Benedikt Groß,2020-01-15,1,single,🧑‍🦯‍➡️,1F9D1-200D-1F9AF-200D-27A1-FE0F,15.1,2170
🧑🏼‍🦯‍➡️,1F9D1-1F3FC-200D-1F9AF-200D-27A1-FE0F,people-body,person-activity,"person with white cane: medium-light skin tone, facing right",,,Benedikt Groß,2020-01-15,2,single,🧑‍🦯‍➡️,1F9D1-200D-1F9AF-200D-27A1-FE0F,15.1,2172
🧑🏽‍🦯‍➡️,1F9D1-1F3FD-200D-1F9AF-200D-27A1-FE0F,people-body,person-activity,"person with white cane: medium skin tone, facing right",,,Benedikt Groß,2020-01-15,3,single,🧑‍🦯‍➡️,1F9D1-200D-1F9AF-200D-27A1-FE0F,15.1,2174
🧑🏾‍🦯‍➡️,1F9D1-1F3FE-200D-1F9AF-200D-27A1-FE0F,people-body,person-activity,"person with white cane: medium-dark skin tone, facing right",,,Benedikt Groß,2020-01-15,4,single,🧑‍🦯‍➡️,1F9D1-200D-1F9AF-200D-27A1-FE0F,15.1,2176
🧑🏿‍🦯‍➡️,1F9D1-1F3FF-200D-1F9AF-200D-27A1-FE0F,people-body,person-activity,"person with white cane: dark skin tone, facing right",,,Benedikt Groß,2020-01-15,5,single,🧑‍🦯‍➡️,1F9D1-200D-1F9AF-200D-27A1-FE0F,15.1,2178
👨‍🦯,1F468-200D-1F9AF,people-body,person-activity,man with white cane,"accessibility, blind, cane, man, probing, white",,Yasmin Abdullahi,2019-05-07,,single,👨‍🦯,1F468-200D-1F9AF,12,2180
👨🏻‍🦯,1F468-1F3FB-200D-1F9AF,people-body,person-activity,man with white cane: light skin tone,,,Yasmin Abdullahi,2019-05-07,1,single,👨‍🦯,1F468-200D-1F9AF,12,2181
👨🏼‍🦯,1F468-1F3FC-200D-1F9AF,people-body,person-activity,man with white cane: medium-light skin tone,,,Yasmin Abdullahi,2019-05-07,2,single,👨‍🦯,1F468-200D-1F9AF,12,2182
👨🏽‍🦯,1F468-1F3FD-200D-1F9AF,people-body,person-activity,man with white cane: medium skin tone,,,Yasmin Abdullahi,2019-05-07,3,single,👨‍🦯,1F468-200D-1F9AF,12,2183
👨🏾‍🦯,1F468-1F3FE-200D-1F9AF,people-body,person-activity,man with white cane: medium-dark skin tone,,,Yasmin Abdullahi,2019-05-07,4,single,👨‍🦯,1F468-200D-1F9AF,12,2184
👨🏿‍🦯,1F468-1F3FF-200D-1F9AF,people-body,person-activity,man with white cane: dark skin tone,,,Yasmin Abdullahi,2019-05-07,5,single,👨‍🦯,1F468-200D-1F9AF,12,2185
👨‍🦯‍➡️,1F468-200D-1F9AF-200D-27A1-FE0F,people-body,person-activity,man with white cane: facing right,"accessibility, blind, cane, facing, man, probing, right, white",,Yasmin Abdullahi,2019-05-07,,single,👨‍🦯‍➡️,1F468-200D-1F9AF-200D-27A1-FE0F,15.1,2186
👨🏻‍🦯‍➡️,1F468-1F3FB-200D-1F9AF-200D-27A1-FE0F,people-body,person-activity,"man with white cane: light skin tone, facing right",,,Yasmin Abdullahi,2019-05-07,1,single,👨‍🦯‍➡️,1F468-200D-1F9AF-200D-27A1-FE0F,15.1,2188
👨🏼‍🦯‍➡️,1F468-1F3FC-200D-1F9AF-200D-27A1-FE0F,people-body,person-activity,"man with white cane: medium-light skin tone, facing right",,,Yasmin Abdullahi,2019-05-07,2,single,👨‍🦯‍➡️,1F468-200D-1F9AF-200D-27A1-FE0F,15.1,2190
👨🏽‍🦯‍➡️,1F468-1F3FD-200D-1F9AF-200D-27A1-FE0F,people-body,person-activity,"man with white cane: medium skin tone, facing right",,,Yasmin Abdullahi,2019-05-07,3,single,👨‍🦯‍➡️,1F468-200D-1F9AF-200D-27A1-FE0F,15.1,2192
👨🏾‍🦯‍➡️,1F468-1F3FE-200D-1F9AF-200D-27A1-FE0F,people-body,person-activity,"man with white cane: medium-dark skin tone, facing right",,,Yasmin Abdullahi,2019-05-07,4,single,👨‍🦯‍➡️,1F468-200D-1F9AF-200D-27A1-FE0F,15.1,2194
👨🏿‍🦯‍➡️,1F468-1F3FF-200D-1F9AF-200D-27A1-FE0F,people-body,person-activity,"man with white cane: dark skin tone, facing right",,,Yasmin Abdullahi,2019-05-07,5,single,👨‍🦯‍➡️,1F468-200D-1F9AF-200D-27A1-FE0F,15.1,2196
👩‍🦯,1F469-200D-1F9AF,people-body,person-activity,woman with white cane,"accessibility, blind, cane, probing, white, woman",,Yasmin Abdullahi,2019-05-07,,single,👩‍🦯,1F469-200D-1F9AF,12,2198
👩🏻‍🦯,1F469-1F3FB-200D-1F9AF,people-body,person-activity,woman with white cane: light skin tone,,,Yasmin Abdullahi,2019-05-07,1,single,👩‍🦯,1F469-200D-1F9AF,12,2199
👩🏼‍🦯,1F469-1F3FC-200D-1F9AF,people-body,person-activity,woman with white cane: medium-light skin tone,,,Yasmin Abdullahi,2019-05-07,2,single,👩‍🦯,1F469-200D-1F9AF,12,2200
👩🏽‍🦯,1F469-1F3FD-200D-1F9AF,people-body,person-activity,woman with white cane: medium skin tone,,,Yasmin Abdullahi,2019-05-07,3,single,👩‍🦯,1F469-200D-1F9AF,12,2201
👩🏾‍🦯,1F469-1F3FE-200D-1F9AF,people-body,person-activity,woman with white cane: medium-dark skin tone,,,Yasmin Abdullahi,2019-05-07,4,single,👩‍🦯,1F469-200D-1F9AF,12,2202
👩🏿‍🦯,1F469-1F3FF-200D-1F9AF,people-body,person-activity,woman with white cane: dark skin tone,,,Yasmin Abdullahi,2019-05-07,5,single,👩‍🦯,1F469-200D-1F9AF,12,2203
👩‍🦯‍➡️,1F469-200D-1F9AF-200D-27A1-FE0F,people-body,person-activity,woman with white cane: facing right,"accessibility, blind, cane, facing, probing, right, white, woman",,Yasmin Abdullahi,2019-05-07,,single,👩‍🦯‍➡️,1F469-200D-1F9AF-200D-27A1-FE0F,15.1,2204
👩🏻‍🦯‍➡️,1F469-1F3FB-200D-1F9AF-200D-27A1-FE0F,people-body,person-activity,"woman with white cane: light skin tone, facing right",,,Yasmin Abdullahi,2019-05-07,1,single,👩‍🦯‍➡️,1F469-200D-1F9AF-200D-27A1-FE0F,15.1,2206
👩🏼‍🦯‍➡️,1F469-1F3FC-200D-1F9AF-200D-27A1-FE0F,people-body,person-activity,"woman with white cane: medium-light skin tone, facing right",,,Yasmin Abdullahi,2019-05-07,2,single,👩‍🦯‍➡️,1F469-200D-1F9AF-200D-27A1-FE0F,15.1,2208
👩🏽‍🦯‍➡️,1F469-1F3FD-200D-1F9AF-200D-27A1-FE0F,people-body,person-activity,"woman with white cane: medium skin tone, facing right",,,Yasmin Abdullahi,2019-05-07,3,single,👩‍🦯‍➡️,1F469-200D-1F9AF-200D-27A1-FE0F,15.1,2210
👩🏾‍🦯‍➡️,1F469-1F3FE-200D-1F9AF-200D-27A1-FE0F,people-body,person-activity,"woman with white cane: medium-dark skin tone, facing right",,,Yasmin Abdullahi,2019-05-07,4,single,👩‍🦯‍➡️,1F469-200D-1F9AF-200D-27A1-FE0F,15.1,2212
👩🏿‍🦯‍➡️,1F469-1F3FF-200D-1F9AF-200D-27A1-FE0F,people-body,person-activity,"woman with white cane: dark skin tone, facing right",,,Yasmin Abdullahi,2019-05-07,5,single,👩‍🦯‍➡️,1F469-200D-1F9AF-200D-27A1-FE0F,15.1,2214
🧑‍🦼,1F9D1-200D-1F9BC,people-body,person-activity,person in motorized wheelchair,"accessibility, motorized, person, wheelchair",,Benedikt Groß,2020-01-15,,single,🧑‍🦼,1F9D1-200D-1F9BC,12.1,2216
🧑🏻‍🦼,1F9D1-1F3FB-200D-1F9BC,people-body,person-activity,person in motorized wheelchair: light skin tone,,,Benedikt Groß,2020-01-15,1,single,🧑‍🦼,1F9D1-200D-1F9BC,12.1,2217
🧑🏼‍🦼,1F9D1-1F3FC-200D-1F9BC,people-body,person-activity,person in motorized wheelchair: medium-light skin tone,,,Benedikt Groß,2020-01-15,2,single,🧑‍🦼,1F9D1-200D-1F9BC,12.1,2218
🧑🏽‍🦼,1F9D1-1F3FD-200D-1F9BC,people-body,person-activity,person in motorized wheelchair: medium skin tone,,,Benedikt Groß,2020-01-15,3,single,🧑‍🦼,1F9D1-200D-1F9BC,12.1,2219
🧑🏾‍🦼,1F9D1-1F3FE-200D-1F9BC,people-body,person-activity,person in motorized wheelchair: medium-dark skin tone,,,Benedikt Groß,2020-01-15,4,single,🧑‍🦼,1F9D1-200D-1F9BC,12.1,2220
🧑🏿‍🦼,1F9D1-1F3FF-200D-1F9BC,people-body,person-activity,person in motorized wheelchair: dark skin tone,,,Benedikt Groß,2020-01-15,5,single,🧑‍🦼,1F9D1-200D-1F9BC,12.1,2221
🧑‍🦼‍➡️,1F9D1-200D-1F9BC-200D-27A1-FE0F,people-body,person-activity,person in motorized wheelchair: facing right,"accessibility, facing, motorized, person, right, wheelchair",,Benedikt Groß,2020-01-15,,single,🧑‍🦼‍➡️,1F9D1-200D-1F9BC-200D-27A1-FE0F,15.1,2222
🧑🏻‍🦼‍➡️,1F9D1-1F3FB-200D-1F9BC-200D-27A1-FE0F,people-body,person-activity,"person in motorized wheelchair: light skin tone, facing right",,,Benedikt Groß,2020-01-15,1,single,🧑‍🦼‍➡️,1F9D1-200D-1F9BC-200D-27A1-FE0F,15.1,2224
🧑🏼‍🦼‍➡️,1F9D1-1F3FC-200D-1F9BC-200D-27A1-FE0F,people-body,person-activity,"person in motorized wheelchair: medium-light skin tone, facing right",,,Benedikt Groß,2020-01-15,2,single,🧑‍🦼‍➡️,1F9D1-200D-1F9BC-200D-27A1-FE0F,15.1,2226
🧑🏽‍🦼‍➡️,1F9D1-1F3FD-200D-1F9BC-200D-27A1-FE0F,people-body,person-activity,"person in motorized wheelchair: medium skin tone, facing right",,,Benedikt Groß,2020-01-15,3,single,🧑‍🦼‍➡️,1F9D1-200D-1F9BC-200D-27A1-FE0F,15.1,2228
🧑🏾‍🦼‍➡️,1F9D1-1F3FE-200D-1F9BC-200D-27A1-FE0F,people-body,person-activity,"person in motorized wheelchair: medium-dark skin tone, facing right",,,Benedikt Groß,2020-01-15,4,single,🧑‍🦼‍➡️,1F9D1-200D-1F9BC-200D-27A1-FE0F,15.1,2230
🧑🏿‍🦼‍➡️,1F9D1-1F3FF-200D-1F9BC-200D-27A1-FE0F,people-body,person-activity,"person in motorized wheelchair: dark skin tone, facing right",,,Benedikt Groß,2020-01-15,5,single,🧑‍🦼‍➡️,1F9D1-200D-1F9BC-200D-27A1-FE0F,15.1,2232
👨‍🦼,1F468-200D-1F9BC,people-body,person-activity,man in motorized wheelchair,"accessibility, man, motorized, wheelchair",,Laura Dworatschek,2019-05-06,,single,👨‍🦼,1F468-200D-1F9BC,12,2234
👨🏻‍🦼,1F468-1F3FB-200D-1F9BC,people-body,person-activity,man in motorized wheelchair: light skin tone,,,Laura Dworatschek,2019-05-06,1,single,👨‍🦼,1F468-200D-1F9BC,12,2235
👨🏼‍🦼,1F468-1F3FC-200D-1F9BC,people-body,person-activity,man in motorized wheelchair: medium-light skin tone,,,Laura Dworatschek,2019-05-06,2,single,👨‍🦼,1F468-200D-1F9BC,12,2236
👨🏽‍🦼,1F468-1F3FD-200D-1F9BC,people-body,person-activity,man in motorized wheelchair: medium skin tone,,,Laura Dworatschek,2019-05-06,3,single,👨‍🦼,1F468-200D-1F9BC,12,2237
👨🏾‍🦼,1F468-1F3FE-200D-1F9BC,people-body,person-activity,man in motorized wheelchair: medium-dark skin tone,,,Laura Dworatschek,2019-05-06,4,single,👨‍🦼,1F468-200D-1F9BC,12,2238
👨🏿‍🦼,1F468-1F3FF-200D-1F9BC,people-body,person-activity,man in motorized wheelchair: dark skin tone,,,Laura Dworatschek,2019-05-06,5,single,👨‍🦼,1F468-200D-1F9BC,12,2239
👨‍🦼‍➡️,1F468-200D-1F9BC-200D-27A1-FE0F,people-body,person-activity,man in motorized wheelchair: facing right,"accessibility, facing, man, motorized, right, wheelchair",,Laura Dworatschek,2019-05-06,,single,👨‍🦼‍➡️,1F468-200D-1F9BC-200D-27A1-FE0F,15.1,2240
👨🏻‍🦼‍➡️,1F468-1F3FB-200D-1F9BC-200D-27A1-FE0F,people-body,person-activity,"man in motorized wheelchair: light skin tone, facing right",,,Laura Dworatschek,2019-05-06,1,single,👨‍🦼‍➡️,1F468-200D-1F9BC-200D-27A1-FE0F,15.1,2242
👨🏼‍🦼‍➡️,1F468-1F3FC-200D-1F9BC-200D-27A1-FE0F,people-body,person-activity,"man in motorized wheelchair: medium-light skin tone, facing right",,,Laura Dworatschek,2019-05-06,2,single,👨‍🦼‍➡️,1F468-200D-1F9BC-200D-27A1-FE0F,15.1,2244
👨🏽‍🦼‍➡️,1F468-1F3FD-200D-1F9BC-200D-27A1-FE0F,people-body,person-activity,"man in motorized wheelchair: medium skin tone, facing right",,,Laura Dworatschek,2019-05-06,3,single,👨‍🦼‍➡️,1F468-200D-1F9BC-200D-27A1-FE0F,15.1,2246
👨🏾‍🦼‍➡️,1F468-1F3FE-200D-1F9BC-200D-27A1-FE0F,people-body,person-activity,"man in motorized wheelchair: medium-dark skin tone, facing right",,,Laura Dworatschek,2019-05-06,4,single,👨‍🦼‍➡️,1F468-200D-1F9BC-200D-27A1-FE0F,15.1,2248
👨🏿‍🦼‍➡️,1F468-1F3FF-200D-1F9BC-200D-27A1-FE0F,people-body,person-activity,"man in motorized wheelchair: dark skin tone, facing right",,,Laura Dworatschek,2019-05-06,5,single,👨‍🦼‍➡️,1F468-200D-1F9BC-200D-27A1-FE0F,15.1,2250
👩‍🦼,1F469-200D-1F9BC,people-body,person-activity,woman in motorized wheelchair,"accessibility, motorized, wheelchair, woman",,Laura Dworatschek,2019-05-06,,single,👩‍🦼,1F469-200D-1F9BC,12,2252
👩🏻‍🦼,1F469-1F3FB-200D-1F9BC,people-body,person-activity,woman in motorized wheelchair: light skin tone,,,Laura Dworatschek,2019-05-06,1,single,👩‍🦼,1F469-200D-1F9BC,12,2253
👩🏼‍🦼,1F469-1F3FC-200D-1F9BC,people-body,person-activity,woman in motorized wheelchair: medium-light skin tone,,,Laura Dworatschek,2019-05-06,2,single,👩‍🦼,1F469-200D-1F9BC,12,2254
👩🏽‍🦼,1F469-1F3FD-200D-1F9BC,people-body,person-activity,woman in motorized wheelchair: medium skin tone,,,Laura Dworatschek,2019-05-06,3,single,👩‍🦼,1F469-200D-1F9BC,12,2255
👩🏾‍🦼,1F469-1F3FE-200D-1F9BC,people-body,person-activity,woman in motorized wheelchair: medium-dark skin tone,,,Laura Dworatschek,2019-05-06,4,single,👩‍🦼,1F469-200D-1F9BC,12,2256
👩🏿‍🦼,1F469-1F3FF-200D-1F9BC,people-body,person-activity,woman in motorized wheelchair: dark skin tone,,,Laura Dworatschek,2019-05-06,5,single,👩‍🦼,1F469-200D-1F9BC,12,2257
👩‍🦼‍➡️,1F469-200D-1F9BC-200D-27A1-FE0F,people-body,person-activity,woman in motorized wheelchair: facing right,"accessibility, facing, motorized, right, wheelchair, woman",,Laura Dworatschek,2019-05-06,,single,👩‍🦼‍➡️,1F469-200D-1F9BC-200D-27A1-FE0F,15.1,2258
👩🏻‍🦼‍➡️,1F469-1F3FB-200D-1F9BC-200D-27A1-FE0F,people-body,person-activity,"woman in motorized wheelchair: light skin tone, facing right",,,Laura Dworatschek,2019-05-06,1,single,👩‍🦼‍➡️,1F469-200D-1F9BC-200D-27A1-FE0F,15.1,2260
👩🏼‍🦼‍➡️,1F469-1F3FC-200D-1F9BC-200D-27A1-FE0F,people-body,person-activity,"woman in motorized wheelchair: medium-light skin tone, facing right",,,Laura Dworatschek,2019-05-06,2,single,👩‍🦼‍➡️,1F469-200D-1F9BC-200D-27A1-FE0F,15.1,2262
👩🏽‍🦼‍➡️,1F469-1F3FD-200D-1F9BC-200D-27A1-FE0F,people-body,person-activity,"woman in motorized wheelchair: medium skin tone, facing right",,,Laura Dworatschek,2019-05-06,3,single,👩‍🦼‍➡️,1F469-200D-1F9BC-200D-27A1-FE0F,15.1,2264
👩🏾‍🦼‍➡️,1F469-1F3FE-200D-1F9BC-200D-27A1-FE0F,people-body,person-activity,"woman in motorized wheelchair: medium-dark skin tone, facing right",,,Laura Dworatschek,2019-05-06,4,single,👩‍🦼‍➡️,1F469-200D-1F9BC-200D-27A1-FE0F,15.1,2266
👩🏿‍🦼‍➡️,1F469-1F3FF-200D-1F9BC-200D-27A1-FE0F,people-body,person-activity,"woman in motorized wheelchair: dark skin tone, facing right",,,Laura Dworatschek,2019-05-06,5,single,👩‍🦼‍➡️,1F469-200D-1F9BC-200D-27A1-FE0F,15.1,2268
🧑‍🦽,1F9D1-200D-1F9BD,people-body,person-activity,person in manual wheelchair,"accessibility, manual, person, wheelchair",,Benedikt Groß,2020-01-15,,single,🧑‍🦽,1F9D1-200D-1F9BD,12.1,2270
🧑🏻‍🦽,1F9D1-1F3FB-200D-1F9BD,people-body,person-activity,person in manual wheelchair: light skin tone,,,Benedikt Groß,2020-01-15,1,single,🧑‍🦽,1F9D1-200D-1F9BD,12.1,2271
🧑🏼‍🦽,1F9D1-1F3FC-200D-1F9BD,people-body,person-activity,person in manual wheelchair: medium-light skin tone,,,Benedikt Groß,2020-01-15,2,single,🧑‍🦽,1F9D1-200D-1F9BD,12.1,2272
🧑🏽‍🦽,1F9D1-1F3FD-200D-1F9BD,people-body,person-activity,person in manual wheelchair: medium skin tone,,,Benedikt Groß,2020-01-15,3,single,🧑‍🦽,1F9D1-200D-1F9BD,12.1,2273
🧑🏾‍🦽,1F9D1-1F3FE-200D-1F9BD,people-body,person-activity,person in manual wheelchair: medium-dark skin tone,,,Benedikt Groß,2020-01-15,4,single,🧑‍🦽,1F9D1-200D-1F9BD,12.1,2274
🧑🏿‍🦽,1F9D1-1F3FF-200D-1F9BD,people-body,person-activity,person in manual wheelchair: dark skin tone,,,Benedikt Groß,2020-01-15,5,single,🧑‍🦽,1F9D1-200D-1F9BD,12.1,2275
🧑‍🦽‍➡️,1F9D1-200D-1F9BD-200D-27A1-FE0F,people-body,person-activity,person in manual wheelchair: facing right,"accessibility, facing, manual, person, right, wheelchair",,Benedikt Groß,2020-01-15,,single,🧑‍🦽‍➡️,1F9D1-200D-1F9BD-200D-27A1-FE0F,15.1,2276
🧑🏻‍🦽‍➡️,1F9D1-1F3FB-200D-1F9BD-200D-27A1-FE0F,people-body,person-activity,"person in manual wheelchair: light skin tone, facing right",,,Benedikt Groß,2020-01-15,1,single,🧑‍🦽‍➡️,1F9D1-200D-1F9BD-200D-27A1-FE0F,15.1,2278
🧑🏼‍🦽‍➡️,1F9D1-1F3FC-200D-1F9BD-200D-27A1-FE0F,people-body,person-activity,"person in manual wheelchair: medium-light skin tone, facing right",,,Benedikt Groß,2020-01-15,2,single,🧑‍🦽‍➡️,1F9D1-200D-1F9BD-200D-27A1-FE0F,15.1,2280
🧑🏽‍🦽‍➡️,1F9D1-1F3FD-200D-1F9BD-200D-27A1-FE0F,people-body,person-activity,"person in manual wheelchair: medium skin tone, facing right",,,Benedikt Groß,2020-01-15,3,single,🧑‍🦽‍➡️,1F9D1-200D-1F9BD-200D-27A1-FE0F,15.1,2282
🧑🏾‍🦽‍➡️,1F9D1-1F3FE-200D-1F9BD-200D-27A1-FE0F,people-body,person-activity,"person in manual wheelchair: medium-dark skin tone, facing right",,,Benedikt Groß,2020-01-15,4,single,🧑‍🦽‍➡️,1F9D1-200D-1F9BD-200D-27A1-FE0F,15.1,2284
🧑🏿‍🦽‍➡️,1F9D1-1F3FF-200D-1F9BD-200D-27A1-FE0F,people-body,person-activity,"person in manual wheelchair: dark skin tone, facing right",,,Benedikt Groß,2020-01-15,5,single,🧑‍🦽‍➡️,1F9D1-200D-1F9BD-200D-27A1-FE0F,15.1,2286
👨‍🦽,1F468-200D-1F9BD,people-body,person-activity,man in manual wheelchair,"accessibility, man, manual, wheelchair",,Yasmin Abdullahi,2019-05-07,,single,👨‍🦽,1F468-200D-1F9BD,12,2288
👨🏻‍🦽,1F468-1F3FB-200D-1F9BD,people-body,person-activity,man in manual wheelchair: light skin tone,,,Yasmin Abdullahi,2019-05-07,1,single,👨‍🦽,1F468-200D-1F9BD,12,2289
👨🏼‍🦽,1F468-1F3FC-200D-1F9BD,people-body,person-activity,man in manual wheelchair: medium-light skin tone,,,Yasmin Abdullahi,2019-05-07,2,single,👨‍🦽,1F468-200D-1F9BD,12,2290
👨🏽‍🦽,1F468-1F3FD-200D-1F9BD,people-body,person-activity,man in manual wheelchair: medium skin tone,,,Yasmin Abdullahi,2019-05-07,3,single,👨‍🦽,1F468-200D-1F9BD,12,2291
👨🏾‍🦽,1F468-1F3FE-200D-1F9BD,people-body,person-activity,man in manual wheelchair: medium-dark skin tone,,,Yasmin Abdullahi,2019-05-07,4,single,👨‍🦽,1F468-200D-1F9BD,12,2292
👨🏿‍🦽,1F468-1F3FF-200D-1F9BD,people-body,person-activity,man in manual wheelchair: dark skin tone,,,Yasmin Abdullahi,2019-05-07,5,single,👨‍🦽,1F468-200D-1F9BD,12,2293
👨‍🦽‍➡️,1F468-200D-1F9BD-200D-27A1-FE0F,people-body,person-activity,man in manual wheelchair: facing right,"accessibility, facing, man, manual, right, wheelchair",,Yasmin Abdullahi,2019-05-07,,single,👨‍🦽‍➡️,1F468-200D-1F9BD-200D-27A1-FE0F,15.1,2294
👨🏻‍🦽‍➡️,1F468-1F3FB-200D-1F9BD-200D-27A1-FE0F,people-body,person-activity,"man in manual wheelchair: light skin tone, facing right",,,Yasmin Abdullahi,2019-05-07,1,single,👨‍🦽‍➡️,1F468-200D-1F9BD-200D-27A1-FE0F,15.1,2296
👨🏼‍🦽‍➡️,1F468-1F3FC-200D-1F9BD-200D-27A1-FE0F,people-body,person-activity,"man in manual wheelchair: medium-light skin tone, facing right",,,Yasmin Abdullahi,2019-05-07,2,single,👨‍🦽‍➡️,1F468-200D-1F9BD-200D-27A1-FE0F,15.1,2298
👨🏽‍🦽‍➡️,1F468-1F3FD-200D-1F9BD-200D-27A1-FE0F,people-body,person-activity,"man in manual wheelchair: medium skin tone, facing right",,,Yasmin Abdullahi,2019-05-07,3,single,👨‍🦽‍➡️,1F468-200D-1F9BD-200D-27A1-FE0F,15.1,2300
👨🏾‍🦽‍➡️,1F468-1F3FE-200D-1F9BD-200D-27A1-FE0F,people-body,person-activity,"man in manual wheelchair: medium-dark skin tone, facing right",,,Yasmin Abdullahi,2019-05-07,4,single,👨‍🦽‍➡️,1F468-200D-1F9BD-200D-27A1-FE0F,15.1,2302
👨🏿‍🦽‍➡️,1F468-1F3FF-200D-1F9BD-200D-27A1-FE0F,people-body,person-activity,"man in manual wheelchair: dark skin tone, facing right",,,Yasmin Abdullahi,2019-05-07,5,single,👨‍🦽‍➡️,1F468-200D-1F9BD-200D-27A1-FE0F,15.1,2304
👩‍🦽,1F469-200D-1F9BD,people-body,person-activity,woman in manual wheelchair,"accessibility, manual, wheelchair, woman",,Yasmin Abdullahi,2019-05-07,,single,👩‍🦽,1F469-200D-1F9BD,12,2306
👩🏻‍🦽,1F469-1F3FB-200D-1F9BD,people-body,person-activity,woman in manual wheelchair: light skin tone,,,Yasmin Abdullahi,2019-05-07,1,single,👩‍🦽,1F469-200D-1F9BD,12,2307
👩🏼‍🦽,1F469-1F3FC-200D-1F9BD,people-body,person-activity,woman in manual wheelchair: medium-light skin tone,,,Yasmin Abdullahi,2019-05-07,2,single,👩‍🦽,1F469-200D-1F9BD,12,2308
👩🏽‍🦽,1F469-1F3FD-200D-1F9BD,people-body,person-activity,woman in manual wheelchair: medium skin tone,,,Yasmin Abdullahi,2019-05-07,3,single,👩‍🦽,1F469-200D-1F9BD,12,2309
👩🏾‍🦽,1F469-1F3FE-200D-1F9BD,people-body,person-activity,woman in manual wheelchair: medium-dark skin tone,,,Yasmin Abdullahi,2019-05-07,4,single,👩‍🦽,1F469-200D-1F9BD,12,2310
👩🏿‍🦽,1F469-1F3FF-200D-1F9BD,people-body,person-activity,woman in manual wheelchair: dark skin tone,,,Yasmin Abdullahi,2019-05-07,5,single,👩‍🦽,1F469-200D-1F9BD,12,2311
👩‍🦽‍➡️,1F469-200D-1F9BD-200D-27A1-FE0F,people-body,person-activity,woman in manual wheelchair: facing right,"accessibility, facing, manual, right, wheelchair, woman",,Yasmin Abdullahi,2019-05-07,,single,👩‍🦽‍➡️,1F469-200D-1F9BD-200D-27A1-FE0F,15.1,2312
👩🏻‍🦽‍➡️,1F469-1F3FB-200D-1F9BD-200D-27A1-FE0F,people-body,person-activity,"woman in manual wheelchair: light skin tone, facing right",,,Yasmin Abdullahi,2019-05-07,1,single,👩‍🦽‍➡️,1F469-200D-1F9BD-200D-27A1-FE0F,15.1,2314
👩🏼‍🦽‍➡️,1F469-1F3FC-200D-1F9BD-200D-27A1-FE0F,people-body,person-activity,"woman in manual wheelchair: medium-light skin tone, facing right",,,Yasmin Abdullahi,2019-05-07,2,single,👩‍🦽‍➡️,1F469-200D-1F9BD-200D-27A1-FE0F,15.1,2316
👩🏽‍🦽‍➡️,1F469-1F3FD-200D-1F9BD-200D-27A1-FE0F,people-body,person-activity,"woman in manual wheelchair: medium skin tone, facing right",,,Yasmin Abdullahi,2019-05-07,3,single,👩‍🦽‍➡️,1F469-200D-1F9BD-200D-27A1-FE0F,15.1,2318
👩🏾‍🦽‍➡️,1F469-1F3FE-200D-1F9BD-200D-27A1-FE0F,people-body,person-activity,"woman in manual wheelchair: medium-dark skin tone, facing right",,,Yasmin Abdullahi,2019-05-07,4,single,👩‍🦽‍➡️,1F469-200D-1F9BD-200D-27A1-FE0F,15.1,2320
👩🏿‍🦽‍➡️,1F469-1F3FF-200D-1F9BD-200D-27A1-FE0F,people-body,person-activity,"woman in manual wheelchair: dark skin tone, facing right",,,Yasmin Abdullahi,2019-05-07,5,single,👩‍🦽‍➡️,1F469-200D-1F9BD-200D-27A1-FE0F,15.1,2322
🏃,1F3C3,people-body,person-activity,person running,"fast, hurry, marathon, move, person, quick, race, racing, run, rush, speed","human, person",Johanna Wellnitz,2018-04-18,,single,🏃,1F3C3,0.6,2324
🏃🏻,1F3C3-1F3FB,people-body,person-activity,person running: light skin tone,,,Johanna Wellnitz,2018-04-18,1,single,🏃,1F3C3,1,2325
🏃🏼,1F3C3-1F3FC,people-body,person-activity,person running: medium-light skin tone,,,Johanna Wellnitz,2018-04-18,2,single,🏃,1F3C3,1,2326
🏃🏽,1F3C3-1F3FD,people-body,person-activity,person running: medium skin tone,,,Johanna Wellnitz,2018-04-18,3,single,🏃,1F3C3,1,2327
🏃🏾,1F3C3-1F3FE,people-body,person-activity,person running: medium-dark skin tone,,,Johanna Wellnitz,2018-04-18,4,single,🏃,1F3C3,1,2328
🏃🏿,1F3C3-1F3FF,people-body,person-activity,person running: dark skin tone,,,Johanna Wellnitz,2018-04-18,5,single,🏃,1F3C3,1,2329
🏃‍♂️,1F3C3-200D-2642-FE0F,people-body,person-activity,man running,"fast, hurry, man, marathon, move, quick, race, racing, run, rush, speed",,Rifat Erdogan,2019-05-06,,single,🏃‍♂️,1F3C3-200D-2642-FE0F,4,2330
🏃🏻‍♂️,1F3C3-1F3FB-200D-2642-FE0F,people-body,person-activity,man running: light skin tone,,,Rifat Erdogan,2019-05-06,1,single,🏃‍♂️,1F3C3-200D-2642-FE0F,4,2332
🏃🏼‍♂️,1F3C3-1F3FC-200D-2642-FE0F,people-body,person-activity,man running: medium-light skin tone,,,Rifat Erdogan,2019-05-06,2,single,🏃‍♂️,1F3C3-200D-2642-FE0F,4,2334
🏃🏽‍♂️,1F3C3-1F3FD-200D-2642-FE0F,people-body,person-activity,man running: medium skin tone,,,Rifat Erdogan,2019-05-06,3,single,🏃‍♂️,1F3C3-200D-2642-FE0F,4,2336
🏃🏾‍♂️,1F3C3-1F3FE-200D-2642-FE0F,people-body,person-activity,man running: medium-dark skin tone,,,Rifat Erdogan,2019-05-06,4,single,🏃‍♂️,1F3C3-200D-2642-FE0F,4,2338
🏃🏿‍♂️,1F3C3-1F3FF-200D-2642-FE0F,people-body,person-activity,man running: dark skin tone,,,Rifat Erdogan,2019-05-06,5,single,🏃‍♂️,1F3C3-200D-2642-FE0F,4,2340
🏃‍♀️,1F3C3-200D-2640-FE0F,people-body,person-activity,woman running,"fast, hurry, marathon, move, quick, race, racing, run, rush, speed, woman",,Rifat Erdogan,2019-05-06,,single,🏃‍♀️,1F3C3-200D-2640-FE0F,4,2342
🏃🏻‍♀️,1F3C3-1F3FB-200D-2640-FE0F,people-body,person-activity,woman running: light skin tone,,,Rifat Erdogan,2019-05-06,1,single,🏃‍♀️,1F3C3-200D-2640-FE0F,4,2344
🏃🏼‍♀️,1F3C3-1F3FC-200D-2640-FE0F,people-body,person-activity,woman running: medium-light skin tone,,,Rifat Erdogan,2019-05-06,2,single,🏃‍♀️,1F3C3-200D-2640-FE0F,4,2346
🏃🏽‍♀️,1F3C3-1F3FD-200D-2640-FE0F,people-body,person-activity,woman running: medium skin tone,,,Rifat Erdogan,2019-05-06,3,single,🏃‍♀️,1F3C3-200D-2640-FE0F,4,2348
🏃🏾‍♀️,1F3C3-1F3FE-200D-2640-FE0F,people-body,person-activity,woman running: medium-dark skin tone,,,Rifat Erdogan,2019-05-06,4,single,🏃‍♀️,1F3C3-200D-2640-FE0F,4,2350
🏃🏿‍♀️,1F3C3-1F3FF-200D-2640-FE0F,people-body,person-activity,woman running: dark skin tone,,,Rifat Erdogan,2019-05-06,5,single,🏃‍♀️,1F3C3-200D-2640-FE0F,4,2352
🏃‍➡️,1F3C3-200D-27A1-FE0F,people-body,person-activity,person running: facing right,"facing, fast, hurry, marathon, move, person, quick, race, racing, right, run, rush, speed","human, person",Johanna Wellnitz,2018-04-18,,single,🏃‍➡️,1F3C3-200D-27A1-FE0F,15.1,2354
🏃🏻‍➡️,1F3C3-1F3FB-200D-27A1-FE0F,people-body,person-activity,"person running: light skin tone, facing right",,,Johanna Wellnitz,2018-04-18,1,single,🏃‍➡️,1F3C3-200D-27A1-FE0F,15.1,2356
🏃🏼‍➡️,1F3C3-1F3FC-200D-27A1-FE0F,people-body,person-activity,"person running: medium-light skin tone, facing right",,,Johanna Wellnitz,2018-04-18,2,single,🏃‍➡️,1F3C3-200D-27A1-FE0F,15.1,2358
🏃🏽‍➡️,1F3C3-1F3FD-200D-27A1-FE0F,people-body,person-activity,"person running: medium skin tone, facing right",,,Johanna Wellnitz,2018-04-18,3,single,🏃‍➡️,1F3C3-200D-27A1-FE0F,15.1,2360
🏃🏾‍➡️,1F3C3-1F3FE-200D-27A1-FE0F,people-body,person-activity,"person running: medium-dark skin tone, facing right",,,Johanna Wellnitz,2018-04-18,4,single,🏃‍➡️,1F3C3-200D-27A1-FE0F,15.1,2362
🏃🏿‍➡️,1F3C3-1F3FF-200D-27A1-FE0F,people-body,person-activity,"person running: dark skin tone, facing right",,,Johanna Wellnitz,2018-04-18,5,single,🏃‍➡️,1F3C3-200D-27A1-FE0F,15.1,2364
🏃‍♀️‍➡️,1F3C3-200D-2640-FE0F-200D-27A1-FE0F,people-body,person-activity,woman running: facing right,"facing, fast, hurry, marathon, move, quick, race, racing, right, run, rush, speed, woman",,Rifat Erdogan,2019-05-06,,single,🏃‍♀️‍➡️,1F3C3-200D-2640-FE0F-200D-27A1-FE0F,15.1,2366
🏃🏻‍♀️‍➡️,1F3C3-1F3FB-200D-2640-FE0F-200D-27A1-FE0F,people-body,person-activity,"woman running: light skin tone, facing right",,,Rifat Erdogan,2019-05-06,1,single,🏃‍♀️‍➡️,1F3C3-200D-2640-FE0F-200D-27A1-FE0F,15.1,2370
🏃🏼‍♀️‍➡️,1F3C3-1F3FC-200D-2640-FE0F-200D-27A1-FE0F,people-body,person-activity,"woman running: medium-light skin tone, facing right",,,Rifat Erdogan,2019-05-06,2,single,🏃‍♀️‍➡️,1F3C3-200D-2640-FE0F-200D-27A1-FE0F,15.1,2374
🏃🏽‍♀️‍➡️,1F3C3-1F3FD-200D-2640-FE0F-200D-27A1-FE0F,people-body,person-activity,"woman running: medium skin tone, facing right",,,Rifat Erdogan,2019-05-06,3,single,🏃‍♀️‍➡️,1F3C3-200D-2640-FE0F-200D-27A1-FE0F,15.1,2378
🏃🏾‍♀️‍➡️,1F3C3-1F3FE-200D-2640-FE0F-200D-27A1-FE0F,people-body,person-activity,"woman running: medium-dark skin tone, facing right",,,Rifat Erdogan,2019-05-06,4,single,🏃‍♀️‍➡️,1F3C3-200D-2640-FE0F-200D-27A1-FE0F,15.1,2382
🏃🏿‍♀️‍➡️,1F3C3-1F3FF-200D-2640-FE0F-200D-27A1-FE0F,people-body,person-activity,"woman running: dark skin tone, facing right",,,Rifat Erdogan,2019-05-06,5,single,🏃‍♀️‍➡️,1F3C3-200D-2640-FE0F-200D-27A1-FE0F,15.1,2386
🏃‍♂️‍➡️,1F3C3-200D-2642-FE0F-200D-27A1-FE0F,people-body,person-activity,man running: facing right,"facing, fast, hurry, man, marathon, move, quick, race, racing, right, run, rush, speed",,Rifat Erdogan,2019-05-06,,single,🏃‍♂️‍➡️,1F3C3-200D-2642-FE0F-200D-27A1-FE0F,15.1,2390
🏃🏻‍♂️‍➡️,1F3C3-1F3FB-200D-2642-FE0F-200D-27A1-FE0F,people-body,person-activity,"man running: light skin tone, facing right",,,Rifat Erdogan,2019-05-06,1,single,🏃‍♂️‍➡️,1F3C3-200D-2642-FE0F-200D-27A1-FE0F,15.1,2394
🏃🏼‍♂️‍➡️,1F3C3-1F3FC-200D-2642-FE0F-200D-27A1-FE0F,people-body,person-activity,"man running: medium-light skin tone, facing right",,,Rifat Erdogan,2019-05-06,2,single,🏃‍♂️‍➡️,1F3C3-200D-2642-FE0F-200D-27A1-FE0F,15.1,2398
🏃🏽‍♂️‍➡️,1F3C3-1F3FD-200D-2642-FE0F-200D-27A1-FE0F,people-body,person-activity,"man running: medium skin tone, facing right",,,Rifat Erdogan,2019-05-06,3,single,🏃‍♂️‍➡️,1F3C3-200D-2642-FE0F-200D-27A1-FE0F,15.1,2402
🏃🏾‍♂️‍➡️,1F3C3-1F3FE-200D-2642-FE0F-200D-27A1-FE0F,people-body,person-activity,"man running: medium-dark skin tone, facing right",,,Rifat Erdogan,2019-05-06,4,single,🏃‍♂️‍➡️,1F3C3-200D-2642-FE0F-200D-27A1-FE0F,15.1,2406
🏃🏿‍♂️‍➡️,1F3C3-1F3FF-200D-2642-FE0F-200D-27A1-FE0F,people-body,person-activity,"man running: dark skin tone, facing right",,,Rifat Erdogan,2019-05-06,5,single,🏃‍♂️‍➡️,1F3C3-200D-2642-FE0F-200D-27A1-FE0F,15.1,2410
🧑‍🩰,1F9D1-200D-1FA70,people-body,person-activity,ballet dancer,"ballet, dancer",,Natalia Kenig,2026-03-16,,single,🧑‍🩰,1F9D1-200D-1FA70,17,2414
🧑🏻‍🩰,1F9D1-1F3FB-200D-1FA70,people-body,person-activity,ballet dancer: light skin tone,,,Natalia Kenig,2026-03-16,1,single,🧑‍🩰,1F9D1-200D-1FA70,17,2415
🧑🏼‍🩰,1F9D1-1F3FC-200D-1FA70,people-body,person-activity,ballet dancer: medium-light skin tone,,,Natalia Kenig,2026-03-16,2,single,🧑‍🩰,1F9D1-200D-1FA70,17,2416
🧑🏽‍🩰,1F9D1-1F3FD-200D-1FA70,people-body,person-activity,ballet dancer: medium skin tone,,,Natalia Kenig,2026-03-16,3,single,🧑‍🩰,1F9D1-200D-1FA70,17,2417
🧑🏾‍🩰,1F9D1-1F3FE-200D-1FA70,people-body,person-activity,ballet dancer: medium-dark skin tone,,,Natalia Kenig,2026-03-16,4,single,🧑‍🩰,1F9D1-200D-1FA70,17,2418
🧑🏿‍🩰,1F9D1-1F3FF-200D-1FA70,people-body,person-activity,ballet dancer: dark skin tone,,,Natalia Kenig,2026-03-16,5,single,🧑‍🩰,1F9D1-200D-1FA70,17,2419
💃,1F483,people-body,person-activity,woman dancing,"dance, dancer, dancing, elegant, festive, flair, flamenco, groove, let’s, salsa, tango, woman","human, person",Johanna Wellnitz,2018-04-18,,single,💃,1F483,0.6,2420
💃🏻,1F483-1F3FB,people-body,person-activity,woman dancing: light skin tone,,,Johanna Wellnitz,2018-04-18,1,single,💃,1F483,1,2421
💃🏼,1F483-1F3FC,people-body,person-activity,woman dancing: medium-light skin tone,,,Johanna Wellnitz,2018-04-18,2,single,💃,1F483,1,2422
💃🏽,1F483-1F3FD,people-body,person-activity,woman dancing: medium skin tone,,,Johanna Wellnitz,2018-04-18,3,single,💃,1F483,1,2423
💃🏾,1F483-1F3FE,people-body,person-activity,woman dancing: medium-dark skin tone,,,Johanna Wellnitz,2018-04-18,4,single,💃,1F483,1,2424
💃🏿,1F483-1F3FF,people-body,person-activity,woman dancing: dark skin tone,,,Johanna Wellnitz,2018-04-18,5,single,💃,1F483,1,2425
🕺,1F57A,people-body,person-activity,man dancing,"dance, dancer, dancing, elegant, festive, flair, flamenco, groove, let’s, man, salsa, tango","human, person",Johanna Wellnitz,2018-04-18,,single,🕺,1F57A,3,2426
🕺🏻,1F57A-1F3FB,people-body,person-activity,man dancing: light skin tone,,,Johanna Wellnitz,2018-04-18,1,single,🕺,1F57A,3,2427
🕺🏼,1F57A-1F3FC,people-body,person-activity,man dancing: medium-light skin tone,,,Johanna Wellnitz,2018-04-18,2,single,🕺,1F57A,3,2428
🕺🏽,1F57A-1F3FD,people-body,person-activity,man dancing: medium skin tone,,,Johanna Wellnitz,2018-04-18,3,single,🕺,1F57A,3,2429
🕺🏾,1F57A-1F3FE,people-body,person-activity,man dancing: medium-dark skin tone,,,Johanna Wellnitz,2018-04-18,4,single,🕺,1F57A,3,2430
🕺🏿,1F57A-1F3FF,people-body,person-activity,man dancing: dark skin tone,,,Johanna Wellnitz,2018-04-18,5,single,🕺,1F57A,3,2431
🕴️,1F574,people-body,person-activity,person in suit levitating,"business, levitating, person, suit",,Florian Nagel,2019-05-07,,single,🕴️,1F574,0.7,2433
🕴🏻,1F574-1F3FB,people-body,person-activity,person in suit levitating: light skin tone,,,Florian Nagel,2019-05-07,1,single,🕴️,1F574,4,2434
🕴🏼,1F574-1F3FC,people-body,person-activity,person in suit levitating: medium-light skin tone,,,Florian Nagel,2019-05-07,2,single,🕴️,1F574,4,2435
🕴🏽,1F574-1F3FD,people-body,person-activity,person in suit levitating: medium skin tone,,,Florian Nagel,2019-05-07,3,single,🕴️,1F574,4,2436
🕴🏾,1F574-1F3FE,people-body,person-activity,person in suit levitating: medium-dark skin tone,,,Florian Nagel,2019-05-07,4,single,🕴️,1F574,4,2437
🕴🏿,1F574-1F3FF,people-body,person-activity,person in suit levitating: dark skin tone,,,Florian Nagel,2019-05-07,5,single,🕴️,1F574,4,2438
👯,1F46F,people-body,person-activity,people with bunny ears,"bestie, bff, bunny, counterpart, dancer, double, ear, identical, pair, party, partying, people, soulmate, twin, twinsies","human, person",Johanna Wellnitz,2018-04-18,,single,👯,1F46F,0.6,2439
👯🏻,1F46F-1F3FB,people-body,person-activity,people with bunny ears: light skin tone,,,Johanna Wellnitz,2018-04-18,1,single,👯,1F46F,17,2440
👯🏼,1F46F-1F3FC,people-body,person-activity,people with bunny ears: medium-light skin tone,,,Johanna Wellnitz,2018-04-18,2,single,👯,1F46F,17,2441
👯🏽,1F46F-1F3FD,people-body,person-activity,people with bunny ears: medium skin tone,,,Johanna Wellnitz,2018-04-18,3,single,👯,1F46F,17,2442
👯🏾,1F46F-1F3FE,people-body,person-activity,people with bunny ears: medium-dark skin tone,,,Johanna Wellnitz,2018-04-18,4,single,👯,1F46F,17,2443
👯🏿,1F46F-1F3FF,people-body,person-activity,people with bunny ears: dark skin tone,,,Johanna Wellnitz,2018-04-18,5,single,👯,1F46F,17,2444
👯‍♂️,1F46F-200D-2642-FE0F,people-body,person-activity,men with bunny ears,"bestie, bff, bunny, counterpart, dancer, double, ear, identical, men, pair, party, partying, people, soulmate, twin, twinsies",,Rifat Erdogan,2019-05-06,,single,👯‍♂️,1F46F-200D-2642-FE0F,4,2445
👯🏻‍♂️,1F46F-1F3FB-200D-2642-FE0F,people-body,person-activity,men with bunny ears: light skin tone,,,Rifat Erdogan,2019-05-06,1,single,👯‍♂️,1F46F-200D-2642-FE0F,17,2447
👯🏼‍♂️,1F46F-1F3FC-200D-2642-FE0F,people-body,person-activity,men with bunny ears: medium-light skin tone,,,Rifat Erdogan,2019-05-06,2,single,👯‍♂️,1F46F-200D-2642-FE0F,17,2449
👯🏽‍♂️,1F46F-1F3FD-200D-2642-FE0F,people-body,person-activity,men with bunny ears: medium skin tone,,,Rifat Erdogan,2019-05-06,3,single,👯‍♂️,1F46F-200D-2642-FE0F,17,2451
👯🏾‍♂️,1F46F-1F3FE-200D-2642-FE0F,people-body,person-activity,men with bunny ears: medium-dark skin tone,,,Rifat Erdogan,2019-05-06,4,single,👯‍♂️,1F46F-200D-2642-FE0F,17,2453
👯🏿‍♂️,1F46F-1F3FF-200D-2642-FE0F,people-body,person-activity,men with bunny ears: dark skin tone,,,Rifat Erdogan,2019-05-06,5,single,👯‍♂️,1F46F-200D-2642-FE0F,17,2455
👯‍♀️,1F46F-200D-2640-FE0F,people-body,person-activity,women with bunny ears,"bestie, bff, bunny, counterpart, dancer, double, ear, identical, pair, party, partying, people, soulmate, twin, twinsies, women",,Rifat Erdogan,2019-05-06,,single,👯‍♀️,1F46F-200D-2640-FE0F,4,2457
👯🏻‍♀️,1F46F-1F3FB-200D-2640-FE0F,people-body,person-activity,women with bunny ears: light skin tone,,,Rifat Erdogan,2019-05-06,1,single,👯‍♀️,1F46F-200D-2640-FE0F,17,2459
👯🏼‍♀️,1F46F-1F3FC-200D-2640-FE0F,people-body,person-activity,women with bunny ears: medium-light skin tone,,,Rifat Erdogan,2019-05-06,2,single,👯‍♀️,1F46F-200D-2640-FE0F,17,2461
👯🏽‍♀️,1F46F-1F3FD-200D-2640-FE0F,people-body,person-activity,women with bunny ears: medium skin tone,,,Rifat Erdogan,2019-05-06,3,single,👯‍♀️,1F46F-200D-2640-FE0F,17,2463
👯🏾‍♀️,1F46F-1F3FE-200D-2640-FE0F,people-body,person-activity,women with bunny ears: medium-dark skin tone,,,Rifat Erdogan,2019-05-06,4,single,👯‍♀️,1F46F-200D-2640-FE0F,17,2465
👯🏿‍♀️,1F46F-1F3FF-200D-2640-FE0F,people-body,person-activity,women with bunny ears: dark skin tone,,,Rifat Erdogan,2019-05-06,5,single,👯‍♀️,1F46F-200D-2640-FE0F,17,2467
🧑🏻‍🐰‍🧑🏼,1F9D1-1F3FB-200D-1F430-200D-1F9D1-1F3FC,people-body,person-activity,"people with bunny ears: light skin tone, medium-light skin tone",,,Johanna Wellnitz,2018-04-18,"1,2",multiple,👯,1F46F,17,2469
🧑🏻‍🐰‍🧑🏽,1F9D1-1F3FB-200D-1F430-200D-1F9D1-1F3FD,people-body,person-activity,"people with bunny ears: light skin tone, medium skin tone",,,Johanna Wellnitz,2018-04-18,"1,3",multiple,👯,1F46F,17,2470
🧑🏻‍🐰‍🧑🏾,1F9D1-1F3FB-200D-1F430-200D-1F9D1-1F3FE,people-body,person-activity,"people with bunny ears: light skin tone, medium-dark skin tone",,,Johanna Wellnitz,2018-04-18,"1,4",multiple,👯,1F46F,17,2471
🧑🏻‍🐰‍🧑🏿,1F9D1-1F3FB-200D-1F430-200D-1F9D1-1F3FF,people-body,person-activity,"people with bunny ears: light skin tone, dark skin tone",,,Johanna Wellnitz,2018-04-18,"1,5",multiple,👯,1F46F,17,2472
🧑🏼‍🐰‍🧑🏻,1F9D1-1F3FC-200D-1F430-200D-1F9D1-1F3FB,people-body,person-activity,"people with bunny ears: medium-light skin tone, light skin tone",,,Johanna Wellnitz,2018-04-18,"2,1",multiple,👯,1F46F,17,2473
🧑🏼‍🐰‍🧑🏽,1F9D1-1F3FC-200D-1F430-200D-1F9D1-1F3FD,people-body,person-activity,"people with bunny ears: medium-light skin tone, medium skin tone",,,Johanna Wellnitz,2018-04-18,"2,3",multiple,👯,1F46F,17,2474
🧑🏼‍🐰‍🧑🏾,1F9D1-1F3FC-200D-1F430-200D-1F9D1-1F3FE,people-body,person-activity,"people with bunny ears: medium-light skin tone, medium-dark skin tone",,,Johanna Wellnitz,2018-04-18,"2,4",multiple,👯,1F46F,17,2475
🧑🏼‍🐰‍🧑🏿,1F9D1-1F3FC-200D-1F430-200D-1F9D1-1F3FF,people-body,person-activity,"people with bunny ears: medium-light skin tone, dark skin tone",,,Johanna Wellnitz,2018-04-18,"2,5",multiple,👯,1F46F,17,2476
🧑🏽‍🐰‍🧑🏻,1F9D1-1F3FD-200D-1F430-200D-1F9D1-1F3FB,people-body,person-activity,"people with bunny ears: medium skin tone, light skin tone",,,Johanna Wellnitz,2018-04-18,"3,1",multiple,👯,1F46F,17,2477
🧑🏽‍🐰‍🧑🏼,1F9D1-1F3FD-200D-1F430-200D-1F9D1-1F3FC,people-body,person-activity,"people with bunny ears: medium skin tone, medium-light skin tone",,,Johanna Wellnitz,2018-04-18,"3,2",multiple,👯,1F46F,17,2478
🧑🏽‍🐰‍🧑🏾,1F9D1-1F3FD-200D-1F430-200D-1F9D1-1F3FE,people-body,person-activity,"people with bunny ears: medium skin tone, medium-dark skin tone",,,Johanna Wellnitz,2018-04-18,"3,4",multiple,👯,1F46F,17,2479
🧑🏽‍🐰‍🧑🏿,1F9D1-1F3FD-200D-1F430-200D-1F9D1-1F3FF,people-body,person-activity,"people with bunny ears: medium skin tone, dark skin tone",,,Johanna Wellnitz,2018-04-18,"3,5",multiple,👯,1F46F,17,2480
🧑🏾‍🐰‍🧑🏻,1F9D1-1F3FE-200D-1F430-200D-1F9D1-1F3FB,people-body,person-activity,"people with bunny ears: medium-dark skin tone, light skin tone",,,Johanna Wellnitz,2018-04-18,"4,1",multiple,👯,1F46F,17,2481
🧑🏾‍🐰‍🧑🏼,1F9D1-1F3FE-200D-1F430-200D-1F9D1-1F3FC,people-body,person-activity,"people with bunny ears: medium-dark skin tone, medium-light skin tone",,,Johanna Wellnitz,2018-04-18,"4,2",multiple,👯,1F46F,17,2482
🧑🏾‍🐰‍🧑🏽,1F9D1-1F3FE-200D-1F430-200D-1F9D1-1F3FD,people-body,person-activity,"people with bunny ears: medium-dark skin tone, medium skin tone",,,Johanna Wellnitz,2018-04-18,"4,3",multiple,👯,1F46F,17,2483
🧑🏾‍🐰‍🧑🏿,1F9D1-1F3FE-200D-1F430-200D-1F9D1-1F3FF,people-body,person-activity,"people with bunny ears: medium-dark skin tone, dark skin tone",,,Johanna Wellnitz,2018-04-18,"4,5",multiple,👯,1F46F,17,2484
🧑🏿‍🐰‍🧑🏻,1F9D1-1F3FF-200D-1F430-200D-1F9D1-1F3FB,people-body,person-activity,"people with bunny ears: dark skin tone, light skin tone",,,Johanna Wellnitz,2018-04-18,"5,1",multiple,👯,1F46F,17,2485
🧑🏿‍🐰‍🧑🏼,1F9D1-1F3FF-200D-1F430-200D-1F9D1-1F3FC,people-body,person-activity,"people with bunny ears: dark skin tone, medium-light skin tone",,,Johanna Wellnitz,2018-04-18,"5,2",multiple,👯,1F46F,17,2486
🧑🏿‍🐰‍🧑🏽,1F9D1-1F3FF-200D-1F430-200D-1F9D1-1F3FD,people-body,person-activity,"people with bunny ears: dark skin tone, medium skin tone",,,Johanna Wellnitz,2018-04-18,"5,3",multiple,👯,1F46F,17,2487
🧑🏿‍🐰‍🧑🏾,1F9D1-1F3FF-200D-1F430-200D-1F9D1-1F3FE,people-body,person-activity,"people with bunny ears: dark skin tone, medium-dark skin tone",,,Johanna Wellnitz,2018-04-18,"5,4",multiple,👯,1F46F,17,2488
👨🏻‍🐰‍👨🏼,1F468-1F3FB-200D-1F430-200D-1F468-1F3FC,people-body,person-activity,"men with bunny ears: light skin tone, medium-light skin tone",,,Rifat Erdogan,2019-05-06,"1,2",multiple,👯‍♂️,1F46F-200D-2642-FE0F,17,2489
👨🏻‍🐰‍👨🏽,1F468-1F3FB-200D-1F430-200D-1F468-1F3FD,people-body,person-activity,"men with bunny ears: light skin tone, medium skin tone",,,Rifat Erdogan,2019-05-06,"1,3",multiple,👯‍♂️,1F46F-200D-2642-FE0F,17,2490
👨🏻‍🐰‍👨🏾,1F468-1F3FB-200D-1F430-200D-1F468-1F3FE,people-body,person-activity,"men with bunny ears: light skin tone, medium-dark skin tone",,,Rifat Erdogan,2019-05-06,"1,4",multiple,👯‍♂️,1F46F-200D-2642-FE0F,17,2491
👨🏻‍🐰‍👨🏿,1F468-1F3FB-200D-1F430-200D-1F468-1F3FF,people-body,person-activity,"men with bunny ears: light skin tone, dark skin tone",,,Rifat Erdogan,2019-05-06,"1,5",multiple,👯‍♂️,1F46F-200D-2642-FE0F,17,2492
👨🏼‍🐰‍👨🏻,1F468-1F3FC-200D-1F430-200D-1F468-1F3FB,people-body,person-activity,"men with bunny ears: medium-light skin tone, light skin tone",,,Rifat Erdogan,2019-05-06,"2,1",multiple,👯‍♂️,1F46F-200D-2642-FE0F,17,2493
👨🏼‍🐰‍👨🏽,1F468-1F3FC-200D-1F430-200D-1F468-1F3FD,people-body,person-activity,"men with bunny ears: medium-light skin tone, medium skin tone",,,Rifat Erdogan,2019-05-06,"2,3",multiple,👯‍♂️,1F46F-200D-2642-FE0F,17,2494
👨🏼‍🐰‍👨🏾,1F468-1F3FC-200D-1F430-200D-1F468-1F3FE,people-body,person-activity,"men with bunny ears: medium-light skin tone, medium-dark skin tone",,,Rifat Erdogan,2019-05-06,"2,4",multiple,👯‍♂️,1F46F-200D-2642-FE0F,17,2495
👨🏼‍🐰‍👨🏿,1F468-1F3FC-200D-1F430-200D-1F468-1F3FF,people-body,person-activity,"men with bunny ears: medium-light skin tone, dark skin tone",,,Rifat Erdogan,2019-05-06,"2,5",multiple,👯‍♂️,1F46F-200D-2642-FE0F,17,2496
👨🏽‍🐰‍👨🏻,1F468-1F3FD-200D-1F430-200D-1F468-1F3FB,people-body,person-activity,"men with bunny ears: medium skin tone, light skin tone",,,Rifat Erdogan,2019-05-06,"3,1",multiple,👯‍♂️,1F46F-200D-2642-FE0F,17,2497
👨🏽‍🐰‍👨🏼,1F468-1F3FD-200D-1F430-200D-1F468-1F3FC,people-body,person-activity,"men with bunny ears: medium skin tone, medium-light skin tone",,,Rifat Erdogan,2019-05-06,"3,2",multiple,👯‍♂️,1F46F-200D-2642-FE0F,17,2498
👨🏽‍🐰‍👨🏾,1F468-1F3FD-200D-1F430-200D-1F468-1F3FE,people-body,person-activity,"men with bunny ears: medium skin tone, medium-dark skin tone",,,Rifat Erdogan,2019-05-06,"3,4",multiple,👯‍♂️,1F46F-200D-2642-FE0F,17,2499
👨🏽‍🐰‍👨🏿,1F468-1F3FD-200D-1F430-200D-1F468-1F3FF,people-body,person-activity,"men with bunny ears: medium skin tone, dark skin tone",,,Rifat Erdogan,2019-05-06,"3,5",multiple,👯‍♂️,1F46F-200D-2642-FE0F,17,2500
👨🏾‍🐰‍👨🏻,1F468-1F3FE-200D-1F430-200D-1F468-1F3FB,people-body,person-activity,"men with bunny ears: medium-dark skin tone, light skin tone",,,Rifat Erdogan,2019-05-06,"4,1",multiple,👯‍♂️,1F46F-200D-2642-FE0F,17,2501
👨🏾‍🐰‍👨🏼,1F468-1F3FE-200D-1F430-200D-1F468-1F3FC,people-body,person-activity,"men with bunny ears: medium-dark skin tone, medium-light skin tone",,,Rifat Erdogan,2019-05-06,"4,2",multiple,👯‍♂️,1F46F-200D-2642-FE0F,17,2502
👨🏾‍🐰‍👨🏽,1F468-1F3FE-200D-1F430-200D-1F468-1F3FD,people-body,person-activity,"men with bunny ears: medium-dark skin tone, medium skin tone",,,Rifat Erdogan,2019-05-06,"4,3",multiple,👯‍♂️,1F46F-200D-2642-FE0F,17,2503
👨🏾‍🐰‍👨🏿,1F468-1F3FE-200D-1F430-200D-1F468-1F3FF,people-body,person-activity,"men with bunny ears: medium-dark skin tone, dark skin tone",,,Rifat Erdogan,2019-05-06,"4,5",multiple,👯‍♂️,1F46F-200D-2642-FE0F,17,2504
👨🏿‍🐰‍👨🏻,1F468-1F3FF-200D-1F430-200D-1F468-1F3FB,people-body,person-activity,"men with bunny ears: dark skin tone, light skin tone",,,Rifat Erdogan,2019-05-06,"5,1",multiple,👯‍♂️,1F46F-200D-2642-FE0F,17,2505
👨🏿‍🐰‍👨🏼,1F468-1F3FF-200D-1F430-200D-1F468-1F3FC,people-body,person-activity,"men with bunny ears: dark skin tone, medium-light skin tone",,,Rifat Erdogan,2019-05-06,"5,2",multiple,👯‍♂️,1F46F-200D-2642-FE0F,17,2506
👨🏿‍🐰‍👨🏽,1F468-1F3FF-200D-1F430-200D-1F468-1F3FD,people-body,person-activity,"men with bunny ears: dark skin tone, medium skin tone",,,Rifat Erdogan,2019-05-06,"5,3",multiple,👯‍♂️,1F46F-200D-2642-FE0F,17,2507
👨🏿‍🐰‍👨🏾,1F468-1F3FF-200D-1F430-200D-1F468-1F3FE,people-body,person-activity,"men with bunny ears: dark skin tone, medium-dark skin tone",,,Rifat Erdogan,2019-05-06,"5,4",multiple,👯‍♂️,1F46F-200D-2642-FE0F,17,2508
👩🏻‍🐰‍👩🏼,1F469-1F3FB-200D-1F430-200D-1F469-1F3FC,people-body,person-activity,"women with bunny ears: light skin tone, medium-light skin tone",,,Rifat Erdogan,2019-05-06,"1,2",multiple,👯‍♀️,1F46F-200D-2640-FE0F,17,2509
👩🏻‍🐰‍👩🏽,1F469-1F3FB-200D-1F430-200D-1F469-1F3FD,people-body,person-activity,"women with bunny ears: light skin tone, medium skin tone",,,Rifat Erdogan,2019-05-06,"1,3",multiple,👯‍♀️,1F46F-200D-2640-FE0F,17,2510
👩🏻‍🐰‍👩🏾,1F469-1F3FB-200D-1F430-200D-1F469-1F3FE,people-body,person-activity,"women with bunny ears: light skin tone, medium-dark skin tone",,,Rifat Erdogan,2019-05-06,"1,4",multiple,👯‍♀️,1F46F-200D-2640-FE0F,17,2511
👩🏻‍🐰‍👩🏿,1F469-1F3FB-200D-1F430-200D-1F469-1F3FF,people-body,person-activity,"women with bunny ears: light skin tone, dark skin tone",,,Rifat Erdogan,2019-05-06,"1,5",multiple,👯‍♀️,1F46F-200D-2640-FE0F,17,2512
👩🏼‍🐰‍👩🏻,1F469-1F3FC-200D-1F430-200D-1F469-1F3FB,people-body,person-activity,"women with bunny ears: medium-light skin tone, light skin tone",,,Rifat Erdogan,2019-05-06,"2,1",multiple,👯‍♀️,1F46F-200D-2640-FE0F,17,2513
👩🏼‍🐰‍👩🏽,1F469-1F3FC-200D-1F430-200D-1F469-1F3FD,people-body,person-activity,"women with bunny ears: medium-light skin tone, medium skin tone",,,Rifat Erdogan,2019-05-06,"2,3",multiple,👯‍♀️,1F46F-200D-2640-FE0F,17,2514
👩🏼‍🐰‍👩🏾,1F469-1F3FC-200D-1F430-200D-1F469-1F3FE,people-body,person-activity,"women with bunny ears: medium-light skin tone, medium-dark skin tone",,,Rifat Erdogan,2019-05-06,"2,4",multiple,👯‍♀️,1F46F-200D-2640-FE0F,17,2515
👩🏼‍🐰‍👩🏿,1F469-1F3FC-200D-1F430-200D-1F469-1F3FF,people-body,person-activity,"women with bunny ears: medium-light skin tone, dark skin tone",,,Rifat Erdogan,2019-05-06,"2,5",multiple,👯‍♀️,1F46F-200D-2640-FE0F,17,2516
👩🏽‍🐰‍👩🏻,1F469-1F3FD-200D-1F430-200D-1F469-1F3FB,people-body,person-activity,"women with bunny ears: medium skin tone, light skin tone",,,Rifat Erdogan,2019-05-06,"3,1",multiple,👯‍♀️,1F46F-200D-2640-FE0F,17,2517
👩🏽‍🐰‍👩🏼,1F469-1F3FD-200D-1F430-200D-1F469-1F3FC,people-body,person-activity,"women with bunny ears: medium skin tone, medium-light skin tone",,,Rifat Erdogan,2019-05-06,"3,2",multiple,👯‍♀️,1F46F-200D-2640-FE0F,17,2518
👩🏽‍🐰‍👩🏾,1F469-1F3FD-200D-1F430-200D-1F469-1F3FE,people-body,person-activity,"women with bunny ears: medium skin tone, medium-dark skin tone",,,Rifat Erdogan,2019-05-06,"3,4",multiple,👯‍♀️,1F46F-200D-2640-FE0F,17,2519
👩🏽‍🐰‍👩🏿,1F469-1F3FD-200D-1F430-200D-1F469-1F3FF,people-body,person-activity,"women with bunny ears: medium skin tone, dark skin tone",,,Rifat Erdogan,2019-05-06,"3,5",multiple,👯‍♀️,1F46F-200D-2640-FE0F,17,2520
👩🏾‍🐰‍👩🏻,1F469-1F3FE-200D-1F430-200D-1F469-1F3FB,people-body,person-activity,"women with bunny ears: medium-dark skin tone, light skin tone",,,Rifat Erdogan,2019-05-06,"4,1",multiple,👯‍♀️,1F46F-200D-2640-FE0F,17,2521
👩🏾‍🐰‍👩🏼,1F469-1F3FE-200D-1F430-200D-1F469-1F3FC,people-body,person-activity,"women with bunny ears: medium-dark skin tone, medium-light skin tone",,,Rifat Erdogan,2019-05-06,"4,2",multiple,👯‍♀️,1F46F-200D-2640-FE0F,17,2522
👩🏾‍🐰‍👩🏽,1F469-1F3FE-200D-1F430-200D-1F469-1F3FD,people-body,person-activity,"women with bunny ears: medium-dark skin tone, medium skin tone",,,Rifat Erdogan,2019-05-06,"4,3",multiple,👯‍♀️,1F46F-200D-2640-FE0F,17,2523
👩🏾‍🐰‍👩🏿,1F469-1F3FE-200D-1F430-200D-1F469-1F3FF,people-body,person-activity,"women with bunny ears: medium-dark skin tone, dark skin tone",,,Rifat Erdogan,2019-05-06,"4,5",multiple,👯‍♀️,1F46F-200D-2640-FE0F,17,2524
👩🏿‍🐰‍👩🏻,1F469-1F3FF-200D-1F430-200D-1F469-1F3FB,people-body,person-activity,"women with bunny ears: dark skin tone, light skin tone",,,Rifat Erdogan,2019-05-06,"5,1",multiple,👯‍♀️,1F46F-200D-2640-FE0F,17,2525
👩🏿‍🐰‍👩🏼,1F469-1F3FF-200D-1F430-200D-1F469-1F3FC,people-body,person-activity,"women with bunny ears: dark skin tone, medium-light skin tone",,,Rifat Erdogan,2019-05-06,"5,2",multiple,👯‍♀️,1F46F-200D-2640-FE0F,17,2526
👩🏿‍🐰‍👩🏽,1F469-1F3FF-200D-1F430-200D-1F469-1F3FD,people-body,person-activity,"women with bunny ears: dark skin tone, medium skin tone",,,Rifat Erdogan,2019-05-06,"5,3",multiple,👯‍♀️,1F46F-200D-2640-FE0F,17,2527
👩🏿‍🐰‍👩🏾,1F469-1F3FF-200D-1F430-200D-1F469-1F3FE,people-body,person-activity,"women with bunny ears: dark skin tone, medium-dark skin tone",,,Rifat Erdogan,2019-05-06,"5,4",multiple,👯‍♀️,1F46F-200D-2640-FE0F,17,2528
🧖,1F9D6,people-body,person-activity,person in steamy room,"day, luxurious, pamper, person, relax, room, sauna, spa, steam, steambath, unwind",,Florian Nagel,2019-05-13,,single,🧖,1F9D6,5,2529
🧖🏻,1F9D6-1F3FB,people-body,person-activity,person in steamy room: light skin tone,,,Florian Nagel,2019-05-13,1,single,🧖,1F9D6,5,2530
🧖🏼,1F9D6-1F3FC,people-body,person-activity,person in steamy room: medium-light skin tone,,,Florian Nagel,2019-05-13,2,single,🧖,1F9D6,5,2531
🧖🏽,1F9D6-1F3FD,people-body,person-activity,person in steamy room: medium skin tone,,,Florian Nagel,2019-05-13,3,single,🧖,1F9D6,5,2532
🧖🏾,1F9D6-1F3FE,people-body,person-activity,person in steamy room: medium-dark skin tone,,,Florian Nagel,2019-05-13,4,single,🧖,1F9D6,5,2533
🧖🏿,1F9D6-1F3FF,people-body,person-activity,person in steamy room: dark skin tone,,,Florian Nagel,2019-05-13,5,single,🧖,1F9D6,5,2534
🧖‍♂️,1F9D6-200D-2642-FE0F,people-body,person-activity,man in steamy room,"day, luxurious, man, pamper, relax, room, sauna, spa, steam, steambath, unwind",,Florian Nagel,2019-05-13,,single,🧖‍♂️,1F9D6-200D-2642-FE0F,5,2535
🧖🏻‍♂️,1F9D6-1F3FB-200D-2642-FE0F,people-body,person-activity,man in steamy room: light skin tone,,,Florian Nagel,2019-05-13,1,single,🧖‍♂️,1F9D6-200D-2642-FE0F,5,2537
🧖🏼‍♂️,1F9D6-1F3FC-200D-2642-FE0F,people-body,person-activity,man in steamy room: medium-light skin tone,,,Florian Nagel,2019-05-13,2,single,🧖‍♂️,1F9D6-200D-2642-FE0F,5,2539
🧖🏽‍♂️,1F9D6-1F3FD-200D-2642-FE0F,people-body,person-activity,man in steamy room: medium skin tone,,,Florian Nagel,2019-05-13,3,single,🧖‍♂️,1F9D6-200D-2642-FE0F,5,2541
🧖🏾‍♂️,1F9D6-1F3FE-200D-2642-FE0F,people-body,person-activity,man in steamy room: medium-dark skin tone,,,Florian Nagel,2019-05-13,4,single,🧖‍♂️,1F9D6-200D-2642-FE0F,5,2543
🧖🏿‍♂️,1F9D6-1F3FF-200D-2642-FE0F,people-body,person-activity,man in steamy room: dark skin tone,,,Florian Nagel,2019-05-13,5,single,🧖‍♂️,1F9D6-200D-2642-FE0F,5,2545
🧖‍♀️,1F9D6-200D-2640-FE0F,people-body,person-activity,woman in steamy room,"day, luxurious, pamper, relax, room, sauna, spa, steam, steambath, unwind, woman",,Florian Nagel,2019-05-13,,single,🧖‍♀️,1F9D6-200D-2640-FE0F,5,2547
🧖🏻‍♀️,1F9D6-1F3FB-200D-2640-FE0F,people-body,person-activity,woman in steamy room: light skin tone,,,Florian Nagel,2019-05-13,1,single,🧖‍♀️,1F9D6-200D-2640-FE0F,5,2549
🧖🏼‍♀️,1F9D6-1F3FC-200D-2640-FE0F,people-body,person-activity,woman in steamy room: medium-light skin tone,,,Florian Nagel,2019-05-13,2,single,🧖‍♀️,1F9D6-200D-2640-FE0F,5,2551
🧖🏽‍♀️,1F9D6-1F3FD-200D-2640-FE0F,people-body,person-activity,woman in steamy room: medium skin tone,,,Florian Nagel,2019-05-13,3,single,🧖‍♀️,1F9D6-200D-2640-FE0F,5,2553
🧖🏾‍♀️,1F9D6-1F3FE-200D-2640-FE0F,people-body,person-activity,woman in steamy room: medium-dark skin tone,,,Florian Nagel,2019-05-13,4,single,🧖‍♀️,1F9D6-200D-2640-FE0F,5,2555
🧖🏿‍♀️,1F9D6-1F3FF-200D-2640-FE0F,people-body,person-activity,woman in steamy room: dark skin tone,,,Florian Nagel,2019-05-13,5,single,🧖‍♀️,1F9D6-200D-2640-FE0F,5,2557
🧗,1F9D7,people-body,person-activity,person climbing,"climb, climber, climbing, mountain, person, rock, scale, up","human, person",Johanna Wellnitz,2018-04-18,,single,🧗,1F9D7,5,2559
🧗🏻,1F9D7-1F3FB,people-body,person-activity,person climbing: light skin tone,,,Johanna Wellnitz,2018-04-18,1,single,🧗,1F9D7,5,2560
🧗🏼,1F9D7-1F3FC,people-body,person-activity,person climbing: medium-light skin tone,,,Johanna Wellnitz,2018-04-18,2,single,🧗,1F9D7,5,2561
🧗🏽,1F9D7-1F3FD,people-body,person-activity,person climbing: medium skin tone,,,Johanna Wellnitz,2018-04-18,3,single,🧗,1F9D7,5,2562
🧗🏾,1F9D7-1F3FE,people-body,person-activity,person climbing: medium-dark skin tone,,,Johanna Wellnitz,2018-04-18,4,single,🧗,1F9D7,5,2563
🧗🏿,1F9D7-1F3FF,people-body,person-activity,person climbing: dark skin tone,,,Johanna Wellnitz,2018-04-18,5,single,🧗,1F9D7,5,2564
🧗‍♂️,1F9D7-200D-2642-FE0F,people-body,person-activity,man climbing,"climb, climber, climbing, man, mountain, rock, scale, up",,Florian Nagel,2019-05-07,,single,🧗‍♂️,1F9D7-200D-2642-FE0F,5,2565
🧗🏻‍♂️,1F9D7-1F3FB-200D-2642-FE0F,people-body,person-activity,man climbing: light skin tone,,,Florian Nagel,2019-05-07,1,single,🧗‍♂️,1F9D7-200D-2642-FE0F,5,2567
🧗🏼‍♂️,1F9D7-1F3FC-200D-2642-FE0F,people-body,person-activity,man climbing: medium-light skin tone,,,Florian Nagel,2019-05-07,2,single,🧗‍♂️,1F9D7-200D-2642-FE0F,5,2569
🧗🏽‍♂️,1F9D7-1F3FD-200D-2642-FE0F,people-body,person-activity,man climbing: medium skin tone,,,Florian Nagel,2019-05-07,3,single,🧗‍♂️,1F9D7-200D-2642-FE0F,5,2571
🧗🏾‍♂️,1F9D7-1F3FE-200D-2642-FE0F,people-body,person-activity,man climbing: medium-dark skin tone,,,Florian Nagel,2019-05-07,4,single,🧗‍♂️,1F9D7-200D-2642-FE0F,5,2573
🧗🏿‍♂️,1F9D7-1F3FF-200D-2642-FE0F,people-body,person-activity,man climbing: dark skin tone,,,Florian Nagel,2019-05-07,5,single,🧗‍♂️,1F9D7-200D-2642-FE0F,5,2575
🧗‍♀️,1F9D7-200D-2640-FE0F,people-body,person-activity,woman climbing,"climb, climber, climbing, mountain, rock, scale, up, woman",,Florian Nagel,2019-05-07,,single,🧗‍♀️,1F9D7-200D-2640-FE0F,5,2577
🧗🏻‍♀️,1F9D7-1F3FB-200D-2640-FE0F,people-body,person-activity,woman climbing: light skin tone,,,Florian Nagel,2019-05-07,1,single,🧗‍♀️,1F9D7-200D-2640-FE0F,5,2579
🧗🏼‍♀️,1F9D7-1F3FC-200D-2640-FE0F,people-body,person-activity,woman climbing: medium-light skin tone,,,Florian Nagel,2019-05-07,2,single,🧗‍♀️,1F9D7-200D-2640-FE0F,5,2581
🧗🏽‍♀️,1F9D7-1F3FD-200D-2640-FE0F,people-body,person-activity,woman climbing: medium skin tone,,,Florian Nagel,2019-05-07,3,single,🧗‍♀️,1F9D7-200D-2640-FE0F,5,2583
🧗🏾‍♀️,1F9D7-1F3FE-200D-2640-FE0F,people-body,person-activity,woman climbing: medium-dark skin tone,,,Florian Nagel,2019-05-07,4,single,🧗‍♀️,1F9D7-200D-2640-FE0F,5,2585
🧗🏿‍♀️,1F9D7-1F3FF-200D-2640-FE0F,people-body,person-activity,woman climbing: dark skin tone,,,Florian Nagel,2019-05-07,5,single,🧗‍♀️,1F9D7-200D-2640-FE0F,5,2587
🤺,1F93A,people-body,person-sport,person fencing,"fencer, fencing, person, sword","epee, sports",Johanna Wellnitz,2018-04-18,,,,,3,2589
🏇,1F3C7,people-body,person-sport,horse racing,"horse, jockey, racehorse, racing, riding, sport","animal, sports",Johanna Wellnitz,2018-04-18,,single,🏇,1F3C7,1,2590
🏇🏻,1F3C7-1F3FB,people-body,person-sport,horse racing: light skin tone,,,Johanna Wellnitz,2018-04-18,1,single,🏇,1F3C7,1,2591
🏇🏼,1F3C7-1F3FC,people-body,person-sport,horse racing: medium-light skin tone,,,Johanna Wellnitz,2018-04-18,2,single,🏇,1F3C7,1,2592
🏇🏽,1F3C7-1F3FD,people-body,person-sport,horse racing: medium skin tone,,,Johanna Wellnitz,2018-04-18,3,single,🏇,1F3C7,1,2593
🏇🏾,1F3C7-1F3FE,people-body,person-sport,horse racing: medium-dark skin tone,,,Johanna Wellnitz,2018-04-18,4,single,🏇,1F3C7,1,2594
🏇🏿,1F3C7-1F3FF,people-body,person-sport,horse racing: dark skin tone,,,Johanna Wellnitz,2018-04-18,5,single,🏇,1F3C7,1,2595
⛷️,26F7,people-body,person-sport,skier,"ski, snow","winter, sports",Johanna Wellnitz,2018-04-18,,,,,0.7,2597
🏂️,1F3C2,people-body,person-sport,snowboarder,"ski, snow, snowboard, sport","winter, sports",Johanna Wellnitz,2018-04-18,,single,🏂️,1F3C2,0.6,2598
🏂🏻,1F3C2-1F3FB,people-body,person-sport,snowboarder: light skin tone,,,Johanna Wellnitz,2018-04-18,1,single,🏂️,1F3C2,1,2599
🏂🏼,1F3C2-1F3FC,people-body,person-sport,snowboarder: medium-light skin tone,,,Johanna Wellnitz,2018-04-18,2,single,🏂️,1F3C2,1,2600
🏂🏽,1F3C2-1F3FD,people-body,person-sport,snowboarder: medium skin tone,,,Johanna Wellnitz,2018-04-18,3,single,🏂️,1F3C2,1,2601
🏂🏾,1F3C2-1F3FE,people-body,person-sport,snowboarder: medium-dark skin tone,,,Johanna Wellnitz,2018-04-18,4,single,🏂️,1F3C2,1,2602
🏂🏿,1F3C2-1F3FF,people-body,person-sport,snowboarder: dark skin tone,,,Johanna Wellnitz,2018-04-18,5,single,🏂️,1F3C2,1,2603
🏌️,1F3CC,people-body,person-sport,person golfing,"ball, birdie, caddy, driving, golf, golfing, green, person, pga, putt, range, tee",sports,Johanna Wellnitz,2018-04-18,,single,🏌️,1F3CC,0.7,2605
🏌🏻,1F3CC-1F3FB,people-body,person-sport,person golfing: light skin tone,,,Johanna Wellnitz,2018-04-18,1,single,🏌️,1F3CC,4,2606
🏌🏼,1F3CC-1F3FC,people-body,person-sport,person golfing: medium-light skin tone,,,Johanna Wellnitz,2018-04-18,2,single,🏌️,1F3CC,4,2607
🏌🏽,1F3CC-1F3FD,people-body,person-sport,person golfing: medium skin tone,,,Johanna Wellnitz,2018-04-18,3,single,🏌️,1F3CC,4,2608
🏌🏾,1F3CC-1F3FE,people-body,person-sport,person golfing: medium-dark skin tone,,,Johanna Wellnitz,2018-04-18,4,single,🏌️,1F3CC,4,2609
🏌🏿,1F3CC-1F3FF,people-body,person-sport,person golfing: dark skin tone,,,Johanna Wellnitz,2018-04-18,5,single,🏌️,1F3CC,4,2610
🏌️‍♂️,1F3CC-FE0F-200D-2642-FE0F,people-body,person-sport,man golfing,"ball, birdie, caddy, driving, golf, golfing, green, man, pga, putt, range, tee",,Florian Nagel,2019-05-07,,single,🏌️‍♂️,1F3CC-FE0F-200D-2642-FE0F,4,2611
🏌🏻‍♂️,1F3CC-1F3FB-200D-2642-FE0F,people-body,person-sport,man golfing: light skin tone,,,Florian Nagel,2019-05-07,1,single,🏌️‍♂️,1F3CC-FE0F-200D-2642-FE0F,4,2615
🏌🏼‍♂️,1F3CC-1F3FC-200D-2642-FE0F,people-body,person-sport,man golfing: medium-light skin tone,,,Florian Nagel,2019-05-07,2,single,🏌️‍♂️,1F3CC-FE0F-200D-2642-FE0F,4,2617
🏌🏽‍♂️,1F3CC-1F3FD-200D-2642-FE0F,people-body,person-sport,man golfing: medium skin tone,,,Florian Nagel,2019-05-07,3,single,🏌️‍♂️,1F3CC-FE0F-200D-2642-FE0F,4,2619
🏌🏾‍♂️,1F3CC-1F3FE-200D-2642-FE0F,people-body,person-sport,man golfing: medium-dark skin tone,,,Florian Nagel,2019-05-07,4,single,🏌️‍♂️,1F3CC-FE0F-200D-2642-FE0F,4,2621
🏌🏿‍♂️,1F3CC-1F3FF-200D-2642-FE0F,people-body,person-sport,man golfing: dark skin tone,,,Florian Nagel,2019-05-07,5,single,🏌️‍♂️,1F3CC-FE0F-200D-2642-FE0F,4,2623
🏌️‍♀️,1F3CC-FE0F-200D-2640-FE0F,people-body,person-sport,woman golfing,"ball, birdie, caddy, driving, golf, golfing, green, pga, putt, range, tee, woman",,Florian Nagel,2019-05-07,,single,🏌️‍♀️,1F3CC-FE0F-200D-2640-FE0F,4,2625
🏌🏻‍♀️,1F3CC-1F3FB-200D-2640-FE0F,people-body,person-sport,woman golfing: light skin tone,,,Florian Nagel,2019-05-07,1,single,🏌️‍♀️,1F3CC-FE0F-200D-2640-FE0F,4,2629
🏌🏼‍♀️,1F3CC-1F3FC-200D-2640-FE0F,people-body,person-sport,woman golfing: medium-light skin tone,,,Florian Nagel,2019-05-07,2,single,🏌️‍♀️,1F3CC-FE0F-200D-2640-FE0F,4,2631
🏌🏽‍♀️,1F3CC-1F3FD-200D-2640-FE0F,people-body,person-sport,woman golfing: medium skin tone,,,Florian Nagel,2019-05-07,3,single,🏌️‍♀️,1F3CC-FE0F-200D-2640-FE0F,4,2633
🏌🏾‍♀️,1F3CC-1F3FE-200D-2640-FE0F,people-body,person-sport,woman golfing: medium-dark skin tone,,,Florian Nagel,2019-05-07,4,single,🏌️‍♀️,1F3CC-FE0F-200D-2640-FE0F,4,2635
🏌🏿‍♀️,1F3CC-1F3FF-200D-2640-FE0F,people-body,person-sport,woman golfing: dark skin tone,,,Florian Nagel,2019-05-07,5,single,🏌️‍♀️,1F3CC-FE0F-200D-2640-FE0F,4,2637
🏄️,1F3C4,people-body,person-sport,person surfing,"beach, ocean, person, sport, surf, surfer, surfing, swell, waves","water, ocean, sea, wave, surfer, sports",Johanna Wellnitz,2018-04-18,,single,🏄️,1F3C4,0.6,2639
🏄🏻,1F3C4-1F3FB,people-body,person-sport,person surfing: light skin tone,,,Johanna Wellnitz,2018-04-18,1,single,🏄️,1F3C4,1,2640
🏄🏼,1F3C4-1F3FC,people-body,person-sport,person surfing: medium-light skin tone,,,Johanna Wellnitz,2018-04-18,2,single,🏄️,1F3C4,1,2641
🏄🏽,1F3C4-1F3FD,people-body,person-sport,person surfing: medium skin tone,,,Johanna Wellnitz,2018-04-18,3,single,🏄️,1F3C4,1,2642
🏄🏾,1F3C4-1F3FE,people-body,person-sport,person surfing: medium-dark skin tone,,,Johanna Wellnitz,2018-04-18,4,single,🏄️,1F3C4,1,2643
🏄🏿,1F3C4-1F3FF,people-body,person-sport,person surfing: dark skin tone,,,Johanna Wellnitz,2018-04-18,5,single,🏄️,1F3C4,1,2644
🏄‍♂️,1F3C4-200D-2642-FE0F,people-body,person-sport,man surfing,"beach, man, ocean, sport, surf, surfer, surfing, swell, waves",,Florian Nagel,2019-05-07,,single,🏄‍♂️,1F3C4-200D-2642-FE0F,4,2645
🏄🏻‍♂️,1F3C4-1F3FB-200D-2642-FE0F,people-body,person-sport,man surfing: light skin tone,,,Florian Nagel,2019-05-07,1,single,🏄‍♂️,1F3C4-200D-2642-FE0F,4,2647
🏄🏼‍♂️,1F3C4-1F3FC-200D-2642-FE0F,people-body,person-sport,man surfing: medium-light skin tone,,,Florian Nagel,2019-05-07,2,single,🏄‍♂️,1F3C4-200D-2642-FE0F,4,2649
🏄🏽‍♂️,1F3C4-1F3FD-200D-2642-FE0F,people-body,person-sport,man surfing: medium skin tone,,,Florian Nagel,2019-05-07,3,single,🏄‍♂️,1F3C4-200D-2642-FE0F,4,2651
🏄🏾‍♂️,1F3C4-1F3FE-200D-2642-FE0F,people-body,person-sport,man surfing: medium-dark skin tone,,,Florian Nagel,2019-05-07,4,single,🏄‍♂️,1F3C4-200D-2642-FE0F,4,2653
🏄🏿‍♂️,1F3C4-1F3FF-200D-2642-FE0F,people-body,person-sport,man surfing: dark skin tone,,,Florian Nagel,2019-05-07,5,single,🏄‍♂️,1F3C4-200D-2642-FE0F,4,2655
🏄‍♀️,1F3C4-200D-2640-FE0F,people-body,person-sport,woman surfing,"beach, ocean, person, sport, surf, surfer, surfing, swell, waves",,Florian Nagel,2019-05-07,,single,🏄‍♀️,1F3C4-200D-2640-FE0F,4,2657
🏄🏻‍♀️,1F3C4-1F3FB-200D-2640-FE0F,people-body,person-sport,woman surfing: light skin tone,,,Florian Nagel,2019-05-07,1,single,🏄‍♀️,1F3C4-200D-2640-FE0F,4,2659
🏄🏼‍♀️,1F3C4-1F3FC-200D-2640-FE0F,people-body,person-sport,woman surfing: medium-light skin tone,,,Florian Nagel,2019-05-07,2,single,🏄‍♀️,1F3C4-200D-2640-FE0F,4,2661
🏄🏽‍♀️,1F3C4-1F3FD-200D-2640-FE0F,people-body,person-sport,woman surfing: medium skin tone,,,Florian Nagel,2019-05-07,3,single,🏄‍♀️,1F3C4-200D-2640-FE0F,4,2663
🏄🏾‍♀️,1F3C4-1F3FE-200D-2640-FE0F,people-body,person-sport,woman surfing: medium-dark skin tone,,,Florian Nagel,2019-05-07,4,single,🏄‍♀️,1F3C4-200D-2640-FE0F,4,2665
🏄🏿‍♀️,1F3C4-1F3FF-200D-2640-FE0F,people-body,person-sport,woman surfing: dark skin tone,,,Florian Nagel,2019-05-07,5,single,🏄‍♀️,1F3C4-200D-2640-FE0F,4,2667
🚣,1F6A3,people-body,person-sport,person rowing boat,"boat, canoe, cruise, fishing, lake, oar, paddle, person, raft, river, row, rowboat, rowing","sports, kayak, canoe, water",Johanna Wellnitz,2018-04-18,,single,🚣,1F6A3,1,2669
🚣🏻,1F6A3-1F3FB,people-body,person-sport,person rowing boat: light skin tone,,,Johanna Wellnitz,2018-04-18,1,single,🚣,1F6A3,1,2670
🚣🏼,1F6A3-1F3FC,people-body,person-sport,person rowing boat: medium-light skin tone,,,Johanna Wellnitz,2018-04-18,2,single,🚣,1F6A3,1,2671
🚣🏽,1F6A3-1F3FD,people-body,person-sport,person rowing boat: medium skin tone,,,Johanna Wellnitz,2018-04-18,3,single,🚣,1F6A3,1,2672
🚣🏾,1F6A3-1F3FE,people-body,person-sport,person rowing boat: medium-dark skin tone,,,Johanna Wellnitz,2018-04-18,4,single,🚣,1F6A3,1,2673
🚣🏿,1F6A3-1F3FF,people-body,person-sport,person rowing boat: dark skin tone,,,Johanna Wellnitz,2018-04-18,5,single,🚣,1F6A3,1,2674
🚣‍♂️,1F6A3-200D-2642-FE0F,people-body,person-sport,man rowing boat,"boat, canoe, cruise, fishing, lake, man, oar, paddle, raft, river, row, rowboat, rowing",,Florian Nagel,2019-05-07,,single,🚣‍♂️,1F6A3-200D-2642-FE0F,4,2675
🚣🏻‍♂️,1F6A3-1F3FB-200D-2642-FE0F,people-body,person-sport,man rowing boat: light skin tone,,,Florian Nagel,2019-05-07,1,single,🚣‍♂️,1F6A3-200D-2642-FE0F,4,2677
🚣🏼‍♂️,1F6A3-1F3FC-200D-2642-FE0F,people-body,person-sport,man rowing boat: medium-light skin tone,,,Florian Nagel,2019-05-07,2,single,🚣‍♂️,1F6A3-200D-2642-FE0F,4,2679
🚣🏽‍♂️,1F6A3-1F3FD-200D-2642-FE0F,people-body,person-sport,man rowing boat: medium skin tone,,,Florian Nagel,2019-05-07,3,single,🚣‍♂️,1F6A3-200D-2642-FE0F,4,2681
🚣🏾‍♂️,1F6A3-1F3FE-200D-2642-FE0F,people-body,person-sport,man rowing boat: medium-dark skin tone,,,Florian Nagel,2019-05-07,4,single,🚣‍♂️,1F6A3-200D-2642-FE0F,4,2683
🚣🏿‍♂️,1F6A3-1F3FF-200D-2642-FE0F,people-body,person-sport,man rowing boat: dark skin tone,,,Florian Nagel,2019-05-07,5,single,🚣‍♂️,1F6A3-200D-2642-FE0F,4,2685
🚣‍♀️,1F6A3-200D-2640-FE0F,people-body,person-sport,woman rowing boat,"boat, canoe, cruise, fishing, lake, oar, paddle, raft, river, row, rowboat, rowing, woman",,Florian Nagel,2019-05-07,,single,🚣‍♀️,1F6A3-200D-2640-FE0F,4,2687
🚣🏻‍♀️,1F6A3-1F3FB-200D-2640-FE0F,people-body,person-sport,woman rowing boat: light skin tone,,,Florian Nagel,2019-05-07,1,single,🚣‍♀️,1F6A3-200D-2640-FE0F,4,2689
🚣🏼‍♀️,1F6A3-1F3FC-200D-2640-FE0F,people-body,person-sport,woman rowing boat: medium-light skin tone,,,Florian Nagel,2019-05-07,2,single,🚣‍♀️,1F6A3-200D-2640-FE0F,4,2691
🚣🏽‍♀️,1F6A3-1F3FD-200D-2640-FE0F,people-body,person-sport,woman rowing boat: medium skin tone,,,Florian Nagel,2019-05-07,3,single,🚣‍♀️,1F6A3-200D-2640-FE0F,4,2693
🚣🏾‍♀️,1F6A3-1F3FE-200D-2640-FE0F,people-body,person-sport,woman rowing boat: medium-dark skin tone,,,Florian Nagel,2019-05-07,4,single,🚣‍♀️,1F6A3-200D-2640-FE0F,4,2695
🚣🏿‍♀️,1F6A3-1F3FF-200D-2640-FE0F,people-body,person-sport,woman rowing boat: dark skin tone,,,Florian Nagel,2019-05-07,5,single,🚣‍♀️,1F6A3-200D-2640-FE0F,4,2697
🏊️,1F3CA,people-body,person-sport,person swimming,"freestyle, person, sport, swim, swimmer, swimming, triathlon","sports, water",Johanna Wellnitz,2018-04-18,,single,🏊️,1F3CA,0.6,2699
🏊🏻,1F3CA-1F3FB,people-body,person-sport,person swimming: light skin tone,,,Johanna Wellnitz,2018-04-18,1,single,🏊️,1F3CA,1,2700
🏊🏼,1F3CA-1F3FC,people-body,person-sport,person swimming: medium-light skin tone,,,Johanna Wellnitz,2018-04-18,2,single,🏊️,1F3CA,1,2701
🏊🏽,1F3CA-1F3FD,people-body,person-sport,person swimming: medium skin tone,,,Johanna Wellnitz,2018-04-18,3,single,🏊️,1F3CA,1,2702
🏊🏾,1F3CA-1F3FE,people-body,person-sport,person swimming: medium-dark skin tone,,,Johanna Wellnitz,2018-04-18,4,single,🏊️,1F3CA,1,2703
🏊🏿,1F3CA-1F3FF,people-body,person-sport,person swimming: dark skin tone,,,Johanna Wellnitz,2018-04-18,5,single,🏊️,1F3CA,1,2704
🏊‍♂️,1F3CA-200D-2642-FE0F,people-body,person-sport,man swimming,"freestyle, man, sport, swim, swimmer, swimming, triathlon",,Florian Nagel,2019-05-07,,single,🏊‍♂️,1F3CA-200D-2642-FE0F,4,2705
🏊🏻‍♂️,1F3CA-1F3FB-200D-2642-FE0F,people-body,person-sport,man swimming: light skin tone,,,Florian Nagel,2019-05-07,1,single,🏊‍♂️,1F3CA-200D-2642-FE0F,4,2707
🏊🏼‍♂️,1F3CA-1F3FC-200D-2642-FE0F,people-body,person-sport,man swimming: medium-light skin tone,,,Florian Nagel,2019-05-07,2,single,🏊‍♂️,1F3CA-200D-2642-FE0F,4,2709
🏊🏽‍♂️,1F3CA-1F3FD-200D-2642-FE0F,people-body,person-sport,man swimming: medium skin tone,,,Florian Nagel,2019-05-07,3,single,🏊‍♂️,1F3CA-200D-2642-FE0F,4,2711
🏊🏾‍♂️,1F3CA-1F3FE-200D-2642-FE0F,people-body,person-sport,man swimming: medium-dark skin tone,,,Florian Nagel,2019-05-07,4,single,🏊‍♂️,1F3CA-200D-2642-FE0F,4,2713
🏊🏿‍♂️,1F3CA-1F3FF-200D-2642-FE0F,people-body,person-sport,man swimming: dark skin tone,,,Florian Nagel,2019-05-07,5,single,🏊‍♂️,1F3CA-200D-2642-FE0F,4,2715
🏊‍♀️,1F3CA-200D-2640-FE0F,people-body,person-sport,woman swimming,"freestyle, man, sport, swim, swimmer, swimming, triathlon",,Florian Nagel,2019-05-07,,single,🏊‍♀️,1F3CA-200D-2640-FE0F,4,2717
🏊🏻‍♀️,1F3CA-1F3FB-200D-2640-FE0F,people-body,person-sport,woman swimming: light skin tone,,,Florian Nagel,2019-05-07,1,single,🏊‍♀️,1F3CA-200D-2640-FE0F,4,2719
🏊🏼‍♀️,1F3CA-1F3FC-200D-2640-FE0F,people-body,person-sport,woman swimming: medium-light skin tone,,,Florian Nagel,2019-05-07,2,single,🏊‍♀️,1F3CA-200D-2640-FE0F,4,2721
🏊🏽‍♀️,1F3CA-1F3FD-200D-2640-FE0F,people-body,person-sport,woman swimming: medium skin tone,,,Florian Nagel,2019-05-07,3,single,🏊‍♀️,1F3CA-200D-2640-FE0F,4,2723
🏊🏾‍♀️,1F3CA-1F3FE-200D-2640-FE0F,people-body,person-sport,woman swimming: medium-dark skin tone,,,Florian Nagel,2019-05-07,4,single,🏊‍♀️,1F3CA-200D-2640-FE0F,4,2725
🏊🏿‍♀️,1F3CA-1F3FF-200D-2640-FE0F,people-body,person-sport,woman swimming: dark skin tone,,,Florian Nagel,2019-05-07,5,single,🏊‍♀️,1F3CA-200D-2640-FE0F,4,2727
⛹️,26F9,people-body,person-sport,person bouncing ball,"athletic, ball, basketball, bouncing, championship, dribble, net, person, player, throw","dribble, sports",Johanna Wellnitz,2018-04-18,,single,⛹️,26F9,0.7,2730
⛹🏻,26F9-1F3FB,people-body,person-sport,person bouncing ball: light skin tone,,,Johanna Wellnitz,2018-04-18,1,single,⛹️,26F9,2,2731
⛹🏼,26F9-1F3FC,people-body,person-sport,person bouncing ball: medium-light skin tone,,,Johanna Wellnitz,2018-04-18,2,single,⛹️,26F9,2,2732
⛹🏽,26F9-1F3FD,people-body,person-sport,person bouncing ball: medium skin tone,,,Johanna Wellnitz,2018-04-18,3,single,⛹️,26F9,2,2733
⛹🏾,26F9-1F3FE,people-body,person-sport,person bouncing ball: medium-dark skin tone,,,Johanna Wellnitz,2018-04-18,4,single,⛹️,26F9,2,2734
⛹🏿,26F9-1F3FF,people-body,person-sport,person bouncing ball: dark skin tone,,,Johanna Wellnitz,2018-04-18,5,single,⛹️,26F9,2,2735
⛹️‍♂️,26F9-FE0F-200D-2642-FE0F,people-body,person-sport,man bouncing ball,"athletic, ball, basketball, bouncing, championship, dribble, man, net, player, throw",,Florian Nagel,2019-05-07,,single,⛹️‍♂️,26F9-FE0F-200D-2642-FE0F,4,2736
⛹🏻‍♂️,26F9-1F3FB-200D-2642-FE0F,people-body,person-sport,man bouncing ball: light skin tone,,,Florian Nagel,2019-05-07,1,single,⛹️‍♂️,26F9-FE0F-200D-2642-FE0F,4,2740
⛹🏼‍♂️,26F9-1F3FC-200D-2642-FE0F,people-body,person-sport,man bouncing ball: medium-light skin tone,,,Florian Nagel,2019-05-07,2,single,⛹️‍♂️,26F9-FE0F-200D-2642-FE0F,4,2742
⛹🏽‍♂️,26F9-1F3FD-200D-2642-FE0F,people-body,person-sport,man bouncing ball: medium skin tone,,,Florian Nagel,2019-05-07,3,single,⛹️‍♂️,26F9-FE0F-200D-2642-FE0F,4,2744
⛹🏾‍♂️,26F9-1F3FE-200D-2642-FE0F,people-body,person-sport,man bouncing ball: medium-dark skin tone,,,Florian Nagel,2019-05-07,4,single,⛹️‍♂️,26F9-FE0F-200D-2642-FE0F,4,2746
⛹🏿‍♂️,26F9-1F3FF-200D-2642-FE0F,people-body,person-sport,man bouncing ball: dark skin tone,,,Florian Nagel,2019-05-07,5,single,⛹️‍♂️,26F9-FE0F-200D-2642-FE0F,4,2748
⛹️‍♀️,26F9-FE0F-200D-2640-FE0F,people-body,person-sport,woman bouncing ball,"athletic, ball, basketball, bouncing, championship, dribble, net, player, throw, woman",,Florian Nagel,2019-05-07,,single,⛹️‍♀️,26F9-FE0F-200D-2640-FE0F,4,2750
⛹🏻‍♀️,26F9-1F3FB-200D-2640-FE0F,people-body,person-sport,woman bouncing ball: light skin tone,,,Florian Nagel,2019-05-07,1,single,⛹️‍♀️,26F9-FE0F-200D-2640-FE0F,4,2754
⛹🏼‍♀️,26F9-1F3FC-200D-2640-FE0F,people-body,person-sport,woman bouncing ball: medium-light skin tone,,,Florian Nagel,2019-05-07,2,single,⛹️‍♀️,26F9-FE0F-200D-2640-FE0F,4,2756
⛹🏽‍♀️,26F9-1F3FD-200D-2640-FE0F,people-body,person-sport,woman bouncing ball: medium skin tone,,,Florian Nagel,2019-05-07,3,single,⛹️‍♀️,26F9-FE0F-200D-2640-FE0F,4,2758
⛹🏾‍♀️,26F9-1F3FE-200D-2640-FE0F,people-body,person-sport,woman bouncing ball: medium-dark skin tone,,,Florian Nagel,2019-05-07,4,single,⛹️‍♀️,26F9-FE0F-200D-2640-FE0F,4,2760
⛹🏿‍♀️,26F9-1F3FF-200D-2640-FE0F,people-body,person-sport,woman bouncing ball: dark skin tone,,,Florian Nagel,2019-05-07,5,single,⛹️‍♀️,26F9-FE0F-200D-2640-FE0F,4,2762
🏋️,1F3CB,people-body,person-sport,person lifting weights,"barbell, bodybuilder, deadlift, lifter, lifting, person, powerlifting, weight, weightlifter, weights, workout","sports, power",Johanna Wellnitz,2018-04-18,,single,🏋️,1F3CB,0.7,2765
🏋🏻,1F3CB-1F3FB,people-body,person-sport,person lifting weights: light skin tone,,,Johanna Wellnitz,2018-04-18,1,single,🏋️,1F3CB,2,2766
🏋🏼,1F3CB-1F3FC,people-body,person-sport,person lifting weights: medium-light skin tone,,,Johanna Wellnitz,2018-04-18,2,single,🏋️,1F3CB,2,2767
🏋🏽,1F3CB-1F3FD,people-body,person-sport,person lifting weights: medium skin tone,,,Johanna Wellnitz,2018-04-18,3,single,🏋️,1F3CB,2,2768
🏋🏾,1F3CB-1F3FE,people-body,person-sport,person lifting weights: medium-dark skin tone,,,Johanna Wellnitz,2018-04-18,4,single,🏋️,1F3CB,2,2769
🏋🏿,1F3CB-1F3FF,people-body,person-sport,person lifting weights: dark skin tone,,,Johanna Wellnitz,2018-04-18,5,single,🏋️,1F3CB,2,2770
🏋️‍♂️,1F3CB-FE0F-200D-2642-FE0F,people-body,person-sport,man lifting weights,"barbell, bodybuilder, deadlift, lifter, lifting, man, powerlifting, weight, weightlifter, weights, workout",,Florian Nagel,2019-05-07,,single,🏋️‍♂️,1F3CB-FE0F-200D-2642-FE0F,4,2771
🏋🏻‍♂️,1F3CB-1F3FB-200D-2642-FE0F,people-body,person-sport,man lifting weights: light skin tone,,,Florian Nagel,2019-05-07,1,single,🏋️‍♂️,1F3CB-FE0F-200D-2642-FE0F,4,2775
🏋🏼‍♂️,1F3CB-1F3FC-200D-2642-FE0F,people-body,person-sport,man lifting weights: medium-light skin tone,,,Florian Nagel,2019-05-07,2,single,🏋️‍♂️,1F3CB-FE0F-200D-2642-FE0F,4,2777
🏋🏽‍♂️,1F3CB-1F3FD-200D-2642-FE0F,people-body,person-sport,man lifting weights: medium skin tone,,,Florian Nagel,2019-05-07,3,single,🏋️‍♂️,1F3CB-FE0F-200D-2642-FE0F,4,2779
🏋🏾‍♂️,1F3CB-1F3FE-200D-2642-FE0F,people-body,person-sport,man lifting weights: medium-dark skin tone,,,Florian Nagel,2019-05-07,4,single,🏋️‍♂️,1F3CB-FE0F-200D-2642-FE0F,4,2781
🏋🏿‍♂️,1F3CB-1F3FF-200D-2642-FE0F,people-body,person-sport,man lifting weights: dark skin tone,,,Florian Nagel,2019-05-07,5,single,🏋️‍♂️,1F3CB-FE0F-200D-2642-FE0F,4,2783
🏋️‍♀️,1F3CB-FE0F-200D-2640-FE0F,people-body,person-sport,woman lifting weights,"barbell, bodybuilder, deadlift, lifter, lifting, powerlifting, weight, weightlifter, weights, woman, workout",,Florian Nagel,2019-05-07,,single,🏋️‍♀️,1F3CB-FE0F-200D-2640-FE0F,4,2785
🏋🏻‍♀️,1F3CB-1F3FB-200D-2640-FE0F,people-body,person-sport,woman lifting weights: light skin tone,,,Florian Nagel,2019-05-07,1,single,🏋️‍♀️,1F3CB-FE0F-200D-2640-FE0F,4,2789
🏋🏼‍♀️,1F3CB-1F3FC-200D-2640-FE0F,people-body,person-sport,woman lifting weights: medium-light skin tone,,,Florian Nagel,2019-05-07,2,single,🏋️‍♀️,1F3CB-FE0F-200D-2640-FE0F,4,2791
🏋🏽‍♀️,1F3CB-1F3FD-200D-2640-FE0F,people-body,person-sport,woman lifting weights: medium skin tone,,,Florian Nagel,2019-05-07,3,single,🏋️‍♀️,1F3CB-FE0F-200D-2640-FE0F,4,2793
🏋🏾‍♀️,1F3CB-1F3FE-200D-2640-FE0F,people-body,person-sport,woman lifting weights: medium-dark skin tone,,,Florian Nagel,2019-05-07,4,single,🏋️‍♀️,1F3CB-FE0F-200D-2640-FE0F,4,2795
🏋🏿‍♀️,1F3CB-1F3FF-200D-2640-FE0F,people-body,person-sport,woman lifting weights: dark skin tone,,,Florian Nagel,2019-05-07,5,single,🏋️‍♀️,1F3CB-FE0F-200D-2640-FE0F,4,2797
🚴,1F6B4,people-body,person-sport,person biking,"bicycle, bicyclist, bike, biking, cycle, cyclist, person, riding, sport",sports,Johanna Wellnitz,2018-04-18,,single,🚴,1F6B4,1,2799
🚴🏻,1F6B4-1F3FB,people-body,person-sport,person biking: light skin tone,,,Johanna Wellnitz,2018-04-18,1,single,🚴,1F6B4,1,2800
🚴🏼,1F6B4-1F3FC,people-body,person-sport,person biking: medium-light skin tone,,,Johanna Wellnitz,2018-04-18,2,single,🚴,1F6B4,1,2801
🚴🏽,1F6B4-1F3FD,people-body,person-sport,person biking: medium skin tone,,,Johanna Wellnitz,2018-04-18,3,single,🚴,1F6B4,1,2802
🚴🏾,1F6B4-1F3FE,people-body,person-sport,person biking: medium-dark skin tone,,,Johanna Wellnitz,2018-04-18,4,single,🚴,1F6B4,1,2803
🚴🏿,1F6B4-1F3FF,people-body,person-sport,person biking: dark skin tone,,,Johanna Wellnitz,2018-04-18,5,single,🚴,1F6B4,1,2804
🚴‍♂️,1F6B4-200D-2642-FE0F,people-body,person-sport,man biking,"bicycle, bicyclist, bike, biking, cycle, cyclist, man, riding, sport",,Florian Nagel,2019-05-07,,single,🚴‍♂️,1F6B4-200D-2642-FE0F,4,2805
🚴🏻‍♂️,1F6B4-1F3FB-200D-2642-FE0F,people-body,person-sport,man biking: light skin tone,,,Florian Nagel,2019-05-07,1,single,🚴‍♂️,1F6B4-200D-2642-FE0F,4,2807
🚴🏼‍♂️,1F6B4-1F3FC-200D-2642-FE0F,people-body,person-sport,man biking: medium-light skin tone,,,Florian Nagel,2019-05-07,2,single,🚴‍♂️,1F6B4-200D-2642-FE0F,4,2809
🚴🏽‍♂️,1F6B4-1F3FD-200D-2642-FE0F,people-body,person-sport,man biking: medium skin tone,,,Florian Nagel,2019-05-07,3,single,🚴‍♂️,1F6B4-200D-2642-FE0F,4,2811
🚴🏾‍♂️,1F6B4-1F3FE-200D-2642-FE0F,people-body,person-sport,man biking: medium-dark skin tone,,,Florian Nagel,2019-05-07,4,single,🚴‍♂️,1F6B4-200D-2642-FE0F,4,2813
🚴🏿‍♂️,1F6B4-1F3FF-200D-2642-FE0F,people-body,person-sport,man biking: dark skin tone,,,Florian Nagel,2019-05-07,5,single,🚴‍♂️,1F6B4-200D-2642-FE0F,4,2815
🚴‍♀️,1F6B4-200D-2640-FE0F,people-body,person-sport,woman biking,"bicycle, bicyclist, bike, biking, cycle, cyclist, riding, sport, woman",,Florian Nagel,2019-05-07,,single,🚴‍♀️,1F6B4-200D-2640-FE0F,4,2817
🚴🏻‍♀️,1F6B4-1F3FB-200D-2640-FE0F,people-body,person-sport,woman biking: light skin tone,,,Florian Nagel,2019-05-07,1,single,🚴‍♀️,1F6B4-200D-2640-FE0F,4,2819
🚴🏼‍♀️,1F6B4-1F3FC-200D-2640-FE0F,people-body,person-sport,woman biking: medium-light skin tone,,,Florian Nagel,2019-05-07,2,single,🚴‍♀️,1F6B4-200D-2640-FE0F,4,2821
🚴🏽‍♀️,1F6B4-1F3FD-200D-2640-FE0F,people-body,person-sport,woman biking: medium skin tone,,,Florian Nagel,2019-05-07,3,single,🚴‍♀️,1F6B4-200D-2640-FE0F,4,2823
🚴🏾‍♀️,1F6B4-1F3FE-200D-2640-FE0F,people-body,person-sport,woman biking: medium-dark skin tone,,,Florian Nagel,2019-05-07,4,single,🚴‍♀️,1F6B4-200D-2640-FE0F,4,2825
🚴🏿‍♀️,1F6B4-1F3FF-200D-2640-FE0F,people-body,person-sport,woman biking: dark skin tone,,,Florian Nagel,2019-05-07,5,single,🚴‍♀️,1F6B4-200D-2640-FE0F,4,2827
🚵,1F6B5,people-body,person-sport,person mountain biking,"bicycle, bicyclist, bike, biking, cycle, cyclist, mountain, person, riding, sport",,Anne Frauendorf,2018-11-16,,single,🚵,1F6B5,1,2829
🚵🏻,1F6B5-1F3FB,people-body,person-sport,person mountain biking: light skin tone,,,Anne Frauendorf,2018-11-16,1,single,🚵,1F6B5,1,2830
🚵🏼,1F6B5-1F3FC,people-body,person-sport,person mountain biking: medium-light skin tone,,,Anne Frauendorf,2018-11-16,2,single,🚵,1F6B5,1,2831
🚵🏽,1F6B5-1F3FD,people-body,person-sport,person mountain biking: medium skin tone,,,Anne Frauendorf,2018-11-16,3,single,🚵,1F6B5,1,2832
🚵🏾,1F6B5-1F3FE,people-body,person-sport,person mountain biking: medium-dark skin tone,,,Anne Frauendorf,2018-11-16,4,single,🚵,1F6B5,1,2833
🚵🏿,1F6B5-1F3FF,people-body,person-sport,person mountain biking: dark skin tone,,,Anne Frauendorf,2018-11-16,5,single,🚵,1F6B5,1,2834
🚵‍♂️,1F6B5-200D-2642-FE0F,people-body,person-sport,man mountain biking,"bicycle, bicyclist, bike, biking, cycle, cyclist, man, mountain, riding, sport",,Florian Nagel,2019-05-07,,single,🚵‍♂️,1F6B5-200D-2642-FE0F,4,2835
🚵🏻‍♂️,1F6B5-1F3FB-200D-2642-FE0F,people-body,person-sport,man mountain biking: light skin tone,,,Florian Nagel,2019-05-07,1,single,🚵‍♂️,1F6B5-200D-2642-FE0F,4,2837
🚵🏼‍♂️,1F6B5-1F3FC-200D-2642-FE0F,people-body,person-sport,man mountain biking: medium-light skin tone,,,Florian Nagel,2019-05-07,2,single,🚵‍♂️,1F6B5-200D-2642-FE0F,4,2839
🚵🏽‍♂️,1F6B5-1F3FD-200D-2642-FE0F,people-body,person-sport,man mountain biking: medium skin tone,,,Florian Nagel,2019-05-07,3,single,🚵‍♂️,1F6B5-200D-2642-FE0F,4,2841
🚵🏾‍♂️,1F6B5-1F3FE-200D-2642-FE0F,people-body,person-sport,man mountain biking: medium-dark skin tone,,,Florian Nagel,2019-05-07,4,single,🚵‍♂️,1F6B5-200D-2642-FE0F,4,2843
🚵🏿‍♂️,1F6B5-1F3FF-200D-2642-FE0F,people-body,person-sport,man mountain biking: dark skin tone,,,Florian Nagel,2019-05-07,5,single,🚵‍♂️,1F6B5-200D-2642-FE0F,4,2845
🚵‍♀️,1F6B5-200D-2640-FE0F,people-body,person-sport,woman mountain biking,"bicycle, bicyclist, bike, biking, cycle, cyclist, mountain, riding, sport, woman",,Florian Nagel,2019-05-07,,single,🚵‍♀️,1F6B5-200D-2640-FE0F,4,2847
🚵🏻‍♀️,1F6B5-1F3FB-200D-2640-FE0F,people-body,person-sport,woman mountain biking: light skin tone,,,Florian Nagel,2019-05-07,1,single,🚵‍♀️,1F6B5-200D-2640-FE0F,4,2849
🚵🏼‍♀️,1F6B5-1F3FC-200D-2640-FE0F,people-body,person-sport,woman mountain biking: medium-light skin tone,,,Florian Nagel,2019-05-07,2,single,🚵‍♀️,1F6B5-200D-2640-FE0F,4,2851
🚵🏽‍♀️,1F6B5-1F3FD-200D-2640-FE0F,people-body,person-sport,woman mountain biking: medium skin tone,,,Florian Nagel,2019-05-07,3,single,🚵‍♀️,1F6B5-200D-2640-FE0F,4,2853
🚵🏾‍♀️,1F6B5-1F3FE-200D-2640-FE0F,people-body,person-sport,woman mountain biking: medium-dark skin tone,,,Florian Nagel,2019-05-07,4,single,🚵‍♀️,1F6B5-200D-2640-FE0F,4,2855
🚵🏿‍♀️,1F6B5-1F3FF-200D-2640-FE0F,people-body,person-sport,woman mountain biking: dark skin tone,,,Florian Nagel,2019-05-07,5,single,🚵‍♀️,1F6B5-200D-2640-FE0F,4,2857
🤸,1F938,people-body,person-sport,person cartwheeling,"active, cartwheel, cartwheeling, excited, flip, gymnastics, happy, person, somersault",sports,Johanna Wellnitz,2018-04-18,,single,🤸,1F938,3,2859
🤸🏻,1F938-1F3FB,people-body,person-sport,person cartwheeling: light skin tone,,,Johanna Wellnitz,2018-04-18,1,single,🤸,1F938,3,2860
🤸🏼,1F938-1F3FC,people-body,person-sport,person cartwheeling: medium-light skin tone,,,Johanna Wellnitz,2018-04-18,2,single,🤸,1F938,3,2861
🤸🏽,1F938-1F3FD,people-body,person-sport,person cartwheeling: medium skin tone,,,Johanna Wellnitz,2018-04-18,3,single,🤸,1F938,3,2862
🤸🏾,1F938-1F3FE,people-body,person-sport,person cartwheeling: medium-dark skin tone,,,Johanna Wellnitz,2018-04-18,4,single,🤸,1F938,3,2863
🤸🏿,1F938-1F3FF,people-body,person-sport,person cartwheeling: dark skin tone,,,Johanna Wellnitz,2018-04-18,5,single,🤸,1F938,3,2864
🤸‍♂️,1F938-200D-2642-FE0F,people-body,person-sport,man cartwheeling,"active, cartwheel, cartwheeling, excited, flip, gymnastics, happy, man, somersault",,Florian Nagel,2019-05-07,,single,🤸‍♂️,1F938-200D-2642-FE0F,4,2865
🤸🏻‍♂️,1F938-1F3FB-200D-2642-FE0F,people-body,person-sport,man cartwheeling: light skin tone,,,Florian Nagel,2019-05-07,1,single,🤸‍♂️,1F938-200D-2642-FE0F,4,2867
🤸🏼‍♂️,1F938-1F3FC-200D-2642-FE0F,people-body,person-sport,man cartwheeling: medium-light skin tone,,,Florian Nagel,2019-05-07,2,single,🤸‍♂️,1F938-200D-2642-FE0F,4,2869
🤸🏽‍♂️,1F938-1F3FD-200D-2642-FE0F,people-body,person-sport,man cartwheeling: medium skin tone,,,Florian Nagel,2019-05-07,3,single,🤸‍♂️,1F938-200D-2642-FE0F,4,2871
🤸🏾‍♂️,1F938-1F3FE-200D-2642-FE0F,people-body,person-sport,man cartwheeling: medium-dark skin tone,,,Florian Nagel,2019-05-07,4,single,🤸‍♂️,1F938-200D-2642-FE0F,4,2873
🤸🏿‍♂️,1F938-1F3FF-200D-2642-FE0F,people-body,person-sport,man cartwheeling: dark skin tone,,,Florian Nagel,2019-05-07,5,single,🤸‍♂️,1F938-200D-2642-FE0F,4,2875
🤸‍♀️,1F938-200D-2640-FE0F,people-body,person-sport,woman cartwheeling,"active, cartwheel, cartwheeling, excited, flip, gymnastics, happy, somersault, woman",,Florian Nagel,2019-05-07,,single,🤸‍♀️,1F938-200D-2640-FE0F,4,2877
🤸🏻‍♀️,1F938-1F3FB-200D-2640-FE0F,people-body,person-sport,woman cartwheeling: light skin tone,,,Florian Nagel,2019-05-07,1,single,🤸‍♀️,1F938-200D-2640-FE0F,4,2879
🤸🏼‍♀️,1F938-1F3FC-200D-2640-FE0F,people-body,person-sport,woman cartwheeling: medium-light skin tone,,,Florian Nagel,2019-05-07,2,single,🤸‍♀️,1F938-200D-2640-FE0F,4,2881
🤸🏽‍♀️,1F938-1F3FD-200D-2640-FE0F,people-body,person-sport,woman cartwheeling: medium skin tone,,,Florian Nagel,2019-05-07,3,single,🤸‍♀️,1F938-200D-2640-FE0F,4,2883
🤸🏾‍♀️,1F938-1F3FE-200D-2640-FE0F,people-body,person-sport,woman cartwheeling: medium-dark skin tone,,,Florian Nagel,2019-05-07,4,single,🤸‍♀️,1F938-200D-2640-FE0F,4,2885
🤸🏿‍♀️,1F938-1F3FF-200D-2640-FE0F,people-body,person-sport,woman cartwheeling: dark skin tone,,,Florian Nagel,2019-05-07,5,single,🤸‍♀️,1F938-200D-2640-FE0F,4,2887
🤼,1F93C,people-body,person-sport,people wrestling,"combat, duel, grapple, people, ring, tournament, wrestle, wrestling","fighting, sports",Johanna Wellnitz,2018-04-18,,single,🤼,1F93C,3,2889
🤼🏻,1F93C-1F3FB,people-body,person-sport,people wrestling: light skin tone,,,Johanna Wellnitz,2018-04-18,1,single,🤼,1F93C,17,2890
🤼🏼,1F93C-1F3FC,people-body,person-sport,people wrestling: medium-light skin tone,,,Johanna Wellnitz,2018-04-18,2,single,🤼,1F93C,17,2891
🤼🏽,1F93C-1F3FD,people-body,person-sport,people wrestling: medium skin tone,,,Johanna Wellnitz,2018-04-18,3,single,🤼,1F93C,17,2892
🤼🏾,1F93C-1F3FE,people-body,person-sport,people wrestling: medium-dark skin tone,,,Johanna Wellnitz,2018-04-18,4,single,🤼,1F93C,17,2893
🤼🏿,1F93C-1F3FF,people-body,person-sport,people wrestling: dark skin tone,,,Johanna Wellnitz,2018-04-18,5,single,🤼,1F93C,17,2894
🤼‍♂️,1F93C-200D-2642-FE0F,people-body,person-sport,men wrestling,"combat, duel, grapple, men, ring, tournament, wrestle, wrestling",,Florian Nagel,2019-05-07,,single,🤼‍♂️,1F93C-200D-2642-FE0F,4,2895
🤼🏻‍♂️,1F93C-1F3FB-200D-2642-FE0F,people-body,person-sport,men wrestling: light skin tone,,,Florian Nagel,2019-05-07,1,single,🤼‍♂️,1F93C-200D-2642-FE0F,17,2897
🤼🏼‍♂️,1F93C-1F3FC-200D-2642-FE0F,people-body,person-sport,men wrestling: medium-light skin tone,,,Florian Nagel,2019-05-07,2,single,🤼‍♂️,1F93C-200D-2642-FE0F,17,2899
🤼🏽‍♂️,1F93C-1F3FD-200D-2642-FE0F,people-body,person-sport,men wrestling: medium skin tone,,,Florian Nagel,2019-05-07,3,single,🤼‍♂️,1F93C-200D-2642-FE0F,17,2901
🤼🏾‍♂️,1F93C-1F3FE-200D-2642-FE0F,people-body,person-sport,men wrestling: medium-dark skin tone,,,Florian Nagel,2019-05-07,4,single,🤼‍♂️,1F93C-200D-2642-FE0F,17,2903
🤼🏿‍♂️,1F93C-1F3FF-200D-2642-FE0F,people-body,person-sport,men wrestling: dark skin tone,,,Florian Nagel,2019-05-07,5,single,🤼‍♂️,1F93C-200D-2642-FE0F,17,2905
🤼‍♀️,1F93C-200D-2640-FE0F,people-body,person-sport,women wrestling,"combat, duel, grapple, ring, tournament, women, wrestle, wrestling",,Florian Nagel,2019-05-07,,single,🤼‍♀️,1F93C-200D-2640-FE0F,4,2907
🤼🏻‍♀️,1F93C-1F3FB-200D-2640-FE0F,people-body,person-sport,women wrestling: light skin tone,,,Florian Nagel,2019-05-07,1,single,🤼‍♀️,1F93C-200D-2640-FE0F,17,2909
🤼🏼‍♀️,1F93C-1F3FC-200D-2640-FE0F,people-body,person-sport,women wrestling: medium-light skin tone,,,Florian Nagel,2019-05-07,2,single,🤼‍♀️,1F93C-200D-2640-FE0F,17,2911
🤼🏽‍♀️,1F93C-1F3FD-200D-2640-FE0F,people-body,person-sport,women wrestling: medium skin tone,,,Florian Nagel,2019-05-07,3,single,🤼‍♀️,1F93C-200D-2640-FE0F,17,2913
🤼🏾‍♀️,1F93C-1F3FE-200D-2640-FE0F,people-body,person-sport,women wrestling: medium-dark skin tone,,,Florian Nagel,2019-05-07,4,single,🤼‍♀️,1F93C-200D-2640-FE0F,17,2915
🤼🏿‍♀️,1F93C-1F3FF-200D-2640-FE0F,people-body,person-sport,women wrestling: dark skin tone,,,Florian Nagel,2019-05-07,5,single,🤼‍♀️,1F93C-200D-2640-FE0F,17,2917
🧑🏻‍🫯‍🧑🏼,1F9D1-1F3FB-200D-1FAEF-200D-1F9D1-1F3FC,people-body,person-sport,"people wrestling: light skin tone, medium-light skin tone",,,Johanna Wellnitz,2018-04-18,"1,2",multiple,🤼,1F93C,17,2919
🧑🏻‍🫯‍🧑🏽,1F9D1-1F3FB-200D-1FAEF-200D-1F9D1-1F3FD,people-body,person-sport,"people wrestling: light skin tone, medium skin tone",,,Johanna Wellnitz,2018-04-18,"1,3",multiple,🤼,1F93C,17,2920
🧑🏻‍🫯‍🧑🏾,1F9D1-1F3FB-200D-1FAEF-200D-1F9D1-1F3FE,people-body,person-sport,"people wrestling: light skin tone, medium-dark skin tone",,,Johanna Wellnitz,2018-04-18,"1,4",multiple,🤼,1F93C,17,2921
🧑🏻‍🫯‍🧑🏿,1F9D1-1F3FB-200D-1FAEF-200D-1F9D1-1F3FF,people-body,person-sport,"people wrestling: light skin tone, dark skin tone",,,Johanna Wellnitz,2018-04-18,"1,5",multiple,🤼,1F93C,17,2922
🧑🏼‍🫯‍🧑🏻,1F9D1-1F3FC-200D-1FAEF-200D-1F9D1-1F3FB,people-body,person-sport,"people wrestling: medium-light skin tone, light skin tone",,,Johanna Wellnitz,2018-04-18,"2,1",multiple,🤼,1F93C,17,2923
🧑🏼‍🫯‍🧑🏽,1F9D1-1F3FC-200D-1FAEF-200D-1F9D1-1F3FD,people-body,person-sport,"people wrestling: medium-light skin tone, medium skin tone",,,Johanna Wellnitz,2018-04-18,"2,3",multiple,🤼,1F93C,17,2924
🧑🏼‍🫯‍🧑🏾,1F9D1-1F3FC-200D-1FAEF-200D-1F9D1-1F3FE,people-body,person-sport,"people wrestling: medium-light skin tone, medium-dark skin tone",,,Johanna Wellnitz,2018-04-18,"2,4",multiple,🤼,1F93C,17,2925
🧑🏼‍🫯‍🧑🏿,1F9D1-1F3FC-200D-1FAEF-200D-1F9D1-1F3FF,people-body,person-sport,"people wrestling: medium-light skin tone, dark skin tone",,,Johanna Wellnitz,2018-04-18,"2,5",multiple,🤼,1F93C,17,2926
🧑🏽‍🫯‍🧑🏻,1F9D1-1F3FD-200D-1FAEF-200D-1F9D1-1F3FB,people-body,person-sport,"people wrestling: medium skin tone, light skin tone",,,Johanna Wellnitz,2018-04-18,"3,1",multiple,🤼,1F93C,17,2927
🧑🏽‍🫯‍🧑🏼,1F9D1-1F3FD-200D-1FAEF-200D-1F9D1-1F3FC,people-body,person-sport,"people wrestling: medium skin tone, medium-light skin tone",,,Johanna Wellnitz,2018-04-18,"3,2",multiple,🤼,1F93C,17,2928
🧑🏽‍🫯‍🧑🏾,1F9D1-1F3FD-200D-1FAEF-200D-1F9D1-1F3FE,people-body,person-sport,"people wrestling: medium skin tone, medium-dark skin tone",,,Johanna Wellnitz,2018-04-18,"3,4",multiple,🤼,1F93C,17,2929
🧑🏽‍🫯‍🧑🏿,1F9D1-1F3FD-200D-1FAEF-200D-1F9D1-1F3FF,people-body,person-sport,"people wrestling: medium skin tone, dark skin tone",,,Johanna Wellnitz,2018-04-18,"3,5",multiple,🤼,1F93C,17,2930
🧑🏾‍🫯‍🧑🏻,1F9D1-1F3FE-200D-1FAEF-200D-1F9D1-1F3FB,people-body,person-sport,"people wrestling: medium-dark skin tone, light skin tone",,,Johanna Wellnitz,2018-04-18,"4,1",multiple,🤼,1F93C,17,2931
🧑🏾‍🫯‍🧑🏼,1F9D1-1F3FE-200D-1FAEF-200D-1F9D1-1F3FC,people-body,person-sport,"people wrestling: medium-dark skin tone, medium-light skin tone",,,Johanna Wellnitz,2018-04-18,"4,2",multiple,🤼,1F93C,17,2932
🧑🏾‍🫯‍🧑🏽,1F9D1-1F3FE-200D-1FAEF-200D-1F9D1-1F3FD,people-body,person-sport,"people wrestling: medium-dark skin tone, medium skin tone",,,Johanna Wellnitz,2018-04-18,"4,3",multiple,🤼,1F93C,17,2933
🧑🏾‍🫯‍🧑🏿,1F9D1-1F3FE-200D-1FAEF-200D-1F9D1-1F3FF,people-body,person-sport,"people wrestling: medium-dark skin tone, dark skin tone",,,Johanna Wellnitz,2018-04-18,"4,5",multiple,🤼,1F93C,17,2934
🧑🏿‍🫯‍🧑🏻,1F9D1-1F3FF-200D-1FAEF-200D-1F9D1-1F3FB,people-body,person-sport,"people wrestling: dark skin tone, light skin tone",,,Johanna Wellnitz,2018-04-18,"5,1",multiple,🤼,1F93C,17,2935
🧑🏿‍🫯‍🧑🏼,1F9D1-1F3FF-200D-1FAEF-200D-1F9D1-1F3FC,people-body,person-sport,"people wrestling: dark skin tone, medium-light skin tone",,,Johanna Wellnitz,2018-04-18,"5,2",multiple,🤼,1F93C,17,2936
🧑🏿‍🫯‍🧑🏽,1F9D1-1F3FF-200D-1FAEF-200D-1F9D1-1F3FD,people-body,person-sport,"people wrestling: dark skin tone, medium skin tone",,,Johanna Wellnitz,2018-04-18,"5,3",multiple,🤼,1F93C,17,2937
🧑🏿‍🫯‍🧑🏾,1F9D1-1F3FF-200D-1FAEF-200D-1F9D1-1F3FE,people-body,person-sport,"people wrestling: dark skin tone, medium-dark skin tone",,,Johanna Wellnitz,2018-04-18,"5,4",multiple,🤼,1F93C,17,2938
👨🏻‍🫯‍👨🏼,1F468-1F3FB-200D-1FAEF-200D-1F468-1F3FC,people-body,person-sport,"men wrestling: light skin tone, medium-light skin tone",,,Florian Nagel,2019-05-07,"1,2",multiple,🤼‍♂️,1F93C-200D-2642-FE0F,17,2939
👨🏻‍🫯‍👨🏽,1F468-1F3FB-200D-1FAEF-200D-1F468-1F3FD,people-body,person-sport,"men wrestling: light skin tone, medium skin tone",,,Florian Nagel,2019-05-07,"1,3",multiple,🤼‍♂️,1F93C-200D-2642-FE0F,17,2940
👨🏻‍🫯‍👨🏾,1F468-1F3FB-200D-1FAEF-200D-1F468-1F3FE,people-body,person-sport,"men wrestling: light skin tone, medium-dark skin tone",,,Florian Nagel,2019-05-07,"1,4",multiple,🤼‍♂️,1F93C-200D-2642-FE0F,17,2941
👨🏻‍🫯‍👨🏿,1F468-1F3FB-200D-1FAEF-200D-1F468-1F3FF,people-body,person-sport,"men wrestling: light skin tone, dark skin tone",,,Florian Nagel,2019-05-07,"1,5",multiple,🤼‍♂️,1F93C-200D-2642-FE0F,17,2942
👨🏼‍🫯‍👨🏻,1F468-1F3FC-200D-1FAEF-200D-1F468-1F3FB,people-body,person-sport,"men wrestling: medium-light skin tone, light skin tone",,,Florian Nagel,2019-05-07,"2,1",multiple,🤼‍♂️,1F93C-200D-2642-FE0F,17,2943
👨🏼‍🫯‍👨🏽,1F468-1F3FC-200D-1FAEF-200D-1F468-1F3FD,people-body,person-sport,"men wrestling: medium-light skin tone, medium skin tone",,,Florian Nagel,2019-05-07,"2,3",multiple,🤼‍♂️,1F93C-200D-2642-FE0F,17,2944
👨🏼‍🫯‍👨🏾,1F468-1F3FC-200D-1FAEF-200D-1F468-1F3FE,people-body,person-sport,"men wrestling: medium-light skin tone, medium-dark skin tone",,,Florian Nagel,2019-05-07,"2,4",multiple,🤼‍♂️,1F93C-200D-2642-FE0F,17,2945
👨🏼‍🫯‍👨🏿,1F468-1F3FC-200D-1FAEF-200D-1F468-1F3FF,people-body,person-sport,"men wrestling: medium-light skin tone, dark skin tone",,,Florian Nagel,2019-05-07,"2,5",multiple,🤼‍♂️,1F93C-200D-2642-FE0F,17,2946
👨🏽‍🫯‍👨🏻,1F468-1F3FD-200D-1FAEF-200D-1F468-1F3FB,people-body,person-sport,"men wrestling: medium skin tone, light skin tone",,,Florian Nagel,2019-05-07,"3,1",multiple,🤼‍♂️,1F93C-200D-2642-FE0F,17,2947
👨🏽‍🫯‍👨🏼,1F468-1F3FD-200D-1FAEF-200D-1F468-1F3FC,people-body,person-sport,"men wrestling: medium skin tone, medium-light skin tone",,,Florian Nagel,2019-05-07,"3,2",multiple,🤼‍♂️,1F93C-200D-2642-FE0F,17,2948
👨🏽‍🫯‍👨🏾,1F468-1F3FD-200D-1FAEF-200D-1F468-1F3FE,people-body,person-sport,"men wrestling: medium skin tone, medium-dark skin tone",,,Florian Nagel,2019-05-07,"3,4",multiple,🤼‍♂️,1F93C-200D-2642-FE0F,17,2949
👨🏽‍🫯‍👨🏿,1F468-1F3FD-200D-1FAEF-200D-1F468-1F3FF,people-body,person-sport,"men wrestling: medium skin tone, dark skin tone",,,Florian Nagel,2019-05-07,"3,5",multiple,🤼‍♂️,1F93C-200D-2642-FE0F,17,2950
👨🏾‍🫯‍👨🏻,1F468-1F3FE-200D-1FAEF-200D-1F468-1F3FB,people-body,person-sport,"men wrestling: medium-dark skin tone, light skin tone",,,Florian Nagel,2019-05-07,"4,1",multiple,🤼‍♂️,1F93C-200D-2642-FE0F,17,2951
👨🏾‍🫯‍👨🏼,1F468-1F3FE-200D-1FAEF-200D-1F468-1F3FC,people-body,person-sport,"men wrestling: medium-dark skin tone, medium-light skin tone",,,Florian Nagel,2019-05-07,"4,2",multiple,🤼‍♂️,1F93C-200D-2642-FE0F,17,2952
👨🏾‍🫯‍👨🏽,1F468-1F3FE-200D-1FAEF-200D-1F468-1F3FD,people-body,person-sport,"men wrestling: medium-dark skin tone, medium skin tone",,,Florian Nagel,2019-05-07,"4,3",multiple,🤼‍♂️,1F93C-200D-2642-FE0F,17,2953
👨🏾‍🫯‍👨🏿,1F468-1F3FE-200D-1FAEF-200D-1F468-1F3FF,people-body,person-sport,"men wrestling: medium-dark skin tone, dark skin tone",,,Florian Nagel,2019-05-07,"4,5",multiple,🤼‍♂️,1F93C-200D-2642-FE0F,17,2954
👨🏿‍🫯‍👨🏻,1F468-1F3FF-200D-1FAEF-200D-1F468-1F3FB,people-body,person-sport,"men wrestling: dark skin tone, light skin tone",,,Florian Nagel,2019-05-07,"5,1",multiple,🤼‍♂️,1F93C-200D-2642-FE0F,17,2955
👨🏿‍🫯‍👨🏼,1F468-1F3FF-200D-1FAEF-200D-1F468-1F3FC,people-body,person-sport,"men wrestling: dark skin tone, medium-light skin tone",,,Florian Nagel,2019-05-07,"5,2",multiple,🤼‍♂️,1F93C-200D-2642-FE0F,17,2956
👨🏿‍🫯‍👨🏽,1F468-1F3FF-200D-1FAEF-200D-1F468-1F3FD,people-body,person-sport,"men wrestling: dark skin tone, medium skin tone",,,Florian Nagel,2019-05-07,"5,3",multiple,🤼‍♂️,1F93C-200D-2642-FE0F,17,2957
👨🏿‍🫯‍👨🏾,1F468-1F3FF-200D-1FAEF-200D-1F468-1F3FE,people-body,person-sport,"men wrestling: dark skin tone, medium-dark skin tone",,,Florian Nagel,2019-05-07,"5,4",multiple,🤼‍♂️,1F93C-200D-2642-FE0F,17,2958
👩🏻‍🫯‍👩🏼,1F469-1F3FB-200D-1FAEF-200D-1F469-1F3FC,people-body,person-sport,"women wrestling: light skin tone, medium-light skin tone",,,Florian Nagel,2019-05-07,"1,2",multiple,🤼‍♀️,1F93C-200D-2640-FE0F,17,2959
👩🏻‍🫯‍👩🏽,1F469-1F3FB-200D-1FAEF-200D-1F469-1F3FD,people-body,person-sport,"women wrestling: light skin tone, medium skin tone",,,Florian Nagel,2019-05-07,"1,3",multiple,🤼‍♀️,1F93C-200D-2640-FE0F,17,2960
👩🏻‍🫯‍👩🏾,1F469-1F3FB-200D-1FAEF-200D-1F469-1F3FE,people-body,person-sport,"women wrestling: light skin tone, medium-dark skin tone",,,Florian Nagel,2019-05-07,"1,4",multiple,🤼‍♀️,1F93C-200D-2640-FE0F,17,2961
👩🏻‍🫯‍👩🏿,1F469-1F3FB-200D-1FAEF-200D-1F469-1F3FF,people-body,person-sport,"women wrestling: light skin tone, dark skin tone",,,Florian Nagel,2019-05-07,"1,5",multiple,🤼‍♀️,1F93C-200D-2640-FE0F,17,2962
👩🏼‍🫯‍👩🏻,1F469-1F3FC-200D-1FAEF-200D-1F469-1F3FB,people-body,person-sport,"women wrestling: medium-light skin tone, light skin tone",,,Florian Nagel,2019-05-07,"2,1",multiple,🤼‍♀️,1F93C-200D-2640-FE0F,17,2963
👩🏼‍🫯‍👩🏽,1F469-1F3FC-200D-1FAEF-200D-1F469-1F3FD,people-body,person-sport,"women wrestling: medium-light skin tone, medium skin tone",,,Florian Nagel,2019-05-07,"2,3",multiple,🤼‍♀️,1F93C-200D-2640-FE0F,17,2964
👩🏼‍🫯‍👩🏾,1F469-1F3FC-200D-1FAEF-200D-1F469-1F3FE,people-body,person-sport,"women wrestling: medium-light skin tone, medium-dark skin tone",,,Florian Nagel,2019-05-07,"2,4",multiple,🤼‍♀️,1F93C-200D-2640-FE0F,17,2965
👩🏼‍🫯‍👩🏿,1F469-1F3FC-200D-1FAEF-200D-1F469-1F3FF,people-body,person-sport,"women wrestling: medium-light skin tone, dark skin tone",,,Florian Nagel,2019-05-07,"2,5",multiple,🤼‍♀️,1F93C-200D-2640-FE0F,17,2966
👩🏽‍🫯‍👩🏻,1F469-1F3FD-200D-1FAEF-200D-1F469-1F3FB,people-body,person-sport,"women wrestling: medium skin tone, light skin tone",,,Florian Nagel,2019-05-07,"3,1",multiple,🤼‍♀️,1F93C-200D-2640-FE0F,17,2967
👩🏽‍🫯‍👩🏼,1F469-1F3FD-200D-1FAEF-200D-1F469-1F3FC,people-body,person-sport,"women wrestling: medium skin tone, medium-light skin tone",,,Florian Nagel,2019-05-07,"3,2",multiple,🤼‍♀️,1F93C-200D-2640-FE0F,17,2968
👩🏽‍🫯‍👩🏾,1F469-1F3FD-200D-1FAEF-200D-1F469-1F3FE,people-body,person-sport,"women wrestling: medium skin tone, medium-dark skin tone",,,Florian Nagel,2019-05-07,"3,4",multiple,🤼‍♀️,1F93C-200D-2640-FE0F,17,2969
👩🏽‍🫯‍👩🏿,1F469-1F3FD-200D-1FAEF-200D-1F469-1F3FF,people-body,person-sport,"women wrestling: medium skin tone, dark skin tone",,,Florian Nagel,2019-05-07,"3,5",multiple,🤼‍♀️,1F93C-200D-2640-FE0F,17,2970
👩🏾‍🫯‍👩🏻,1F469-1F3FE-200D-1FAEF-200D-1F469-1F3FB,people-body,person-sport,"women wrestling: medium-dark skin tone, light skin tone",,,Florian Nagel,2019-05-07,"4,1",multiple,🤼‍♀️,1F93C-200D-2640-FE0F,17,2971
👩🏾‍🫯‍👩🏼,1F469-1F3FE-200D-1FAEF-200D-1F469-1F3FC,people-body,person-sport,"women wrestling: medium-dark skin tone, medium-light skin tone",,,Florian Nagel,2019-05-07,"4,2",multiple,🤼‍♀️,1F93C-200D-2640-FE0F,17,2972
👩🏾‍🫯‍👩🏽,1F469-1F3FE-200D-1FAEF-200D-1F469-1F3FD,people-body,person-sport,"women wrestling: medium-dark skin tone, medium skin tone",,,Florian Nagel,2019-05-07,"4,3",multiple,🤼‍♀️,1F93C-200D-2640-FE0F,17,2973
👩🏾‍🫯‍👩🏿,1F469-1F3FE-200D-1FAEF-200D-1F469-1F3FF,people-body,person-sport,"women wrestling: medium-dark skin tone, dark skin tone",,,Florian Nagel,2019-05-07,"4,5",multiple,🤼‍♀️,1F93C-200D-2640-FE0F,17,2974
👩🏿‍🫯‍👩🏻,1F469-1F3FF-200D-1FAEF-200D-1F469-1F3FB,people-body,person-sport,"women wrestling: dark skin tone, light skin tone",,,Florian Nagel,2019-05-07,"5,1",multiple,🤼‍♀️,1F93C-200D-2640-FE0F,17,2975
👩🏿‍🫯‍👩🏼,1F469-1F3FF-200D-1FAEF-200D-1F469-1F3FC,people-body,person-sport,"women wrestling: dark skin tone, medium-light skin tone",,,Florian Nagel,2019-05-07,"5,2",multiple,🤼‍♀️,1F93C-200D-2640-FE0F,17,2976
👩🏿‍🫯‍👩🏽,1F469-1F3FF-200D-1FAEF-200D-1F469-1F3FD,people-body,person-sport,"women wrestling: dark skin tone, medium skin tone",,,Florian Nagel,2019-05-07,"5,3",multiple,🤼‍♀️,1F93C-200D-2640-FE0F,17,2977
👩🏿‍🫯‍👩🏾,1F469-1F3FF-200D-1FAEF-200D-1F469-1F3FE,people-body,person-sport,"women wrestling: dark skin tone, medium-dark skin tone",,,Florian Nagel,2019-05-07,"5,4",multiple,🤼‍♀️,1F93C-200D-2640-FE0F,17,2978
🤽,1F93D,people-body,person-sport,person playing water polo,"person, playing, polo, sport, swimming, water, waterpolo",sports,Johanna Wellnitz,2018-04-18,,single,🤽,1F93D,3,2979
🤽🏻,1F93D-1F3FB,people-body,person-sport,person playing water polo: light skin tone,,,Johanna Wellnitz,2018-04-18,1,single,🤽,1F93D,3,2980
🤽🏼,1F93D-1F3FC,people-body,person-sport,person playing water polo: medium-light skin tone,,,Johanna Wellnitz,2018-04-18,2,single,🤽,1F93D,3,2981
🤽🏽,1F93D-1F3FD,people-body,person-sport,person playing water polo: medium skin tone,,,Johanna Wellnitz,2018-04-18,3,single,🤽,1F93D,3,2982
🤽🏾,1F93D-1F3FE,people-body,person-sport,person playing water polo: medium-dark skin tone,,,Johanna Wellnitz,2018-04-18,4,single,🤽,1F93D,3,2983
🤽🏿,1F93D-1F3FF,people-body,person-sport,person playing water polo: dark skin tone,,,Johanna Wellnitz,2018-04-18,5,single,🤽,1F93D,3,2984
🤽‍♂️,1F93D-200D-2642-FE0F,people-body,person-sport,man playing water polo,"man, playing, polo, sport, swimming, water, waterpolo",,Florian Nagel,2019-05-07,,single,🤽‍♂️,1F93D-200D-2642-FE0F,4,2985
🤽🏻‍♂️,1F93D-1F3FB-200D-2642-FE0F,people-body,person-sport,man playing water polo: light skin tone,,,Florian Nagel,2019-05-07,1,single,🤽‍♂️,1F93D-200D-2642-FE0F,4,2987
🤽🏼‍♂️,1F93D-1F3FC-200D-2642-FE0F,people-body,person-sport,man playing water polo: medium-light skin tone,,,Florian Nagel,2019-05-07,2,single,🤽‍♂️,1F93D-200D-2642-FE0F,4,2989
🤽🏽‍♂️,1F93D-1F3FD-200D-2642-FE0F,people-body,person-sport,man playing water polo: medium skin tone,,,Florian Nagel,2019-05-07,3,single,🤽‍♂️,1F93D-200D-2642-FE0F,4,2991
🤽🏾‍♂️,1F93D-1F3FE-200D-2642-FE0F,people-body,person-sport,man playing water polo: medium-dark skin tone,,,Florian Nagel,2019-05-07,4,single,🤽‍♂️,1F93D-200D-2642-FE0F,4,2993
🤽🏿‍♂️,1F93D-1F3FF-200D-2642-FE0F,people-body,person-sport,man playing water polo: dark skin tone,,,Florian Nagel,2019-05-07,5,single,🤽‍♂️,1F93D-200D-2642-FE0F,4,2995
🤽‍♀️,1F93D-200D-2640-FE0F,people-body,person-sport,woman playing water polo,"playing, polo, sport, swimming, water, waterpolo, woman",,Florian Nagel,2019-05-07,,single,🤽‍♀️,1F93D-200D-2640-FE0F,4,2997
🤽🏻‍♀️,1F93D-1F3FB-200D-2640-FE0F,people-body,person-sport,woman playing water polo: light skin tone,,,Florian Nagel,2019-05-07,1,single,🤽‍♀️,1F93D-200D-2640-FE0F,4,2999
🤽🏼‍♀️,1F93D-1F3FC-200D-2640-FE0F,people-body,person-sport,woman playing water polo: medium-light skin tone,,,Florian Nagel,2019-05-07,2,single,🤽‍♀️,1F93D-200D-2640-FE0F,4,3001
🤽🏽‍♀️,1F93D-1F3FD-200D-2640-FE0F,people-body,person-sport,woman playing water polo: medium skin tone,,,Florian Nagel,2019-05-07,3,single,🤽‍♀️,1F93D-200D-2640-FE0F,4,3003
🤽🏾‍♀️,1F93D-1F3FE-200D-2640-FE0F,people-body,person-sport,woman playing water polo: medium-dark skin tone,,,Florian Nagel,2019-05-07,4,single,🤽‍♀️,1F93D-200D-2640-FE0F,4,3005
🤽🏿‍♀️,1F93D-1F3FF-200D-2640-FE0F,people-body,person-sport,woman playing water polo: dark skin tone,,,Florian Nagel,2019-05-07,5,single,🤽‍♀️,1F93D-200D-2640-FE0F,4,3007
🤾,1F93E,people-body,person-sport,person playing handball,"athletics, ball, catch, chuck, handball, hurl, lob, person, pitch, playing, sport, throw, toss","sports, indoor",Johanna Wellnitz,2018-04-18,,single,🤾,1F93E,3,3009
🤾🏻,1F93E-1F3FB,people-body,person-sport,person playing handball: light skin tone,,,Johanna Wellnitz,2018-04-18,1,single,🤾,1F93E,3,3010
🤾🏼,1F93E-1F3FC,people-body,person-sport,person playing handball: medium-light skin tone,,,Johanna Wellnitz,2018-04-18,2,single,🤾,1F93E,3,3011
🤾🏽,1F93E-1F3FD,people-body,person-sport,person playing handball: medium skin tone,,,Johanna Wellnitz,2018-04-18,3,single,🤾,1F93E,3,3012
🤾🏾,1F93E-1F3FE,people-body,person-sport,person playing handball: medium-dark skin tone,,,Johanna Wellnitz,2018-04-18,4,single,🤾,1F93E,3,3013
🤾🏿,1F93E-1F3FF,people-body,person-sport,person playing handball: dark skin tone,,,Johanna Wellnitz,2018-04-18,5,single,🤾,1F93E,3,3014
🤾‍♂️,1F93E-200D-2642-FE0F,people-body,person-sport,man playing handball,"athletics, ball, catch, chuck, handball, hurl, lob, man, pitch, playing, sport, throw, toss",,Florian Nagel,2019-05-07,,single,🤾‍♂️,1F93E-200D-2642-FE0F,4,3015
🤾🏻‍♂️,1F93E-1F3FB-200D-2642-FE0F,people-body,person-sport,man playing handball: light skin tone,,,Florian Nagel,2019-05-07,1,single,🤾‍♂️,1F93E-200D-2642-FE0F,4,3017
🤾🏼‍♂️,1F93E-1F3FC-200D-2642-FE0F,people-body,person-sport,man playing handball: medium-light skin tone,,,Florian Nagel,2019-05-07,2,single,🤾‍♂️,1F93E-200D-2642-FE0F,4,3019
🤾🏽‍♂️,1F93E-1F3FD-200D-2642-FE0F,people-body,person-sport,man playing handball: medium skin tone,,,Florian Nagel,2019-05-07,3,single,🤾‍♂️,1F93E-200D-2642-FE0F,4,3021
🤾🏾‍♂️,1F93E-1F3FE-200D-2642-FE0F,people-body,person-sport,man playing handball: medium-dark skin tone,,,Florian Nagel,2019-05-07,4,single,🤾‍♂️,1F93E-200D-2642-FE0F,4,3023
🤾🏿‍♂️,1F93E-1F3FF-200D-2642-FE0F,people-body,person-sport,man playing handball: dark skin tone,,,Florian Nagel,2019-05-07,5,single,🤾‍♂️,1F93E-200D-2642-FE0F,4,3025
🤾‍♀️,1F93E-200D-2640-FE0F,people-body,person-sport,woman playing handball,"athletics, ball, catch, chuck, handball, hurl, lob, pitch, playing, sport, throw, toss, woman",,Florian Nagel,2019-05-07,,single,🤾‍♀️,1F93E-200D-2640-FE0F,4,3027
🤾🏻‍♀️,1F93E-1F3FB-200D-2640-FE0F,people-body,person-sport,woman playing handball: light skin tone,,,Florian Nagel,2019-05-07,1,single,🤾‍♀️,1F93E-200D-2640-FE0F,4,3029
🤾🏼‍♀️,1F93E-1F3FC-200D-2640-FE0F,people-body,person-sport,woman playing handball: medium-light skin tone,,,Florian Nagel,2019-05-07,2,single,🤾‍♀️,1F93E-200D-2640-FE0F,4,3031
🤾🏽‍♀️,1F93E-1F3FD-200D-2640-FE0F,people-body,person-sport,woman playing handball: medium skin tone,,,Florian Nagel,2019-05-07,3,single,🤾‍♀️,1F93E-200D-2640-FE0F,4,3033
🤾🏾‍♀️,1F93E-1F3FE-200D-2640-FE0F,people-body,person-sport,woman playing handball: medium-dark skin tone,,,Florian Nagel,2019-05-07,4,single,🤾‍♀️,1F93E-200D-2640-FE0F,4,3035
🤾🏿‍♀️,1F93E-1F3FF-200D-2640-FE0F,people-body,person-sport,woman playing handball: dark skin tone,,,Florian Nagel,2019-05-07,5,single,🤾‍♀️,1F93E-200D-2640-FE0F,4,3037
🤹,1F939,people-body,person-sport,person juggling,"act, balance, balancing, handle, juggle, juggling, manage, multitask, person, skill",artist,Johanna Wellnitz,2018-04-18,,single,🤹,1F939,3,3039
🤹🏻,1F939-1F3FB,people-body,person-sport,person juggling: light skin tone,,,Johanna Wellnitz,2018-04-18,1,single,🤹,1F939,3,3040
🤹🏼,1F939-1F3FC,people-body,person-sport,person juggling: medium-light skin tone,,,Johanna Wellnitz,2018-04-18,2,single,🤹,1F939,3,3041
🤹🏽,1F939-1F3FD,people-body,person-sport,person juggling: medium skin tone,,,Johanna Wellnitz,2018-04-18,3,single,🤹,1F939,3,3042
🤹🏾,1F939-1F3FE,people-body,person-sport,person juggling: medium-dark skin tone,,,Johanna Wellnitz,2018-04-18,4,single,🤹,1F939,3,3043
🤹🏿,1F939-1F3FF,people-body,person-sport,person juggling: dark skin tone,,,Johanna Wellnitz,2018-04-18,5,single,🤹,1F939,3,3044
🤹‍♂️,1F939-200D-2642-FE0F,people-body,person-sport,man juggling,"act, balance, balancing, handle, juggle, juggling, man, manage, multitask, skill",,Florian Nagel,2019-05-07,,single,🤹‍♂️,1F939-200D-2642-FE0F,4,3045
🤹🏻‍♂️,1F939-1F3FB-200D-2642-FE0F,people-body,person-sport,man juggling: light skin tone,,,Florian Nagel,2019-05-07,1,single,🤹‍♂️,1F939-200D-2642-FE0F,4,3047
🤹🏼‍♂️,1F939-1F3FC-200D-2642-FE0F,people-body,person-sport,man juggling: medium-light skin tone,,,Florian Nagel,2019-05-07,2,single,🤹‍♂️,1F939-200D-2642-FE0F,4,3049
🤹🏽‍♂️,1F939-1F3FD-200D-2642-FE0F,people-body,person-sport,man juggling: medium skin tone,,,Florian Nagel,2019-05-07,3,single,🤹‍♂️,1F939-200D-2642-FE0F,4,3051
🤹🏾‍♂️,1F939-1F3FE-200D-2642-FE0F,people-body,person-sport,man juggling: medium-dark skin tone,,,Florian Nagel,2019-05-07,4,single,🤹‍♂️,1F939-200D-2642-FE0F,4,3053
🤹🏿‍♂️,1F939-1F3FF-200D-2642-FE0F,people-body,person-sport,man juggling: dark skin tone,,,Florian Nagel,2019-05-07,5,single,🤹‍♂️,1F939-200D-2642-FE0F,4,3055
🤹‍♀️,1F939-200D-2640-FE0F,people-body,person-sport,woman juggling,"act, balance, balancing, handle, juggle, juggling, manage, multitask, skill, woman",,Florian Nagel,2019-05-07,,single,🤹‍♀️,1F939-200D-2640-FE0F,4,3057
🤹🏻‍♀️,1F939-1F3FB-200D-2640-FE0F,people-body,person-sport,woman juggling: light skin tone,,,Florian Nagel,2019-05-07,1,single,🤹‍♀️,1F939-200D-2640-FE0F,4,3059
🤹🏼‍♀️,1F939-1F3FC-200D-2640-FE0F,people-body,person-sport,woman juggling: medium-light skin tone,,,Florian Nagel,2019-05-07,2,single,🤹‍♀️,1F939-200D-2640-FE0F,4,3061
🤹🏽‍♀️,1F939-1F3FD-200D-2640-FE0F,people-body,person-sport,woman juggling: medium skin tone,,,Florian Nagel,2019-05-07,3,single,🤹‍♀️,1F939-200D-2640-FE0F,4,3063
🤹🏾‍♀️,1F939-1F3FE-200D-2640-FE0F,people-body,person-sport,woman juggling: medium-dark skin tone,,,Florian Nagel,2019-05-07,4,single,🤹‍♀️,1F939-200D-2640-FE0F,4,3065
🤹🏿‍♀️,1F939-1F3FF-200D-2640-FE0F,people-body,person-sport,woman juggling: dark skin tone,,,Florian Nagel,2019-05-07,5,single,🤹‍♀️,1F939-200D-2640-FE0F,4,3067
🧘,1F9D8,people-body,person-resting,person in lotus position,"cross, legged, legs, lotus, meditation, peace, person, position, relax, serenity, yoga, yogi, zen","human, person, exercise",Johanna Wellnitz,2018-04-18,,single,🧘,1F9D8,5,3069
🧘🏻,1F9D8-1F3FB,people-body,person-resting,person in lotus position: light skin tone,,,Johanna Wellnitz,2018-04-18,1,single,🧘,1F9D8,5,3070
🧘🏼,1F9D8-1F3FC,people-body,person-resting,person in lotus position: medium-light skin tone,,,Johanna Wellnitz,2018-04-18,2,single,🧘,1F9D8,5,3071
🧘🏽,1F9D8-1F3FD,people-body,person-resting,person in lotus position: medium skin tone,,,Johanna Wellnitz,2018-04-18,3,single,🧘,1F9D8,5,3072
🧘🏾,1F9D8-1F3FE,people-body,person-resting,person in lotus position: medium-dark skin tone,,,Johanna Wellnitz,2018-04-18,4,single,🧘,1F9D8,5,3073
🧘🏿,1F9D8-1F3FF,people-body,person-resting,person in lotus position: dark skin tone,,,Johanna Wellnitz,2018-04-18,5,single,🧘,1F9D8,5,3074
🧘‍♂️,1F9D8-200D-2642-FE0F,people-body,person-resting,man in lotus position,"cross, legged, legs, lotus, man, meditation, peace, position, relax, serenity, yoga, yogi, zen",,Florian Nagel,2019-05-07,,single,🧘‍♂️,1F9D8-200D-2642-FE0F,5,3075
🧘🏻‍♂️,1F9D8-1F3FB-200D-2642-FE0F,people-body,person-resting,man in lotus position: light skin tone,,,Florian Nagel,2019-05-07,1,single,🧘‍♂️,1F9D8-200D-2642-FE0F,5,3077
🧘🏼‍♂️,1F9D8-1F3FC-200D-2642-FE0F,people-body,person-resting,man in lotus position: medium-light skin tone,,,Florian Nagel,2019-05-07,2,single,🧘‍♂️,1F9D8-200D-2642-FE0F,5,3079
🧘🏽‍♂️,1F9D8-1F3FD-200D-2642-FE0F,people-body,person-resting,man in lotus position: medium skin tone,,,Florian Nagel,2019-05-07,3,single,🧘‍♂️,1F9D8-200D-2642-FE0F,5,3081
🧘🏾‍♂️,1F9D8-1F3FE-200D-2642-FE0F,people-body,person-resting,man in lotus position: medium-dark skin tone,,,Florian Nagel,2019-05-07,4,single,🧘‍♂️,1F9D8-200D-2642-FE0F,5,3083
🧘🏿‍♂️,1F9D8-1F3FF-200D-2642-FE0F,people-body,person-resting,man in lotus position: dark skin tone,,,Florian Nagel,2019-05-07,5,single,🧘‍♂️,1F9D8-200D-2642-FE0F,5,3085
🧘‍♀️,1F9D8-200D-2640-FE0F,people-body,person-resting,woman in lotus position,"cross, legged, legs, lotus, meditation, peace, position, relax, serenity, woman, yoga, yogi, zen",,Florian Nagel,2019-05-07,,single,🧘‍♀️,1F9D8-200D-2640-FE0F,5,3087
🧘🏻‍♀️,1F9D8-1F3FB-200D-2640-FE0F,people-body,person-resting,woman in lotus position: light skin tone,,,Florian Nagel,2019-05-07,1,single,🧘‍♀️,1F9D8-200D-2640-FE0F,5,3089
🧘🏼‍♀️,1F9D8-1F3FC-200D-2640-FE0F,people-body,person-resting,woman in lotus position: medium-light skin tone,,,Florian Nagel,2019-05-07,2,single,🧘‍♀️,1F9D8-200D-2640-FE0F,5,3091
🧘🏽‍♀️,1F9D8-1F3FD-200D-2640-FE0F,people-body,person-resting,woman in lotus position: medium skin tone,,,Florian Nagel,2019-05-07,3,single,🧘‍♀️,1F9D8-200D-2640-FE0F,5,3093
🧘🏾‍♀️,1F9D8-1F3FE-200D-2640-FE0F,people-body,person-resting,woman in lotus position: medium-dark skin tone,,,Florian Nagel,2019-05-07,4,single,🧘‍♀️,1F9D8-200D-2640-FE0F,5,3095
🧘🏿‍♀️,1F9D8-1F3FF-200D-2640-FE0F,people-body,person-resting,woman in lotus position: dark skin tone,,,Florian Nagel,2019-05-07,5,single,🧘‍♀️,1F9D8-200D-2640-FE0F,5,3097
🛀,1F6C0,people-body,person-resting,person taking bath,"bath, bathtub, person, taking, tub",,Anne Frauendorf,2018-11-16,,single,🛀,1F6C0,0.6,3099
🛀🏻,1F6C0-1F3FB,people-body,person-resting,person taking bath: light skin tone,,,Anne Frauendorf,2018-11-16,1,single,🛀,1F6C0,1,3100
🛀🏼,1F6C0-1F3FC,people-body,person-resting,person taking bath: medium-light skin tone,,,Anne Frauendorf,2018-11-16,2,single,🛀,1F6C0,1,3101
🛀🏽,1F6C0-1F3FD,people-body,person-resting,person taking bath: medium skin tone,,,Anne Frauendorf,2018-11-16,3,single,🛀,1F6C0,1,3102
🛀🏾,1F6C0-1F3FE,people-body,person-resting,person taking bath: medium-dark skin tone,,,Anne Frauendorf,2018-11-16,4,single,🛀,1F6C0,1,3103
🛀🏿,1F6C0-1F3FF,people-body,person-resting,person taking bath: dark skin tone,,,Anne Frauendorf,2018-11-16,5,single,🛀,1F6C0,1,3104
🛌,1F6CC,people-body,person-resting,person in bed,"bed, bedtime, good, goodnight, hotel, nap, night, person, sleep, tired, zzz","human, person",Johanna Wellnitz,2018-04-18,,single,🛌,1F6CC,1,3105
🛌🏻,1F6CC-1F3FB,people-body,person-resting,person in bed: light skin tone,,,Johanna Wellnitz,2018-04-18,1,single,🛌,1F6CC,4,3106
🛌🏼,1F6CC-1F3FC,people-body,person-resting,person in bed: medium-light skin tone,,,Johanna Wellnitz,2018-04-18,2,single,🛌,1F6CC,4,3107
🛌🏽,1F6CC-1F3FD,people-body,person-resting,person in bed: medium skin tone,,,Johanna Wellnitz,2018-04-18,3,single,🛌,1F6CC,4,3108
🛌🏾,1F6CC-1F3FE,people-body,person-resting,person in bed: medium-dark skin tone,,,Johanna Wellnitz,2018-04-18,4,single,🛌,1F6CC,4,3109
🛌🏿,1F6CC-1F3FF,people-body,person-resting,person in bed: dark skin tone,,,Johanna Wellnitz,2018-04-18,5,single,🛌,1F6CC,4,3110
🧑‍🤝‍🧑,1F9D1-200D-1F91D-200D-1F9D1,people-body,family,people holding hands,"bae, bestie, bff, couple, dating, flirt, friends, hand, hold, people, twins",,Fanny Jung,2019-05-06,,single,🧑‍🤝‍🧑,1F9D1-200D-1F91D-200D-1F9D1,12,3111
🧑🏻‍🤝‍🧑🏻,1F9D1-1F3FB-200D-1F91D-200D-1F9D1-1F3FB,people-body,family,people holding hands: light skin tone,,,Fanny Jung,2019-05-06,1,single,🧑‍🤝‍🧑,1F9D1-200D-1F91D-200D-1F9D1,12,3112
🧑🏻‍🤝‍🧑🏼,1F9D1-1F3FB-200D-1F91D-200D-1F9D1-1F3FC,people-body,family,"people holding hands: light skin tone, medium-light skin tone",,,Fanny Jung,2019-05-06,"1,2",multiple,🧑‍🤝‍🧑,1F9D1-200D-1F91D-200D-1F9D1,12.1,3113
🧑🏻‍🤝‍🧑🏽,1F9D1-1F3FB-200D-1F91D-200D-1F9D1-1F3FD,people-body,family,"people holding hands: light skin tone, medium skin tone",,,Fanny Jung,2019-05-06,"1,3",multiple,🧑‍🤝‍🧑,1F9D1-200D-1F91D-200D-1F9D1,12.1,3114
🧑🏻‍🤝‍🧑🏾,1F9D1-1F3FB-200D-1F91D-200D-1F9D1-1F3FE,people-body,family,"people holding hands: light skin tone, medium-dark skin tone",,,Fanny Jung,2019-05-06,"1,4",multiple,🧑‍🤝‍🧑,1F9D1-200D-1F91D-200D-1F9D1,12.1,3115
🧑🏻‍🤝‍🧑🏿,1F9D1-1F3FB-200D-1F91D-200D-1F9D1-1F3FF,people-body,family,"people holding hands: light skin tone, dark skin tone",,,Fanny Jung,2019-05-06,"1,5",multiple,🧑‍🤝‍🧑,1F9D1-200D-1F91D-200D-1F9D1,12.1,3116
🧑🏼‍🤝‍🧑🏻,1F9D1-1F3FC-200D-1F91D-200D-1F9D1-1F3FB,people-body,family,"people holding hands: medium-light skin tone, light skin tone",,,Fanny Jung,2019-05-06,"2,1",multiple,🧑‍🤝‍🧑,1F9D1-200D-1F91D-200D-1F9D1,12,3117
🧑🏼‍🤝‍🧑🏼,1F9D1-1F3FC-200D-1F91D-200D-1F9D1-1F3FC,people-body,family,people holding hands: medium-light skin tone,,,Fanny Jung,2019-05-06,2,single,🧑‍🤝‍🧑,1F9D1-200D-1F91D-200D-1F9D1,12,3118
🧑🏼‍🤝‍🧑🏽,1F9D1-1F3FC-200D-1F91D-200D-1F9D1-1F3FD,people-body,family,"people holding hands: medium-light skin tone, medium skin tone",,,Fanny Jung,2019-05-06,"2,3",multiple,🧑‍🤝‍🧑,1F9D1-200D-1F91D-200D-1F9D1,12.1,3119
🧑🏼‍🤝‍🧑🏾,1F9D1-1F3FC-200D-1F91D-200D-1F9D1-1F3FE,people-body,family,"people holding hands: medium-light skin tone, medium-dark skin tone",,,Fanny Jung,2019-05-06,"2,4",multiple,🧑‍🤝‍🧑,1F9D1-200D-1F91D-200D-1F9D1,12.1,3120
🧑🏼‍🤝‍🧑🏿,1F9D1-1F3FC-200D-1F91D-200D-1F9D1-1F3FF,people-body,family,"people holding hands: medium-light skin tone, dark skin tone",,,Fanny Jung,2019-05-06,"2,5",multiple,🧑‍🤝‍🧑,1F9D1-200D-1F91D-200D-1F9D1,12.1,3121
🧑🏽‍🤝‍🧑🏻,1F9D1-1F3FD-200D-1F91D-200D-1F9D1-1F3FB,people-body,family,"people holding hands: medium skin tone, light skin tone",,,Fanny Jung,2019-05-06,"3,1",multiple,🧑‍🤝‍🧑,1F9D1-200D-1F91D-200D-1F9D1,12,3122
🧑🏽‍🤝‍🧑🏼,1F9D1-1F3FD-200D-1F91D-200D-1F9D1-1F3FC,people-body,family,"people holding hands: medium skin tone, medium-light skin tone",,,Fanny Jung,2019-05-06,"3,2",multiple,🧑‍🤝‍🧑,1F9D1-200D-1F91D-200D-1F9D1,12,3123
🧑🏽‍🤝‍🧑🏽,1F9D1-1F3FD-200D-1F91D-200D-1F9D1-1F3FD,people-body,family,people holding hands: medium skin tone,,,Fanny Jung,2019-05-06,3,single,🧑‍🤝‍🧑,1F9D1-200D-1F91D-200D-1F9D1,12,3124
🧑🏽‍🤝‍🧑🏾,1F9D1-1F3FD-200D-1F91D-200D-1F9D1-1F3FE,people-body,family,"people holding hands: medium skin tone, medium-dark skin tone",,,Fanny Jung,2019-05-06,"3,4",multiple,🧑‍🤝‍🧑,1F9D1-200D-1F91D-200D-1F9D1,12.1,3125
🧑🏽‍🤝‍🧑🏿,1F9D1-1F3FD-200D-1F91D-200D-1F9D1-1F3FF,people-body,family,"people holding hands: medium skin tone, dark skin tone",,,Fanny Jung,2019-05-06,"3,5",multiple,🧑‍🤝‍🧑,1F9D1-200D-1F91D-200D-1F9D1,12.1,3126
🧑🏾‍🤝‍🧑🏻,1F9D1-1F3FE-200D-1F91D-200D-1F9D1-1F3FB,people-body,family,"people holding hands: medium-dark skin tone, light skin tone",,,Fanny Jung,2019-05-06,"4,1",multiple,🧑‍🤝‍🧑,1F9D1-200D-1F91D-200D-1F9D1,12,3127
🧑🏾‍🤝‍🧑🏼,1F9D1-1F3FE-200D-1F91D-200D-1F9D1-1F3FC,people-body,family,"people holding hands: medium-dark skin tone, medium-light skin tone",,,Fanny Jung,2019-05-06,"4,2",multiple,🧑‍🤝‍🧑,1F9D1-200D-1F91D-200D-1F9D1,12,3128
🧑🏾‍🤝‍🧑🏽,1F9D1-1F3FE-200D-1F91D-200D-1F9D1-1F3FD,people-body,family,"people holding hands: medium-dark skin tone, medium skin tone",,,Fanny Jung,2019-05-06,"4,3",multiple,🧑‍🤝‍🧑,1F9D1-200D-1F91D-200D-1F9D1,12,3129
🧑🏾‍🤝‍🧑🏾,1F9D1-1F3FE-200D-1F91D-200D-1F9D1-1F3FE,people-body,family,people holding hands: medium-dark skin tone,,,Fanny Jung,2019-05-06,4,single,🧑‍🤝‍🧑,1F9D1-200D-1F91D-200D-1F9D1,12,3130
🧑🏾‍🤝‍🧑🏿,1F9D1-1F3FE-200D-1F91D-200D-1F9D1-1F3FF,people-body,family,"people holding hands: medium-dark skin tone, dark skin tone",,,Fanny Jung,2019-05-06,"4,5",multiple,🧑‍🤝‍🧑,1F9D1-200D-1F91D-200D-1F9D1,12.1,3131
🧑🏿‍🤝‍🧑🏻,1F9D1-1F3FF-200D-1F91D-200D-1F9D1-1F3FB,people-body,family,"people holding hands: dark skin tone, light skin tone",,,Fanny Jung,2019-05-06,"5,1",multiple,🧑‍🤝‍🧑,1F9D1-200D-1F91D-200D-1F9D1,12,3132
🧑🏿‍🤝‍🧑🏼,1F9D1-1F3FF-200D-1F91D-200D-1F9D1-1F3FC,people-body,family,"people holding hands: dark skin tone, medium-light skin tone",,,Fanny Jung,2019-05-06,"5,2",multiple,🧑‍🤝‍🧑,1F9D1-200D-1F91D-200D-1F9D1,12,3133
🧑🏿‍🤝‍🧑🏽,1F9D1-1F3FF-200D-1F91D-200D-1F9D1-1F3FD,people-body,family,"people holding hands: dark skin tone, medium skin tone",,,Fanny Jung,2019-05-06,"5,3",multiple,🧑‍🤝‍🧑,1F9D1-200D-1F91D-200D-1F9D1,12,3134
🧑🏿‍🤝‍🧑🏾,1F9D1-1F3FF-200D-1F91D-200D-1F9D1-1F3FE,people-body,family,"people holding hands: dark skin tone, medium-dark skin tone",,,Fanny Jung,2019-05-06,"5,4",multiple,🧑‍🤝‍🧑,1F9D1-200D-1F91D-200D-1F9D1,12,3135
🧑🏿‍🤝‍🧑🏿,1F9D1-1F3FF-200D-1F91D-200D-1F9D1-1F3FF,people-body,family,people holding hands: dark skin tone,,,Fanny Jung,2019-05-06,5,single,🧑‍🤝‍🧑,1F9D1-200D-1F91D-200D-1F9D1,12,3136
👭,1F46D,people-body,family,women holding hands,"bae, bestie, bff, couple, dating, flirt, friends, girls, hand, hold, sisters, twins, women","together, girlfriend, lesbian, homosexual",Lisa Schulz,2018-04-18,,single,👭,1F46D,1,3137
👭🏻,1F46D-1F3FB,people-body,family,women holding hands: light skin tone,,,Lisa Schulz,2018-04-18,1,single,👭,1F46D,12,3138
👩🏻‍🤝‍👩🏼,1F469-1F3FB-200D-1F91D-200D-1F469-1F3FC,people-body,family,"women holding hands: light skin tone, medium-light skin tone",,,Lisa Schulz,2018-04-18,"1,2",multiple,👭,1F46D,12.1,3139
👩🏻‍🤝‍👩🏽,1F469-1F3FB-200D-1F91D-200D-1F469-1F3FD,people-body,family,"women holding hands: light skin tone, medium skin tone",,,Lisa Schulz,2018-04-18,"1,3",multiple,👭,1F46D,12.1,3140
👩🏻‍🤝‍👩🏾,1F469-1F3FB-200D-1F91D-200D-1F469-1F3FE,people-body,family,"women holding hands: light skin tone, medium-dark skin tone",,,Lisa Schulz,2018-04-18,"1,4",multiple,👭,1F46D,12.1,3141
👩🏻‍🤝‍👩🏿,1F469-1F3FB-200D-1F91D-200D-1F469-1F3FF,people-body,family,"women holding hands: light skin tone, dark skin tone",,,Lisa Schulz,2018-04-18,"1,5",multiple,👭,1F46D,12.1,3142
👩🏼‍🤝‍👩🏻,1F469-1F3FC-200D-1F91D-200D-1F469-1F3FB,people-body,family,"women holding hands: medium-light skin tone, light skin tone",,,Lisa Schulz,2018-04-18,"2,1",multiple,👭,1F46D,12,3143
👭🏼,1F46D-1F3FC,people-body,family,women holding hands: medium-light skin tone,,,Lisa Schulz,2018-04-18,2,single,👭,1F46D,12,3144
👩🏼‍🤝‍👩🏽,1F469-1F3FC-200D-1F91D-200D-1F469-1F3FD,people-body,family,"women holding hands: medium-light skin tone, medium skin tone",,,Lisa Schulz,2018-04-18,"2,3",multiple,👭,1F46D,12.1,3145
👩🏼‍🤝‍👩🏾,1F469-1F3FC-200D-1F91D-200D-1F469-1F3FE,people-body,family,"women holding hands: medium-light skin tone, medium-dark skin tone",,,Lisa Schulz,2018-04-18,"2,4",multiple,👭,1F46D,12.1,3146
👩🏼‍🤝‍👩🏿,1F469-1F3FC-200D-1F91D-200D-1F469-1F3FF,people-body,family,"women holding hands: medium-light skin tone, dark skin tone",,,Lisa Schulz,2018-04-18,"2,5",multiple,👭,1F46D,12.1,3147
👩🏽‍🤝‍👩🏻,1F469-1F3FD-200D-1F91D-200D-1F469-1F3FB,people-body,family,"women holding hands: medium skin tone, light skin tone",,,Lisa Schulz,2018-04-18,"3,1",multiple,👭,1F46D,12,3148
👩🏽‍🤝‍👩🏼,1F469-1F3FD-200D-1F91D-200D-1F469-1F3FC,people-body,family,"women holding hands: medium skin tone, medium-light skin tone",,,Lisa Schulz,2018-04-18,"3,2",multiple,👭,1F46D,12,3149
👭🏽,1F46D-1F3FD,people-body,family,women holding hands: medium skin tone,,,Lisa Schulz,2018-04-18,3,single,👭,1F46D,12,3150
👩🏽‍🤝‍👩🏾,1F469-1F3FD-200D-1F91D-200D-1F469-1F3FE,people-body,family,"women holding hands: medium skin tone, medium-dark skin tone",,,Lisa Schulz,2018-04-18,"3,4",multiple,👭,1F46D,12.1,3151
👩🏽‍🤝‍👩🏿,1F469-1F3FD-200D-1F91D-200D-1F469-1F3FF,people-body,family,"women holding hands: medium skin tone, dark skin tone",,,Lisa Schulz,2018-04-18,"3,5",multiple,👭,1F46D,12.1,3152
👩🏾‍🤝‍👩🏻,1F469-1F3FE-200D-1F91D-200D-1F469-1F3FB,people-body,family,"women holding hands: medium-dark skin tone, light skin tone",,,Lisa Schulz,2018-04-18,"4,1",multiple,👭,1F46D,12,3153
👩🏾‍🤝‍👩🏼,1F469-1F3FE-200D-1F91D-200D-1F469-1F3FC,people-body,family,"women holding hands: medium-dark skin tone, medium-light skin tone",,,Lisa Schulz,2018-04-18,"4,2",multiple,👭,1F46D,12,3154
👩🏾‍🤝‍👩🏽,1F469-1F3FE-200D-1F91D-200D-1F469-1F3FD,people-body,family,"women holding hands: medium-dark skin tone, medium skin tone",,,Lisa Schulz,2018-04-18,"4,3",multiple,👭,1F46D,12,3155
👭🏾,1F46D-1F3FE,people-body,family,women holding hands: medium-dark skin tone,,,Lisa Schulz,2018-04-18,4,single,👭,1F46D,12,3156
👩🏾‍🤝‍👩🏿,1F469-1F3FE-200D-1F91D-200D-1F469-1F3FF,people-body,family,"women holding hands: medium-dark skin tone, dark skin tone",,,Lisa Schulz,2018-04-18,"4,5",multiple,👭,1F46D,12.1,3157
👩🏿‍🤝‍👩🏻,1F469-1F3FF-200D-1F91D-200D-1F469-1F3FB,people-body,family,"women holding hands: dark skin tone, light skin tone",,,Lisa Schulz,2018-04-18,"5,1",multiple,👭,1F46D,12,3158
👩🏿‍🤝‍👩🏼,1F469-1F3FF-200D-1F91D-200D-1F469-1F3FC,people-body,family,"women holding hands: dark skin tone, medium-light skin tone",,,Lisa Schulz,2018-04-18,"5,2",multiple,👭,1F46D,12,3159
👩🏿‍🤝‍👩🏽,1F469-1F3FF-200D-1F91D-200D-1F469-1F3FD,people-body,family,"women holding hands: dark skin tone, medium skin tone",,,Lisa Schulz,2018-04-18,"5,3",multiple,👭,1F46D,12,3160
👩🏿‍🤝‍👩🏾,1F469-1F3FF-200D-1F91D-200D-1F469-1F3FE,people-body,family,"women holding hands: dark skin tone, medium-dark skin tone",,,Lisa Schulz,2018-04-18,"5,4",multiple,👭,1F46D,12,3161
👭🏿,1F46D-1F3FF,people-body,family,women holding hands: dark skin tone,,,Lisa Schulz,2018-04-18,5,single,👭,1F46D,12,3162
👫,1F46B,people-body,family,woman and man holding hands,"bae, bestie, bff, couple, dating, flirt, friends, hand, hold, man, twins, woman","together, heterosexual, straight",Lisa Schulz,2018-04-18,,single,👫,1F46B,0.6,3163
👫🏻,1F46B-1F3FB,people-body,family,woman and man holding hands: light skin tone,,,Lisa Schulz,2018-04-18,1,single,👫,1F46B,12,3164
👩🏻‍🤝‍👨🏼,1F469-1F3FB-200D-1F91D-200D-1F468-1F3FC,people-body,family,"woman and man holding hands: light skin tone, medium-light skin tone",,,Lisa Schulz,2018-04-18,"1,2",multiple,👫,1F46B,12,3165
👩🏻‍🤝‍👨🏽,1F469-1F3FB-200D-1F91D-200D-1F468-1F3FD,people-body,family,"woman and man holding hands: light skin tone, medium skin tone",,,Lisa Schulz,2018-04-18,"1,3",multiple,👫,1F46B,12,3166
👩🏻‍🤝‍👨🏾,1F469-1F3FB-200D-1F91D-200D-1F468-1F3FE,people-body,family,"woman and man holding hands: light skin tone, medium-dark skin tone",,,Lisa Schulz,2018-04-18,"1,4",multiple,👫,1F46B,12,3167
👩🏻‍🤝‍👨🏿,1F469-1F3FB-200D-1F91D-200D-1F468-1F3FF,people-body,family,"woman and man holding hands: light skin tone, dark skin tone",,,Lisa Schulz,2018-04-18,"1,5",multiple,👫,1F46B,12,3168
👩🏼‍🤝‍👨🏻,1F469-1F3FC-200D-1F91D-200D-1F468-1F3FB,people-body,family,"woman and man holding hands: medium-light skin tone, light skin tone",,,Lisa Schulz,2018-04-18,"2,1",multiple,👫,1F46B,12,3169
👫🏼,1F46B-1F3FC,people-body,family,woman and man holding hands: medium-light skin tone,,,Lisa Schulz,2018-04-18,2,single,👫,1F46B,12,3170
👩🏼‍🤝‍👨🏽,1F469-1F3FC-200D-1F91D-200D-1F468-1F3FD,people-body,family,"woman and man holding hands: medium-light skin tone, medium skin tone",,,Lisa Schulz,2018-04-18,"2,3",multiple,👫,1F46B,12,3171
👩🏼‍🤝‍👨🏾,1F469-1F3FC-200D-1F91D-200D-1F468-1F3FE,people-body,family,"woman and man holding hands: medium-light skin tone, medium-dark skin tone",,,Lisa Schulz,2018-04-18,"2,4",multiple,👫,1F46B,12,3172
👩🏼‍🤝‍👨🏿,1F469-1F3FC-200D-1F91D-200D-1F468-1F3FF,people-body,family,"woman and man holding hands: medium-light skin tone, dark skin tone",,,Lisa Schulz,2018-04-18,"2,5",multiple,👫,1F46B,12,3173
👩🏽‍🤝‍👨🏻,1F469-1F3FD-200D-1F91D-200D-1F468-1F3FB,people-body,family,"woman and man holding hands: medium skin tone, light skin tone",,,Lisa Schulz,2018-04-18,"3,1",multiple,👫,1F46B,12,3174
👩🏽‍🤝‍👨🏼,1F469-1F3FD-200D-1F91D-200D-1F468-1F3FC,people-body,family,"woman and man holding hands: medium skin tone, medium-light skin tone",,,Lisa Schulz,2018-04-18,"3,2",multiple,👫,1F46B,12,3175
👫🏽,1F46B-1F3FD,people-body,family,woman and man holding hands: medium skin tone,,,Lisa Schulz,2018-04-18,3,single,👫,1F46B,12,3176
👩🏽‍🤝‍👨🏾,1F469-1F3FD-200D-1F91D-200D-1F468-1F3FE,people-body,family,"woman and man holding hands: medium skin tone, medium-dark skin tone",,,Lisa Schulz,2018-04-18,"3,4",multiple,👫,1F46B,12,3177
👩🏽‍🤝‍👨🏿,1F469-1F3FD-200D-1F91D-200D-1F468-1F3FF,people-body,family,"woman and man holding hands: medium skin tone, dark skin tone",,,Lisa Schulz,2018-04-18,"3,5",multiple,👫,1F46B,12,3178
👩🏾‍🤝‍👨🏻,1F469-1F3FE-200D-1F91D-200D-1F468-1F3FB,people-body,family,"woman and man holding hands: medium-dark skin tone, light skin tone",,,Lisa Schulz,2018-04-18,"4,1",multiple,👫,1F46B,12,3179
👩🏾‍🤝‍👨🏼,1F469-1F3FE-200D-1F91D-200D-1F468-1F3FC,people-body,family,"woman and man holding hands: medium-dark skin tone, medium-light skin tone",,,Lisa Schulz,2018-04-18,"4,2",multiple,👫,1F46B,12,3180
👩🏾‍🤝‍👨🏽,1F469-1F3FE-200D-1F91D-200D-1F468-1F3FD,people-body,family,"woman and man holding hands: medium-dark skin tone, medium skin tone",,,Lisa Schulz,2018-04-18,"4,3",multiple,👫,1F46B,12,3181
👫🏾,1F46B-1F3FE,people-body,family,woman and man holding hands: medium-dark skin tone,,,Lisa Schulz,2018-04-18,4,single,👫,1F46B,12,3182
👩🏾‍🤝‍👨🏿,1F469-1F3FE-200D-1F91D-200D-1F468-1F3FF,people-body,family,"woman and man holding hands: medium-dark skin tone, dark skin tone",,,Lisa Schulz,2018-04-18,"4,5",multiple,👫,1F46B,12,3183
👩🏿‍🤝‍👨🏻,1F469-1F3FF-200D-1F91D-200D-1F468-1F3FB,people-body,family,"woman and man holding hands: dark skin tone, light skin tone",,,Lisa Schulz,2018-04-18,"5,1",multiple,👫,1F46B,12,3184
👩🏿‍🤝‍👨🏼,1F469-1F3FF-200D-1F91D-200D-1F468-1F3FC,people-body,family,"woman and man holding hands: dark skin tone, medium-light skin tone",,,Lisa Schulz,2018-04-18,"5,2",multiple,👫,1F46B,12,3185
👩🏿‍🤝‍👨🏽,1F469-1F3FF-200D-1F91D-200D-1F468-1F3FD,people-body,family,"woman and man holding hands: dark skin tone, medium skin tone",,,Lisa Schulz,2018-04-18,"5,3",multiple,👫,1F46B,12,3186
👩🏿‍🤝‍👨🏾,1F469-1F3FF-200D-1F91D-200D-1F468-1F3FE,people-body,family,"woman and man holding hands: dark skin tone, medium-dark skin tone",,,Lisa Schulz,2018-04-18,"5,4",multiple,👫,1F46B,12,3187
👫🏿,1F46B-1F3FF,people-body,family,woman and man holding hands: dark skin tone,,,Lisa Schulz,2018-04-18,5,single,👫,1F46B,12,3188
👬,1F46C,people-body,family,men holding hands,"bae, bestie, bff, boys, brothers, couple, dating, flirt, friends, hand, hold, men, twins","together, gay, homosexual",Lisa Schulz,2018-04-18,,single,👬,1F46C,1,3189
👬🏻,1F46C-1F3FB,people-body,family,men holding hands: light skin tone,,,Lisa Schulz,2018-04-18,1,single,👬,1F46C,12,3190
👨🏻‍🤝‍👨🏼,1F468-1F3FB-200D-1F91D-200D-1F468-1F3FC,people-body,family,"men holding hands: light skin tone, medium-light skin tone",,,Lisa Schulz,2018-04-18,"1,2",multiple,👬,1F46C,12.1,3191
👨🏻‍🤝‍👨🏽,1F468-1F3FB-200D-1F91D-200D-1F468-1F3FD,people-body,family,"men holding hands: light skin tone, medium skin tone",,,Lisa Schulz,2018-04-18,"1,3",multiple,👬,1F46C,12.1,3192
👨🏻‍🤝‍👨🏾,1F468-1F3FB-200D-1F91D-200D-1F468-1F3FE,people-body,family,"men holding hands: light skin tone, medium-dark skin tone",,,Lisa Schulz,2018-04-18,"1,4",multiple,👬,1F46C,12.1,3193
👨🏻‍🤝‍👨🏿,1F468-1F3FB-200D-1F91D-200D-1F468-1F3FF,people-body,family,"men holding hands: light skin tone, dark skin tone",,,Lisa Schulz,2018-04-18,"1,5",multiple,👬,1F46C,12.1,3194
👨🏼‍🤝‍👨🏻,1F468-1F3FC-200D-1F91D-200D-1F468-1F3FB,people-body,family,"men holding hands: medium-light skin tone, light skin tone",,,Lisa Schulz,2018-04-18,"2,1",multiple,👬,1F46C,12,3195
👬🏼,1F46C-1F3FC,people-body,family,men holding hands: medium-light skin tone,,,Lisa Schulz,2018-04-18,2,single,👬,1F46C,12,3196
👨🏼‍🤝‍👨🏽,1F468-1F3FC-200D-1F91D-200D-1F468-1F3FD,people-body,family,"men holding hands: medium-light skin tone, medium skin tone",,,Lisa Schulz,2018-04-18,"2,3",multiple,👬,1F46C,12.1,3197
👨🏼‍🤝‍👨🏾,1F468-1F3FC-200D-1F91D-200D-1F468-1F3FE,people-body,family,"men holding hands: medium-light skin tone, medium-dark skin tone",,,Lisa Schulz,2018-04-18,"2,4",multiple,👬,1F46C,12.1,3198
👨🏼‍🤝‍👨🏿,1F468-1F3FC-200D-1F91D-200D-1F468-1F3FF,people-body,family,"men holding hands: medium-light skin tone, dark skin tone",,,Lisa Schulz,2018-04-18,"2,5",multiple,👬,1F46C,12.1,3199
👨🏽‍🤝‍👨🏻,1F468-1F3FD-200D-1F91D-200D-1F468-1F3FB,people-body,family,"men holding hands: medium skin tone, light skin tone",,,Lisa Schulz,2018-04-18,"3,1",multiple,👬,1F46C,12,3200
👨🏽‍🤝‍👨🏼,1F468-1F3FD-200D-1F91D-200D-1F468-1F3FC,people-body,family,"men holding hands: medium skin tone, medium-light skin tone",,,Lisa Schulz,2018-04-18,"3,2",multiple,👬,1F46C,12,3201
👬🏽,1F46C-1F3FD,people-body,family,men holding hands: medium skin tone,,,Lisa Schulz,2018-04-18,3,single,👬,1F46C,12,3202
👨🏽‍🤝‍👨🏾,1F468-1F3FD-200D-1F91D-200D-1F468-1F3FE,people-body,family,"men holding hands: medium skin tone, medium-dark skin tone",,,Lisa Schulz,2018-04-18,"3,4",multiple,👬,1F46C,12.1,3203
👨🏽‍🤝‍👨🏿,1F468-1F3FD-200D-1F91D-200D-1F468-1F3FF,people-body,family,"men holding hands: medium skin tone, dark skin tone",,,Lisa Schulz,2018-04-18,"3,5",multiple,👬,1F46C,12.1,3204
👨🏾‍🤝‍👨🏻,1F468-1F3FE-200D-1F91D-200D-1F468-1F3FB,people-body,family,"men holding hands: medium-dark skin tone, light skin tone",,,Lisa Schulz,2018-04-18,"4,1",multiple,👬,1F46C,12,3205
👨🏾‍🤝‍👨🏼,1F468-1F3FE-200D-1F91D-200D-1F468-1F3FC,people-body,family,"men holding hands: medium-dark skin tone, medium-light skin tone",,,Lisa Schulz,2018-04-18,"4,2",multiple,👬,1F46C,12,3206
👨🏾‍🤝‍👨🏽,1F468-1F3FE-200D-1F91D-200D-1F468-1F3FD,people-body,family,"men holding hands: medium-dark skin tone, medium skin tone",,,Lisa Schulz,2018-04-18,"4,3",multiple,👬,1F46C,12,3207
👬🏾,1F46C-1F3FE,people-body,family,men holding hands: medium-dark skin tone,,,Lisa Schulz,2018-04-18,4,single,👬,1F46C,12,3208
👨🏾‍🤝‍👨🏿,1F468-1F3FE-200D-1F91D-200D-1F468-1F3FF,people-body,family,"men holding hands: medium-dark skin tone, dark skin tone",,,Lisa Schulz,2018-04-18,"4,5",multiple,👬,1F46C,12.1,3209
👨🏿‍🤝‍👨🏻,1F468-1F3FF-200D-1F91D-200D-1F468-1F3FB,people-body,family,"men holding hands: dark skin tone, light skin tone",,,Lisa Schulz,2018-04-18,"5,1",multiple,👬,1F46C,12,3210
👨🏿‍🤝‍👨🏼,1F468-1F3FF-200D-1F91D-200D-1F468-1F3FC,people-body,family,"men holding hands: dark skin tone, medium-light skin tone",,,Lisa Schulz,2018-04-18,"5,2",multiple,👬,1F46C,12,3211
👨🏿‍🤝‍👨🏽,1F468-1F3FF-200D-1F91D-200D-1F468-1F3FD,people-body,family,"men holding hands: dark skin tone, medium skin tone",,,Lisa Schulz,2018-04-18,"5,3",multiple,👬,1F46C,12,3212
👨🏿‍🤝‍👨🏾,1F468-1F3FF-200D-1F91D-200D-1F468-1F3FE,people-body,family,"men holding hands: dark skin tone, medium-dark skin tone",,,Lisa Schulz,2018-04-18,"5,4",multiple,👬,1F46C,12,3213
👬🏿,1F46C-1F3FF,people-body,family,men holding hands: dark skin tone,,,Lisa Schulz,2018-04-18,5,single,👬,1F46C,12,3214
💏,1F48F,people-body,family,kiss,"anniversary, babe, bae, couple, date, dating, heart, love, mwah, person, romance, together, xoxo","man, woman, face, kiss, boy, girl",Lisa Schulz,2018-04-18,,single,💏,1F48F,0.6,3215
💏🏻,1F48F-1F3FB,people-body,family,kiss: light skin tone,,,Lisa Schulz,2018-04-18,1,single,💏,1F48F,13.1,3216
💏🏼,1F48F-1F3FC,people-body,family,kiss: medium-light skin tone,,,Lisa Schulz,2018-04-18,2,single,💏,1F48F,13.1,3217
💏🏽,1F48F-1F3FD,people-body,family,kiss: medium skin tone,,,Lisa Schulz,2018-04-18,3,single,💏,1F48F,13.1,3218
💏🏾,1F48F-1F3FE,people-body,family,kiss: medium-dark skin tone,,,Lisa Schulz,2018-04-18,4,single,💏,1F48F,13.1,3219
💏🏿,1F48F-1F3FF,people-body,family,kiss: dark skin tone,,,Lisa Schulz,2018-04-18,5,single,💏,1F48F,13.1,3220
🧑🏻‍❤️‍💋‍🧑🏼,1F9D1-1F3FB-200D-2764-FE0F-200D-1F48B-200D-1F9D1-1F3FC,people-body,family,"kiss: person, person, light skin tone, medium-light skin tone",,,Lisa Schulz,2018-04-18,"1,2",multiple,💏,1F48F,13.1,3221
🧑🏻‍❤️‍💋‍🧑🏽,1F9D1-1F3FB-200D-2764-FE0F-200D-1F48B-200D-1F9D1-1F3FD,people-body,family,"kiss: person, person, light skin tone, medium skin tone",,,Lisa Schulz,2018-04-18,"1,3",multiple,💏,1F48F,13.1,3223
🧑🏻‍❤️‍💋‍🧑🏾,1F9D1-1F3FB-200D-2764-FE0F-200D-1F48B-200D-1F9D1-1F3FE,people-body,family,"kiss: person, person, light skin tone, medium-dark skin tone",,,Lisa Schulz,2018-04-18,"1,4",multiple,💏,1F48F,13.1,3225
🧑🏻‍❤️‍💋‍🧑🏿,1F9D1-1F3FB-200D-2764-FE0F-200D-1F48B-200D-1F9D1-1F3FF,people-body,family,"kiss: person, person, light skin tone, dark skin tone",,,Lisa Schulz,2018-04-18,"1,5",multiple,💏,1F48F,13.1,3227
🧑🏼‍❤️‍💋‍🧑🏻,1F9D1-1F3FC-200D-2764-FE0F-200D-1F48B-200D-1F9D1-1F3FB,people-body,family,"kiss: person, person, medium-light skin tone, light skin tone",,,Lisa Schulz,2018-04-18,"2,1",multiple,💏,1F48F,13.1,3229
🧑🏼‍❤️‍💋‍🧑🏽,1F9D1-1F3FC-200D-2764-FE0F-200D-1F48B-200D-1F9D1-1F3FD,people-body,family,"kiss: person, person, medium-light skin tone, medium skin tone",,,Lisa Schulz,2018-04-18,"2,3",multiple,💏,1F48F,13.1,3231
🧑🏼‍❤️‍💋‍🧑🏾,1F9D1-1F3FC-200D-2764-FE0F-200D-1F48B-200D-1F9D1-1F3FE,people-body,family,"kiss: person, person, medium-light skin tone, medium-dark skin tone",,,Lisa Schulz,2018-04-18,"2,4",multiple,💏,1F48F,13.1,3233
🧑🏼‍❤️‍💋‍🧑🏿,1F9D1-1F3FC-200D-2764-FE0F-200D-1F48B-200D-1F9D1-1F3FF,people-body,family,"kiss: person, person, medium-light skin tone, dark skin tone",,,Lisa Schulz,2018-04-18,"2,5",multiple,💏,1F48F,13.1,3235
🧑🏽‍❤️‍💋‍🧑🏻,1F9D1-1F3FD-200D-2764-FE0F-200D-1F48B-200D-1F9D1-1F3FB,people-body,family,"kiss: person, person, medium skin tone, light skin tone",,,Lisa Schulz,2018-04-18,"3,1",multiple,💏,1F48F,13.1,3237
🧑🏽‍❤️‍💋‍🧑🏼,1F9D1-1F3FD-200D-2764-FE0F-200D-1F48B-200D-1F9D1-1F3FC,people-body,family,"kiss: person, person, medium skin tone, medium-light skin tone",,,Lisa Schulz,2018-04-18,"3,2",multiple,💏,1F48F,13.1,3239
🧑🏽‍❤️‍💋‍🧑🏾,1F9D1-1F3FD-200D-2764-FE0F-200D-1F48B-200D-1F9D1-1F3FE,people-body,family,"kiss: person, person, medium skin tone, medium-dark skin tone",,,Lisa Schulz,2018-04-18,"3,4",multiple,💏,1F48F,13.1,3241
🧑🏽‍❤️‍💋‍🧑🏿,1F9D1-1F3FD-200D-2764-FE0F-200D-1F48B-200D-1F9D1-1F3FF,people-body,family,"kiss: person, person, medium skin tone, dark skin tone",,,Lisa Schulz,2018-04-18,"3,5",multiple,💏,1F48F,13.1,3243
🧑🏾‍❤️‍💋‍🧑🏻,1F9D1-1F3FE-200D-2764-FE0F-200D-1F48B-200D-1F9D1-1F3FB,people-body,family,"kiss: person, person, medium-dark skin tone, light skin tone",,,Lisa Schulz,2018-04-18,"4,1",multiple,💏,1F48F,13.1,3245
🧑🏾‍❤️‍💋‍🧑🏼,1F9D1-1F3FE-200D-2764-FE0F-200D-1F48B-200D-1F9D1-1F3FC,people-body,family,"kiss: person, person, medium-dark skin tone, medium-light skin tone",,,Lisa Schulz,2018-04-18,"4,2",multiple,💏,1F48F,13.1,3247
🧑🏾‍❤️‍💋‍🧑🏽,1F9D1-1F3FE-200D-2764-FE0F-200D-1F48B-200D-1F9D1-1F3FD,people-body,family,"kiss: person, person, medium-dark skin tone, medium skin tone",,,Lisa Schulz,2018-04-18,"4,3",multiple,💏,1F48F,13.1,3249
🧑🏾‍❤️‍💋‍🧑🏿,1F9D1-1F3FE-200D-2764-FE0F-200D-1F48B-200D-1F9D1-1F3FF,people-body,family,"kiss: person, person, medium-dark skin tone, dark skin tone",,,Lisa Schulz,2018-04-18,"4,5",multiple,💏,1F48F,13.1,3251
🧑🏿‍❤️‍💋‍🧑🏻,1F9D1-1F3FF-200D-2764-FE0F-200D-1F48B-200D-1F9D1-1F3FB,people-body,family,"kiss: person, person, dark skin tone, light skin tone",,,Lisa Schulz,2018-04-18,"5,1",multiple,💏,1F48F,13.1,3253
🧑🏿‍❤️‍💋‍🧑🏼,1F9D1-1F3FF-200D-2764-FE0F-200D-1F48B-200D-1F9D1-1F3FC,people-body,family,"kiss: person, person, dark skin tone, medium-light skin tone",,,Lisa Schulz,2018-04-18,"5,2",multiple,💏,1F48F,13.1,3255
🧑🏿‍❤️‍💋‍🧑🏽,1F9D1-1F3FF-200D-2764-FE0F-200D-1F48B-200D-1F9D1-1F3FD,people-body,family,"kiss: person, person, dark skin tone, medium skin tone",,,Lisa Schulz,2018-04-18,"5,3",multiple,💏,1F48F,13.1,3257
🧑🏿‍❤️‍💋‍🧑🏾,1F9D1-1F3FF-200D-2764-FE0F-200D-1F48B-200D-1F9D1-1F3FE,people-body,family,"kiss: person, person, dark skin tone, medium-dark skin tone",,,Lisa Schulz,2018-04-18,"5,4",multiple,💏,1F48F,13.1,3259
👩‍❤️‍💋‍👨,1F469-200D-2764-FE0F-200D-1F48B-200D-1F468,people-body,family,"kiss: woman, man","anniversary, babe, bae, couple, date, dating, heart, kiss, love, man, mwah, person, romance, together, woman, xoxo",,Lisa Schulz,2018-04-18,,single,👩‍❤️‍💋‍👨,1F469-200D-2764-FE0F-200D-1F48B-200D-1F468,2,3261
👩🏻‍❤️‍💋‍👨🏻,1F469-1F3FB-200D-2764-FE0F-200D-1F48B-200D-1F468-1F3FB,people-body,family,"kiss: woman, man, light skin tone",,,Lisa Schulz,2018-04-18,1,single,👩‍❤️‍💋‍👨,1F469-200D-2764-FE0F-200D-1F48B-200D-1F468,13.1,3263
👩🏻‍❤️‍💋‍👨🏼,1F469-1F3FB-200D-2764-FE0F-200D-1F48B-200D-1F468-1F3FC,people-body,family,"kiss: woman, man, light skin tone, medium-light skin tone",,,Lisa Schulz,2018-04-18,"1,2",multiple,👩‍❤️‍💋‍👨,1F469-200D-2764-FE0F-200D-1F48B-200D-1F468,13.1,3265
👩🏻‍❤️‍💋‍👨🏽,1F469-1F3FB-200D-2764-FE0F-200D-1F48B-200D-1F468-1F3FD,people-body,family,"kiss: woman, man, light skin tone, medium skin tone",,,Lisa Schulz,2018-04-18,"1,3",multiple,👩‍❤️‍💋‍👨,1F469-200D-2764-FE0F-200D-1F48B-200D-1F468,13.1,3267
👩🏻‍❤️‍💋‍👨🏾,1F469-1F3FB-200D-2764-FE0F-200D-1F48B-200D-1F468-1F3FE,people-body,family,"kiss: woman, man, light skin tone, medium-dark skin tone",,,Lisa Schulz,2018-04-18,"1,4",multiple,👩‍❤️‍💋‍👨,1F469-200D-2764-FE0F-200D-1F48B-200D-1F468,13.1,3269
👩🏻‍❤️‍💋‍👨🏿,1F469-1F3FB-200D-2764-FE0F-200D-1F48B-200D-1F468-1F3FF,people-body,family,"kiss: woman, man, light skin tone, dark skin tone",,,Lisa Schulz,2018-04-18,"1,5",multiple,👩‍❤️‍💋‍👨,1F469-200D-2764-FE0F-200D-1F48B-200D-1F468,13.1,3271
👩🏼‍❤️‍💋‍👨🏻,1F469-1F3FC-200D-2764-FE0F-200D-1F48B-200D-1F468-1F3FB,people-body,family,"kiss: woman, man, medium-light skin tone, light skin tone",,,Lisa Schulz,2018-04-18,"2,1",multiple,👩‍❤️‍💋‍👨,1F469-200D-2764-FE0F-200D-1F48B-200D-1F468,13.1,3273
👩🏼‍❤️‍💋‍👨🏼,1F469-1F3FC-200D-2764-FE0F-200D-1F48B-200D-1F468-1F3FC,people-body,family,"kiss: woman, man, medium-light skin tone",,,Lisa Schulz,2018-04-18,2,single,👩‍❤️‍💋‍👨,1F469-200D-2764-FE0F-200D-1F48B-200D-1F468,13.1,3275
👩🏼‍❤️‍💋‍👨🏽,1F469-1F3FC-200D-2764-FE0F-200D-1F48B-200D-1F468-1F3FD,people-body,family,"kiss: woman, man, medium-light skin tone, medium skin tone",,,Lisa Schulz,2018-04-18,"2,3",multiple,👩‍❤️‍💋‍👨,1F469-200D-2764-FE0F-200D-1F48B-200D-1F468,13.1,3277
👩🏼‍❤️‍💋‍👨🏾,1F469-1F3FC-200D-2764-FE0F-200D-1F48B-200D-1F468-1F3FE,people-body,family,"kiss: woman, man, medium-light skin tone, medium-dark skin tone",,,Lisa Schulz,2018-04-18,"2,4",multiple,👩‍❤️‍💋‍👨,1F469-200D-2764-FE0F-200D-1F48B-200D-1F468,13.1,3279
👩🏼‍❤️‍💋‍👨🏿,1F469-1F3FC-200D-2764-FE0F-200D-1F48B-200D-1F468-1F3FF,people-body,family,"kiss: woman, man, medium-light skin tone, dark skin tone",,,Lisa Schulz,2018-04-18,"2,5",multiple,👩‍❤️‍💋‍👨,1F469-200D-2764-FE0F-200D-1F48B-200D-1F468,13.1,3281
👩🏽‍❤️‍💋‍👨🏻,1F469-1F3FD-200D-2764-FE0F-200D-1F48B-200D-1F468-1F3FB,people-body,family,"kiss: woman, man, medium skin tone, light skin tone",,,Lisa Schulz,2018-04-18,"3,1",multiple,👩‍❤️‍💋‍👨,1F469-200D-2764-FE0F-200D-1F48B-200D-1F468,13.1,3283
👩🏽‍❤️‍💋‍👨🏼,1F469-1F3FD-200D-2764-FE0F-200D-1F48B-200D-1F468-1F3FC,people-body,family,"kiss: woman, man, medium skin tone, medium-light skin tone",,,Lisa Schulz,2018-04-18,"3,2",multiple,👩‍❤️‍💋‍👨,1F469-200D-2764-FE0F-200D-1F48B-200D-1F468,13.1,3285
👩🏽‍❤️‍💋‍👨🏽,1F469-1F3FD-200D-2764-FE0F-200D-1F48B-200D-1F468-1F3FD,people-body,family,"kiss: woman, man, medium skin tone",,,Lisa Schulz,2018-04-18,3,single,👩‍❤️‍💋‍👨,1F469-200D-2764-FE0F-200D-1F48B-200D-1F468,13.1,3287
👩🏽‍❤️‍💋‍👨🏾,1F469-1F3FD-200D-2764-FE0F-200D-1F48B-200D-1F468-1F3FE,people-body,family,"kiss: woman, man, medium skin tone, medium-dark skin tone",,,Lisa Schulz,2018-04-18,"3,4",multiple,👩‍❤️‍💋‍👨,1F469-200D-2764-FE0F-200D-1F48B-200D-1F468,13.1,3289
👩🏽‍❤️‍💋‍👨🏿,1F469-1F3FD-200D-2764-FE0F-200D-1F48B-200D-1F468-1F3FF,people-body,family,"kiss: woman, man, medium skin tone, dark skin tone",,,Lisa Schulz,2018-04-18,"3,5",multiple,👩‍❤️‍💋‍👨,1F469-200D-2764-FE0F-200D-1F48B-200D-1F468,13.1,3291
👩🏾‍❤️‍💋‍👨🏻,1F469-1F3FE-200D-2764-FE0F-200D-1F48B-200D-1F468-1F3FB,people-body,family,"kiss: woman, man, medium-dark skin tone, light skin tone",,,Lisa Schulz,2018-04-18,"4,1",multiple,👩‍❤️‍💋‍👨,1F469-200D-2764-FE0F-200D-1F48B-200D-1F468,13.1,3293
👩🏾‍❤️‍💋‍👨🏼,1F469-1F3FE-200D-2764-FE0F-200D-1F48B-200D-1F468-1F3FC,people-body,family,"kiss: woman, man, medium-dark skin tone, medium-light skin tone",,,Lisa Schulz,2018-04-18,"4,2",multiple,👩‍❤️‍💋‍👨,1F469-200D-2764-FE0F-200D-1F48B-200D-1F468,13.1,3295
👩🏾‍❤️‍💋‍👨🏽,1F469-1F3FE-200D-2764-FE0F-200D-1F48B-200D-1F468-1F3FD,people-body,family,"kiss: woman, man, medium-dark skin tone, medium skin tone",,,Lisa Schulz,2018-04-18,"4,3",multiple,👩‍❤️‍💋‍👨,1F469-200D-2764-FE0F-200D-1F48B-200D-1F468,13.1,3297
👩🏾‍❤️‍💋‍👨🏾,1F469-1F3FE-200D-2764-FE0F-200D-1F48B-200D-1F468-1F3FE,people-body,family,"kiss: woman, man, medium-dark skin tone",,,Lisa Schulz,2018-04-18,4,single,👩‍❤️‍💋‍👨,1F469-200D-2764-FE0F-200D-1F48B-200D-1F468,13.1,3299
👩🏾‍❤️‍💋‍👨🏿,1F469-1F3FE-200D-2764-FE0F-200D-1F48B-200D-1F468-1F3FF,people-body,family,"kiss: woman, man, medium-dark skin tone, dark skin tone",,,Lisa Schulz,2018-04-18,"4,5",multiple,👩‍❤️‍💋‍👨,1F469-200D-2764-FE0F-200D-1F48B-200D-1F468,13.1,3301
👩🏿‍❤️‍💋‍👨🏻,1F469-1F3FF-200D-2764-FE0F-200D-1F48B-200D-1F468-1F3FB,people-body,family,"kiss: woman, man, dark skin tone, light skin tone",,,Lisa Schulz,2018-04-18,"5,1",multiple,👩‍❤️‍💋‍👨,1F469-200D-2764-FE0F-200D-1F48B-200D-1F468,13.1,3303
👩🏿‍❤️‍💋‍👨🏼,1F469-1F3FF-200D-2764-FE0F-200D-1F48B-200D-1F468-1F3FC,people-body,family,"kiss: woman, man, dark skin tone, medium-light skin tone",,,Lisa Schulz,2018-04-18,"5,2",multiple,👩‍❤️‍💋‍👨,1F469-200D-2764-FE0F-200D-1F48B-200D-1F468,13.1,3305
👩🏿‍❤️‍💋‍👨🏽,1F469-1F3FF-200D-2764-FE0F-200D-1F48B-200D-1F468-1F3FD,people-body,family,"kiss: woman, man, dark skin tone, medium skin tone",,,Lisa Schulz,2018-04-18,"5,3",multiple,👩‍❤️‍💋‍👨,1F469-200D-2764-FE0F-200D-1F48B-200D-1F468,13.1,3307
👩🏿‍❤️‍💋‍👨🏾,1F469-1F3FF-200D-2764-FE0F-200D-1F48B-200D-1F468-1F3FE,people-body,family,"kiss: woman, man, dark skin tone, medium-dark skin tone",,,Lisa Schulz,2018-04-18,"5,4",multiple,👩‍❤️‍💋‍👨,1F469-200D-2764-FE0F-200D-1F48B-200D-1F468,13.1,3309
👩🏿‍❤️‍💋‍👨🏿,1F469-1F3FF-200D-2764-FE0F-200D-1F48B-200D-1F468-1F3FF,people-body,family,"kiss: woman, man, dark skin tone",,,Lisa Schulz,2018-04-18,5,single,👩‍❤️‍💋‍👨,1F469-200D-2764-FE0F-200D-1F48B-200D-1F468,13.1,3311
👨‍❤️‍💋‍👨,1F468-200D-2764-FE0F-200D-1F48B-200D-1F468,people-body,family,"kiss: man, man","anniversary, babe, bae, couple, date, dating, heart, kiss, love, man, mwah, person, romance, together, xoxo",gay,Lisa Schulz,2018-04-18,,single,👨‍❤️‍💋‍👨,1F468-200D-2764-FE0F-200D-1F48B-200D-1F468,2,3313
👨🏻‍❤️‍💋‍👨🏻,1F468-1F3FB-200D-2764-FE0F-200D-1F48B-200D-1F468-1F3FB,people-body,family,"kiss: man, man, light skin tone",,,Lisa Schulz,2018-04-18,1,single,👨‍❤️‍💋‍👨,1F468-200D-2764-FE0F-200D-1F48B-200D-1F468,13.1,3315
👨🏻‍❤️‍💋‍👨🏼,1F468-1F3FB-200D-2764-FE0F-200D-1F48B-200D-1F468-1F3FC,people-body,family,"kiss: man, man, light skin tone, medium-light skin tone",,,Lisa Schulz,2018-04-18,"1,2",multiple,👨‍❤️‍💋‍👨,1F468-200D-2764-FE0F-200D-1F48B-200D-1F468,13.1,3317
👨🏻‍❤️‍💋‍👨🏽,1F468-1F3FB-200D-2764-FE0F-200D-1F48B-200D-1F468-1F3FD,people-body,family,"kiss: man, man, light skin tone, medium skin tone",,,Lisa Schulz,2018-04-18,"1,3",multiple,👨‍❤️‍💋‍👨,1F468-200D-2764-FE0F-200D-1F48B-200D-1F468,13.1,3319
👨🏻‍❤️‍💋‍👨🏾,1F468-1F3FB-200D-2764-FE0F-200D-1F48B-200D-1F468-1F3FE,people-body,family,"kiss: man, man, light skin tone, medium-dark skin tone",,,Lisa Schulz,2018-04-18,"1,4",multiple,👨‍❤️‍💋‍👨,1F468-200D-2764-FE0F-200D-1F48B-200D-1F468,13.1,3321
👨🏻‍❤️‍💋‍👨🏿,1F468-1F3FB-200D-2764-FE0F-200D-1F48B-200D-1F468-1F3FF,people-body,family,"kiss: man, man, light skin tone, dark skin tone",,,Lisa Schulz,2018-04-18,"1,5",multiple,👨‍❤️‍💋‍👨,1F468-200D-2764-FE0F-200D-1F48B-200D-1F468,13.1,3323
👨🏼‍❤️‍💋‍👨🏻,1F468-1F3FC-200D-2764-FE0F-200D-1F48B-200D-1F468-1F3FB,people-body,family,"kiss: man, man, medium-light skin tone, light skin tone",,,Lisa Schulz,2018-04-18,"2,1",multiple,👨‍❤️‍💋‍👨,1F468-200D-2764-FE0F-200D-1F48B-200D-1F468,13.1,3325
👨🏼‍❤️‍💋‍👨🏼,1F468-1F3FC-200D-2764-FE0F-200D-1F48B-200D-1F468-1F3FC,people-body,family,"kiss: man, man, medium-light skin tone",,,Lisa Schulz,2018-04-18,2,single,👨‍❤️‍💋‍👨,1F468-200D-2764-FE0F-200D-1F48B-200D-1F468,13.1,3327
👨🏼‍❤️‍💋‍👨🏽,1F468-1F3FC-200D-2764-FE0F-200D-1F48B-200D-1F468-1F3FD,people-body,family,"kiss: man, man, medium-light skin tone, medium skin tone",,,Lisa Schulz,2018-04-18,"2,3",multiple,👨‍❤️‍💋‍👨,1F468-200D-2764-FE0F-200D-1F48B-200D-1F468,13.1,3329
👨🏼‍❤️‍💋‍👨🏾,1F468-1F3FC-200D-2764-FE0F-200D-1F48B-200D-1F468-1F3FE,people-body,family,"kiss: man, man, medium-light skin tone, medium-dark skin tone",,,Lisa Schulz,2018-04-18,"2,4",multiple,👨‍❤️‍💋‍👨,1F468-200D-2764-FE0F-200D-1F48B-200D-1F468,13.1,3331
👨🏼‍❤️‍💋‍👨🏿,1F468-1F3FC-200D-2764-FE0F-200D-1F48B-200D-1F468-1F3FF,people-body,family,"kiss: man, man, medium-light skin tone, dark skin tone",,,Lisa Schulz,2018-04-18,"2,5",multiple,👨‍❤️‍💋‍👨,1F468-200D-2764-FE0F-200D-1F48B-200D-1F468,13.1,3333
👨🏽‍❤️‍💋‍👨🏻,1F468-1F3FD-200D-2764-FE0F-200D-1F48B-200D-1F468-1F3FB,people-body,family,"kiss: man, man, medium skin tone, light skin tone",,,Lisa Schulz,2018-04-18,"3,1",multiple,👨‍❤️‍💋‍👨,1F468-200D-2764-FE0F-200D-1F48B-200D-1F468,13.1,3335
👨🏽‍❤️‍💋‍👨🏼,1F468-1F3FD-200D-2764-FE0F-200D-1F48B-200D-1F468-1F3FC,people-body,family,"kiss: man, man, medium skin tone, medium-light skin tone",,,Lisa Schulz,2018-04-18,"3,2",multiple,👨‍❤️‍💋‍👨,1F468-200D-2764-FE0F-200D-1F48B-200D-1F468,13.1,3337
👨🏽‍❤️‍💋‍👨🏽,1F468-1F3FD-200D-2764-FE0F-200D-1F48B-200D-1F468-1F3FD,people-body,family,"kiss: man, man, medium skin tone",,,Lisa Schulz,2018-04-18,3,single,👨‍❤️‍💋‍👨,1F468-200D-2764-FE0F-200D-1F48B-200D-1F468,13.1,3339
👨🏽‍❤️‍💋‍👨🏾,1F468-1F3FD-200D-2764-FE0F-200D-1F48B-200D-1F468-1F3FE,people-body,family,"kiss: man, man, medium skin tone, medium-dark skin tone",,,Lisa Schulz,2018-04-18,"3,4",multiple,👨‍❤️‍💋‍👨,1F468-200D-2764-FE0F-200D-1F48B-200D-1F468,13.1,3341
👨🏽‍❤️‍💋‍👨🏿,1F468-1F3FD-200D-2764-FE0F-200D-1F48B-200D-1F468-1F3FF,people-body,family,"kiss: man, man, medium skin tone, dark skin tone",,,Lisa Schulz,2018-04-18,"3,5",multiple,👨‍❤️‍💋‍👨,1F468-200D-2764-FE0F-200D-1F48B-200D-1F468,13.1,3343
👨🏾‍❤️‍💋‍👨🏻,1F468-1F3FE-200D-2764-FE0F-200D-1F48B-200D-1F468-1F3FB,people-body,family,"kiss: man, man, medium-dark skin tone, light skin tone",,,Lisa Schulz,2018-04-18,"4,1",multiple,👨‍❤️‍💋‍👨,1F468-200D-2764-FE0F-200D-1F48B-200D-1F468,13.1,3345
👨🏾‍❤️‍💋‍👨🏼,1F468-1F3FE-200D-2764-FE0F-200D-1F48B-200D-1F468-1F3FC,people-body,family,"kiss: man, man, medium-dark skin tone, medium-light skin tone",,,Lisa Schulz,2018-04-18,"4,2",multiple,👨‍❤️‍💋‍👨,1F468-200D-2764-FE0F-200D-1F48B-200D-1F468,13.1,3347
👨🏾‍❤️‍💋‍👨🏽,1F468-1F3FE-200D-2764-FE0F-200D-1F48B-200D-1F468-1F3FD,people-body,family,"kiss: man, man, medium-dark skin tone, medium skin tone",,,Lisa Schulz,2018-04-18,"4,3",multiple,👨‍❤️‍💋‍👨,1F468-200D-2764-FE0F-200D-1F48B-200D-1F468,13.1,3349
👨🏾‍❤️‍💋‍👨🏾,1F468-1F3FE-200D-2764-FE0F-200D-1F48B-200D-1F468-1F3FE,people-body,family,"kiss: man, man, medium-dark skin tone",,,Lisa Schulz,2018-04-18,4,single,👨‍❤️‍💋‍👨,1F468-200D-2764-FE0F-200D-1F48B-200D-1F468,13.1,3351
👨🏾‍❤️‍💋‍👨🏿,1F468-1F3FE-200D-2764-FE0F-200D-1F48B-200D-1F468-1F3FF,people-body,family,"kiss: man, man, medium-dark skin tone, dark skin tone",,,Lisa Schulz,2018-04-18,"4,5",multiple,👨‍❤️‍💋‍👨,1F468-200D-2764-FE0F-200D-1F48B-200D-1F468,13.1,3353
👨🏿‍❤️‍💋‍👨🏻,1F468-1F3FF-200D-2764-FE0F-200D-1F48B-200D-1F468-1F3FB,people-body,family,"kiss: man, man, dark skin tone, light skin tone",,,Lisa Schulz,2018-04-18,"5,1",multiple,👨‍❤️‍💋‍👨,1F468-200D-2764-FE0F-200D-1F48B-200D-1F468,13.1,3355
👨🏿‍❤️‍💋‍👨🏼,1F468-1F3FF-200D-2764-FE0F-200D-1F48B-200D-1F468-1F3FC,people-body,family,"kiss: man, man, dark skin tone, medium-light skin tone",,,Lisa Schulz,2018-04-18,"5,2",multiple,👨‍❤️‍💋‍👨,1F468-200D-2764-FE0F-200D-1F48B-200D-1F468,13.1,3357
👨🏿‍❤️‍💋‍👨🏽,1F468-1F3FF-200D-2764-FE0F-200D-1F48B-200D-1F468-1F3FD,people-body,family,"kiss: man, man, dark skin tone, medium skin tone",,,Lisa Schulz,2018-04-18,"5,3",multiple,👨‍❤️‍💋‍👨,1F468-200D-2764-FE0F-200D-1F48B-200D-1F468,13.1,3359
👨🏿‍❤️‍💋‍👨🏾,1F468-1F3FF-200D-2764-FE0F-200D-1F48B-200D-1F468-1F3FE,people-body,family,"kiss: man, man, dark skin tone, medium-dark skin tone",,,Lisa Schulz,2018-04-18,"5,4",multiple,👨‍❤️‍💋‍👨,1F468-200D-2764-FE0F-200D-1F48B-200D-1F468,13.1,3361
👨🏿‍❤️‍💋‍👨🏿,1F468-1F3FF-200D-2764-FE0F-200D-1F48B-200D-1F468-1F3FF,people-body,family,"kiss: man, man, dark skin tone",,,Lisa Schulz,2018-04-18,5,single,👨‍❤️‍💋‍👨,1F468-200D-2764-FE0F-200D-1F48B-200D-1F468,13.1,3363
👩‍❤️‍💋‍👩,1F469-200D-2764-FE0F-200D-1F48B-200D-1F469,people-body,family,"kiss: woman, woman","anniversary, babe, bae, couple, date, dating, heart, kiss, love, mwah, person, romance, together, woman, xoxo","lesbian, girlfriend",Lisa Schulz,2018-04-18,,single,👩‍❤️‍💋‍👩,1F469-200D-2764-FE0F-200D-1F48B-200D-1F469,2,3365
👩🏻‍❤️‍💋‍👩🏻,1F469-1F3FB-200D-2764-FE0F-200D-1F48B-200D-1F469-1F3FB,people-body,family,"kiss: woman, woman, light skin tone",,,Lisa Schulz,2018-04-18,1,single,👩‍❤️‍💋‍👩,1F469-200D-2764-FE0F-200D-1F48B-200D-1F469,13.1,3367
👩🏻‍❤️‍💋‍👩🏼,1F469-1F3FB-200D-2764-FE0F-200D-1F48B-200D-1F469-1F3FC,people-body,family,"kiss: woman, woman, light skin tone, medium-light skin tone",,,Lisa Schulz,2018-04-18,"1,2",multiple,👩‍❤️‍💋‍👩,1F469-200D-2764-FE0F-200D-1F48B-200D-1F469,13.1,3369
👩🏻‍❤️‍💋‍👩🏽,1F469-1F3FB-200D-2764-FE0F-200D-1F48B-200D-1F469-1F3FD,people-body,family,"kiss: woman, woman, light skin tone, medium skin tone",,,Lisa Schulz,2018-04-18,"1,3",multiple,👩‍❤️‍💋‍👩,1F469-200D-2764-FE0F-200D-1F48B-200D-1F469,13.1,3371
👩🏻‍❤️‍💋‍👩🏾,1F469-1F3FB-200D-2764-FE0F-200D-1F48B-200D-1F469-1F3FE,people-body,family,"kiss: woman, woman, light skin tone, medium-dark skin tone",,,Lisa Schulz,2018-04-18,"1,4",multiple,👩‍❤️‍💋‍👩,1F469-200D-2764-FE0F-200D-1F48B-200D-1F469,13.1,3373
👩🏻‍❤️‍💋‍👩🏿,1F469-1F3FB-200D-2764-FE0F-200D-1F48B-200D-1F469-1F3FF,people-body,family,"kiss: woman, woman, light skin tone, dark skin tone",,,Lisa Schulz,2018-04-18,"1,5",multiple,👩‍❤️‍💋‍👩,1F469-200D-2764-FE0F-200D-1F48B-200D-1F469,13.1,3375
👩🏼‍❤️‍💋‍👩🏻,1F469-1F3FC-200D-2764-FE0F-200D-1F48B-200D-1F469-1F3FB,people-body,family,"kiss: woman, woman, medium-light skin tone, light skin tone",,,Lisa Schulz,2018-04-18,"2,1",multiple,👩‍❤️‍💋‍👩,1F469-200D-2764-FE0F-200D-1F48B-200D-1F469,13.1,3377
👩🏼‍❤️‍💋‍👩🏼,1F469-1F3FC-200D-2764-FE0F-200D-1F48B-200D-1F469-1F3FC,people-body,family,"kiss: woman, woman, medium-light skin tone",,,Lisa Schulz,2018-04-18,2,single,👩‍❤️‍💋‍👩,1F469-200D-2764-FE0F-200D-1F48B-200D-1F469,13.1,3379
👩🏼‍❤️‍💋‍👩🏽,1F469-1F3FC-200D-2764-FE0F-200D-1F48B-200D-1F469-1F3FD,people-body,family,"kiss: woman, woman, medium-light skin tone, medium skin tone",,,Lisa Schulz,2018-04-18,"2,3",multiple,👩‍❤️‍💋‍👩,1F469-200D-2764-FE0F-200D-1F48B-200D-1F469,13.1,3381
👩🏼‍❤️‍💋‍👩🏾,1F469-1F3FC-200D-2764-FE0F-200D-1F48B-200D-1F469-1F3FE,people-body,family,"kiss: woman, woman, medium-light skin tone, medium-dark skin tone",,,Lisa Schulz,2018-04-18,"2,4",multiple,👩‍❤️‍💋‍👩,1F469-200D-2764-FE0F-200D-1F48B-200D-1F469,13.1,3383
👩🏼‍❤️‍💋‍👩🏿,1F469-1F3FC-200D-2764-FE0F-200D-1F48B-200D-1F469-1F3FF,people-body,family,"kiss: woman, woman, medium-light skin tone, dark skin tone",,,Lisa Schulz,2018-04-18,"2,5",multiple,👩‍❤️‍💋‍👩,1F469-200D-2764-FE0F-200D-1F48B-200D-1F469,13.1,3385
👩🏽‍❤️‍💋‍👩🏻,1F469-1F3FD-200D-2764-FE0F-200D-1F48B-200D-1F469-1F3FB,people-body,family,"kiss: woman, woman, medium skin tone, light skin tone",,,Lisa Schulz,2018-04-18,"3,1",multiple,👩‍❤️‍💋‍👩,1F469-200D-2764-FE0F-200D-1F48B-200D-1F469,13.1,3387
👩🏽‍❤️‍💋‍👩🏼,1F469-1F3FD-200D-2764-FE0F-200D-1F48B-200D-1F469-1F3FC,people-body,family,"kiss: woman, woman, medium skin tone, medium-light skin tone",,,Lisa Schulz,2018-04-18,"3,2",multiple,👩‍❤️‍💋‍👩,1F469-200D-2764-FE0F-200D-1F48B-200D-1F469,13.1,3389
👩🏽‍❤️‍💋‍👩🏽,1F469-1F3FD-200D-2764-FE0F-200D-1F48B-200D-1F469-1F3FD,people-body,family,"kiss: woman, woman, medium skin tone",,,Lisa Schulz,2018-04-18,3,single,👩‍❤️‍💋‍👩,1F469-200D-2764-FE0F-200D-1F48B-200D-1F469,13.1,3391
👩🏽‍❤️‍💋‍👩🏾,1F469-1F3FD-200D-2764-FE0F-200D-1F48B-200D-1F469-1F3FE,people-body,family,"kiss: woman, woman, medium skin tone, medium-dark skin tone",,,Lisa Schulz,2018-04-18,"3,4",multiple,👩‍❤️‍💋‍👩,1F469-200D-2764-FE0F-200D-1F48B-200D-1F469,13.1,3393
👩🏽‍❤️‍💋‍👩🏿,1F469-1F3FD-200D-2764-FE0F-200D-1F48B-200D-1F469-1F3FF,people-body,family,"kiss: woman, woman, medium skin tone, dark skin tone",,,Lisa Schulz,2018-04-18,"3,5",multiple,👩‍❤️‍💋‍👩,1F469-200D-2764-FE0F-200D-1F48B-200D-1F469,13.1,3395
👩🏾‍❤️‍💋‍👩🏻,1F469-1F3FE-200D-2764-FE0F-200D-1F48B-200D-1F469-1F3FB,people-body,family,"kiss: woman, woman, medium-dark skin tone, light skin tone",,,Lisa Schulz,2018-04-18,"4,1",multiple,👩‍❤️‍💋‍👩,1F469-200D-2764-FE0F-200D-1F48B-200D-1F469,13.1,3397
👩🏾‍❤️‍💋‍👩🏼,1F469-1F3FE-200D-2764-FE0F-200D-1F48B-200D-1F469-1F3FC,people-body,family,"kiss: woman, woman, medium-dark skin tone, medium-light skin tone",,,Lisa Schulz,2018-04-18,"4,2",multiple,👩‍❤️‍💋‍👩,1F469-200D-2764-FE0F-200D-1F48B-200D-1F469,13.1,3399
👩🏾‍❤️‍💋‍👩🏽,1F469-1F3FE-200D-2764-FE0F-200D-1F48B-200D-1F469-1F3FD,people-body,family,"kiss: woman, woman, medium-dark skin tone, medium skin tone",,,Lisa Schulz,2018-04-18,"4,3",multiple,👩‍❤️‍💋‍👩,1F469-200D-2764-FE0F-200D-1F48B-200D-1F469,13.1,3401
👩🏾‍❤️‍💋‍👩🏾,1F469-1F3FE-200D-2764-FE0F-200D-1F48B-200D-1F469-1F3FE,people-body,family,"kiss: woman, woman, medium-dark skin tone",,,Lisa Schulz,2018-04-18,4,single,👩‍❤️‍💋‍👩,1F469-200D-2764-FE0F-200D-1F48B-200D-1F469,13.1,3403
👩🏾‍❤️‍💋‍👩🏿,1F469-1F3FE-200D-2764-FE0F-200D-1F48B-200D-1F469-1F3FF,people-body,family,"kiss: woman, woman, medium-dark skin tone, dark skin tone",,,Lisa Schulz,2018-04-18,"4,5",multiple,👩‍❤️‍💋‍👩,1F469-200D-2764-FE0F-200D-1F48B-200D-1F469,13.1,3405
👩🏿‍❤️‍💋‍👩🏻,1F469-1F3FF-200D-2764-FE0F-200D-1F48B-200D-1F469-1F3FB,people-body,family,"kiss: woman, woman, dark skin tone, light skin tone",,,Lisa Schulz,2018-04-18,"5,1",multiple,👩‍❤️‍💋‍👩,1F469-200D-2764-FE0F-200D-1F48B-200D-1F469,13.1,3407
👩🏿‍❤️‍💋‍👩🏼,1F469-1F3FF-200D-2764-FE0F-200D-1F48B-200D-1F469-1F3FC,people-body,family,"kiss: woman, woman, dark skin tone, medium-light skin tone",,,Lisa Schulz,2018-04-18,"5,2",multiple,👩‍❤️‍💋‍👩,1F469-200D-2764-FE0F-200D-1F48B-200D-1F469,13.1,3409
👩🏿‍❤️‍💋‍👩🏽,1F469-1F3FF-200D-2764-FE0F-200D-1F48B-200D-1F469-1F3FD,people-body,family,"kiss: woman, woman, dark skin tone, medium skin tone",,,Lisa Schulz,2018-04-18,"5,3",multiple,👩‍❤️‍💋‍👩,1F469-200D-2764-FE0F-200D-1F48B-200D-1F469,13.1,3411
👩🏿‍❤️‍💋‍👩🏾,1F469-1F3FF-200D-2764-FE0F-200D-1F48B-200D-1F469-1F3FE,people-body,family,"kiss: woman, woman, dark skin tone, medium-dark skin tone",,,Lisa Schulz,2018-04-18,"5,4",multiple,👩‍❤️‍💋‍👩,1F469-200D-2764-FE0F-200D-1F48B-200D-1F469,13.1,3413
👩🏿‍❤️‍💋‍👩🏿,1F469-1F3FF-200D-2764-FE0F-200D-1F48B-200D-1F469-1F3FF,people-body,family,"kiss: woman, woman, dark skin tone",,,Lisa Schulz,2018-04-18,5,single,👩‍❤️‍💋‍👩,1F469-200D-2764-FE0F-200D-1F48B-200D-1F469,13.1,3415
💑,1F491,people-body,family,couple with heart,"anniversary, babe, bae, couple, dating, heart, kiss, love, person, relationship, romance, together, you","man, woman, heart",Lisa Schulz,2018-04-18,,single,💑,1F491,0.6,3417
💑🏻,1F491-1F3FB,people-body,family,couple with heart: light skin tone,,,Lisa Schulz,2018-04-18,1,single,💑,1F491,13.1,3418
💑🏼,1F491-1F3FC,people-body,family,couple with heart: medium-light skin tone,,,Lisa Schulz,2018-04-18,2,single,💑,1F491,13.1,3419
💑🏽,1F491-1F3FD,people-body,family,couple with heart: medium skin tone,,,Lisa Schulz,2018-04-18,3,single,💑,1F491,13.1,3420
💑🏾,1F491-1F3FE,people-body,family,couple with heart: medium-dark skin tone,,,Lisa Schulz,2018-04-18,4,single,💑,1F491,13.1,3421
💑🏿,1F491-1F3FF,people-body,family,couple with heart: dark skin tone,,,Lisa Schulz,2018-04-18,5,single,💑,1F491,13.1,3422
🧑🏻‍❤️‍🧑🏼,1F9D1-1F3FB-200D-2764-FE0F-200D-1F9D1-1F3FC,people-body,family,"couple with heart: person, person, light skin tone, medium-light skin tone",,,Lisa Schulz,2018-04-18,"1,2",multiple,💑,1F491,13.1,3423
🧑🏻‍❤️‍🧑🏽,1F9D1-1F3FB-200D-2764-FE0F-200D-1F9D1-1F3FD,people-body,family,"couple with heart: person, person, light skin tone, medium skin tone",,,Lisa Schulz,2018-04-18,"1,3",multiple,💑,1F491,13.1,3425
🧑🏻‍❤️‍🧑🏾,1F9D1-1F3FB-200D-2764-FE0F-200D-1F9D1-1F3FE,people-body,family,"couple with heart: person, person, light skin tone, medium-dark skin tone",,,Lisa Schulz,2018-04-18,"1,4",multiple,💑,1F491,13.1,3427
🧑🏻‍❤️‍🧑🏿,1F9D1-1F3FB-200D-2764-FE0F-200D-1F9D1-1F3FF,people-body,family,"couple with heart: person, person, light skin tone, dark skin tone",,,Lisa Schulz,2018-04-18,"1,5",multiple,💑,1F491,13.1,3429
🧑🏼‍❤️‍🧑🏻,1F9D1-1F3FC-200D-2764-FE0F-200D-1F9D1-1F3FB,people-body,family,"couple with heart: person, person, medium-light skin tone, light skin tone",,,Lisa Schulz,2018-04-18,"2,1",multiple,💑,1F491,13.1,3431
🧑🏼‍❤️‍🧑🏽,1F9D1-1F3FC-200D-2764-FE0F-200D-1F9D1-1F3FD,people-body,family,"couple with heart: person, person, medium-light skin tone, medium skin tone",,,Lisa Schulz,2018-04-18,"2,3",multiple,💑,1F491,13.1,3433
🧑🏼‍❤️‍🧑🏾,1F9D1-1F3FC-200D-2764-FE0F-200D-1F9D1-1F3FE,people-body,family,"couple with heart: person, person, medium-light skin tone, medium-dark skin tone",,,Lisa Schulz,2018-04-18,"2,4",multiple,💑,1F491,13.1,3435
🧑🏼‍❤️‍🧑🏿,1F9D1-1F3FC-200D-2764-FE0F-200D-1F9D1-1F3FF,people-body,family,"couple with heart: person, person, medium-light skin tone, dark skin tone",,,Lisa Schulz,2018-04-18,"2,5",multiple,💑,1F491,13.1,3437
🧑🏽‍❤️‍🧑🏻,1F9D1-1F3FD-200D-2764-FE0F-200D-1F9D1-1F3FB,people-body,family,"couple with heart: person, person, medium skin tone, light skin tone",,,Lisa Schulz,2018-04-18,"3,1",multiple,💑,1F491,13.1,3439
🧑🏽‍❤️‍🧑🏼,1F9D1-1F3FD-200D-2764-FE0F-200D-1F9D1-1F3FC,people-body,family,"couple with heart: person, person, medium skin tone, medium-light skin tone",,,Lisa Schulz,2018-04-18,"3,2",multiple,💑,1F491,13.1,3441
🧑🏽‍❤️‍🧑🏾,1F9D1-1F3FD-200D-2764-FE0F-200D-1F9D1-1F3FE,people-body,family,"couple with heart: person, person, medium skin tone, medium-dark skin tone",,,Lisa Schulz,2018-04-18,"3,4",multiple,💑,1F491,13.1,3443
🧑🏽‍❤️‍🧑🏿,1F9D1-1F3FD-200D-2764-FE0F-200D-1F9D1-1F3FF,people-body,family,"couple with heart: person, person, medium skin tone, dark skin tone",,,Lisa Schulz,2018-04-18,"3,5",multiple,💑,1F491,13.1,3445
🧑🏾‍❤️‍🧑🏻,1F9D1-1F3FE-200D-2764-FE0F-200D-1F9D1-1F3FB,people-body,family,"couple with heart: person, person, medium-dark skin tone, light skin tone",,,Lisa Schulz,2018-04-18,"4,1",multiple,💑,1F491,13.1,3447
🧑🏾‍❤️‍🧑🏼,1F9D1-1F3FE-200D-2764-FE0F-200D-1F9D1-1F3FC,people-body,family,"couple with heart: person, person, medium-dark skin tone, medium-light skin tone",,,Lisa Schulz,2018-04-18,"4,2",multiple,💑,1F491,13.1,3449
🧑🏾‍❤️‍🧑🏽,1F9D1-1F3FE-200D-2764-FE0F-200D-1F9D1-1F3FD,people-body,family,"couple with heart: person, person, medium-dark skin tone, medium skin tone",,,Lisa Schulz,2018-04-18,"4,3",multiple,💑,1F491,13.1,3451
🧑🏾‍❤️‍🧑🏿,1F9D1-1F3FE-200D-2764-FE0F-200D-1F9D1-1F3FF,people-body,family,"couple with heart: person, person, medium-dark skin tone, dark skin tone",,,Lisa Schulz,2018-04-18,"4,5",multiple,💑,1F491,13.1,3453
🧑🏿‍❤️‍🧑🏻,1F9D1-1F3FF-200D-2764-FE0F-200D-1F9D1-1F3FB,people-body,family,"couple with heart: person, person, dark skin tone, light skin tone",,,Lisa Schulz,2018-04-18,"5,1",multiple,💑,1F491,13.1,3455
🧑🏿‍❤️‍🧑🏼,1F9D1-1F3FF-200D-2764-FE0F-200D-1F9D1-1F3FC,people-body,family,"couple with heart: person, person, dark skin tone, medium-light skin tone",,,Lisa Schulz,2018-04-18,"5,2",multiple,💑,1F491,13.1,3457
🧑🏿‍❤️‍🧑🏽,1F9D1-1F3FF-200D-2764-FE0F-200D-1F9D1-1F3FD,people-body,family,"couple with heart: person, person, dark skin tone, medium skin tone",,,Lisa Schulz,2018-04-18,"5,3",multiple,💑,1F491,13.1,3459
🧑🏿‍❤️‍🧑🏾,1F9D1-1F3FF-200D-2764-FE0F-200D-1F9D1-1F3FE,people-body,family,"couple with heart: person, person, dark skin tone, medium-dark skin tone",,,Lisa Schulz,2018-04-18,"5,4",multiple,💑,1F491,13.1,3461
👩‍❤️‍👨,1F469-200D-2764-FE0F-200D-1F468,people-body,family,"couple with heart: woman, man","anniversary, babe, bae, couple, dating, heart, kiss, love, man, person, relationship, romance, together, woman, you",,Lisa Schulz,2018-04-18,,single,👩‍❤️‍👨,1F469-200D-2764-FE0F-200D-1F468,2,3463
👩🏻‍❤️‍👨🏻,1F469-1F3FB-200D-2764-FE0F-200D-1F468-1F3FB,people-body,family,"couple with heart: woman, man, light skin tone",,,Lisa Schulz,2018-04-18,1,single,👩‍❤️‍👨,1F469-200D-2764-FE0F-200D-1F468,13.1,3465
👩🏻‍❤️‍👨🏼,1F469-1F3FB-200D-2764-FE0F-200D-1F468-1F3FC,people-body,family,"couple with heart: woman, man, light skin tone, medium-light skin tone",,,Lisa Schulz,2018-04-18,"1,2",multiple,👩‍❤️‍👨,1F469-200D-2764-FE0F-200D-1F468,13.1,3467
👩🏻‍❤️‍👨🏽,1F469-1F3FB-200D-2764-FE0F-200D-1F468-1F3FD,people-body,family,"couple with heart: woman, man, light skin tone, medium skin tone",,,Lisa Schulz,2018-04-18,"1,3",multiple,👩‍❤️‍👨,1F469-200D-2764-FE0F-200D-1F468,13.1,3469
👩🏻‍❤️‍👨🏾,1F469-1F3FB-200D-2764-FE0F-200D-1F468-1F3FE,people-body,family,"couple with heart: woman, man, light skin tone, medium-dark skin tone",,,Lisa Schulz,2018-04-18,"1,4",multiple,👩‍❤️‍👨,1F469-200D-2764-FE0F-200D-1F468,13.1,3471
👩🏻‍❤️‍👨🏿,1F469-1F3FB-200D-2764-FE0F-200D-1F468-1F3FF,people-body,family,"couple with heart: woman, man, light skin tone, dark skin tone",,,Lisa Schulz,2018-04-18,"1,5",multiple,👩‍❤️‍👨,1F469-200D-2764-FE0F-200D-1F468,13.1,3473
👩🏼‍❤️‍👨🏻,1F469-1F3FC-200D-2764-FE0F-200D-1F468-1F3FB,people-body,family,"couple with heart: woman, man, medium-light skin tone, light skin tone",,,Lisa Schulz,2018-04-18,"2,1",multiple,👩‍❤️‍👨,1F469-200D-2764-FE0F-200D-1F468,13.1,3475
👩🏼‍❤️‍👨🏼,1F469-1F3FC-200D-2764-FE0F-200D-1F468-1F3FC,people-body,family,"couple with heart: woman, man, medium-light skin tone",,,Lisa Schulz,2018-04-18,2,single,👩‍❤️‍👨,1F469-200D-2764-FE0F-200D-1F468,13.1,3477
👩🏼‍❤️‍👨🏽,1F469-1F3FC-200D-2764-FE0F-200D-1F468-1F3FD,people-body,family,"couple with heart: woman, man, medium-light skin tone, medium skin tone",,,Lisa Schulz,2018-04-18,"2,3",multiple,👩‍❤️‍👨,1F469-200D-2764-FE0F-200D-1F468,13.1,3479
👩🏼‍❤️‍👨🏾,1F469-1F3FC-200D-2764-FE0F-200D-1F468-1F3FE,people-body,family,"couple with heart: woman, man, medium-light skin tone, medium-dark skin tone",,,Lisa Schulz,2018-04-18,"2,4",multiple,👩‍❤️‍👨,1F469-200D-2764-FE0F-200D-1F468,13.1,3481
👩🏼‍❤️‍👨🏿,1F469-1F3FC-200D-2764-FE0F-200D-1F468-1F3FF,people-body,family,"couple with heart: woman, man, medium-light skin tone, dark skin tone",,,Lisa Schulz,2018-04-18,"2,5",multiple,👩‍❤️‍👨,1F469-200D-2764-FE0F-200D-1F468,13.1,3483
👩🏽‍❤️‍👨🏻,1F469-1F3FD-200D-2764-FE0F-200D-1F468-1F3FB,people-body,family,"couple with heart: woman, man, medium skin tone, light skin tone",,,Lisa Schulz,2018-04-18,"3,1",multiple,👩‍❤️‍👨,1F469-200D-2764-FE0F-200D-1F468,13.1,3485
👩🏽‍❤️‍👨🏼,1F469-1F3FD-200D-2764-FE0F-200D-1F468-1F3FC,people-body,family,"couple with heart: woman, man, medium skin tone, medium-light skin tone",,,Lisa Schulz,2018-04-18,"3,2",multiple,👩‍❤️‍👨,1F469-200D-2764-FE0F-200D-1F468,13.1,3487
👩🏽‍❤️‍👨🏽,1F469-1F3FD-200D-2764-FE0F-200D-1F468-1F3FD,people-body,family,"couple with heart: woman, man, medium skin tone",,,Lisa Schulz,2018-04-18,3,single,👩‍❤️‍👨,1F469-200D-2764-FE0F-200D-1F468,13.1,3489
👩🏽‍❤️‍👨🏾,1F469-1F3FD-200D-2764-FE0F-200D-1F468-1F3FE,people-body,family,"couple with heart: woman, man, medium skin tone, medium-dark skin tone",,,Lisa Schulz,2018-04-18,"3,4",multiple,👩‍❤️‍👨,1F469-200D-2764-FE0F-200D-1F468,13.1,3491
👩🏽‍❤️‍👨🏿,1F469-1F3FD-200D-2764-FE0F-200D-1F468-1F3FF,people-body,family,"couple with heart: woman, man, medium skin tone, dark skin tone",,,Lisa Schulz,2018-04-18,"3,5",multiple,👩‍❤️‍👨,1F469-200D-2764-FE0F-200D-1F468,13.1,3493
👩🏾‍❤️‍👨🏻,1F469-1F3FE-200D-2764-FE0F-200D-1F468-1F3FB,people-body,family,"couple with heart: woman, man, medium-dark skin tone, light skin tone",,,Lisa Schulz,2018-04-18,"4,1",multiple,👩‍❤️‍👨,1F469-200D-2764-FE0F-200D-1F468,13.1,3495
👩🏾‍❤️‍👨🏼,1F469-1F3FE-200D-2764-FE0F-200D-1F468-1F3FC,people-body,family,"couple with heart: woman, man, medium-dark skin tone, medium-light skin tone",,,Lisa Schulz,2018-04-18,"4,2",multiple,👩‍❤️‍👨,1F469-200D-2764-FE0F-200D-1F468,13.1,3497
👩🏾‍❤️‍👨🏽,1F469-1F3FE-200D-2764-FE0F-200D-1F468-1F3FD,people-body,family,"couple with heart: woman, man, medium-dark skin tone, medium skin tone",,,Lisa Schulz,2018-04-18,"4,3",multiple,👩‍❤️‍👨,1F469-200D-2764-FE0F-200D-1F468,13.1,3499
👩🏾‍❤️‍👨🏾,1F469-1F3FE-200D-2764-FE0F-200D-1F468-1F3FE,people-body,family,"couple with heart: woman, man, medium-dark skin tone",,,Lisa Schulz,2018-04-18,4,single,👩‍❤️‍👨,1F469-200D-2764-FE0F-200D-1F468,13.1,3501
👩🏾‍❤️‍👨🏿,1F469-1F3FE-200D-2764-FE0F-200D-1F468-1F3FF,people-body,family,"couple with heart: woman, man, medium-dark skin tone, dark skin tone",,,Lisa Schulz,2018-04-18,"4,5",multiple,👩‍❤️‍👨,1F469-200D-2764-FE0F-200D-1F468,13.1,3503
👩🏿‍❤️‍👨🏻,1F469-1F3FF-200D-2764-FE0F-200D-1F468-1F3FB,people-body,family,"couple with heart: woman, man, dark skin tone, light skin tone",,,Lisa Schulz,2018-04-18,"5,1",multiple,👩‍❤️‍👨,1F469-200D-2764-FE0F-200D-1F468,13.1,3505
👩🏿‍❤️‍👨🏼,1F469-1F3FF-200D-2764-FE0F-200D-1F468-1F3FC,people-body,family,"couple with heart: woman, man, dark skin tone, medium-light skin tone",,,Lisa Schulz,2018-04-18,"5,2",multiple,👩‍❤️‍👨,1F469-200D-2764-FE0F-200D-1F468,13.1,3507
👩🏿‍❤️‍👨🏽,1F469-1F3FF-200D-2764-FE0F-200D-1F468-1F3FD,people-body,family,"couple with heart: woman, man, dark skin tone, medium skin tone",,,Lisa Schulz,2018-04-18,"5,3",multiple,👩‍❤️‍👨,1F469-200D-2764-FE0F-200D-1F468,13.1,3509
👩🏿‍❤️‍👨🏾,1F469-1F3FF-200D-2764-FE0F-200D-1F468-1F3FE,people-body,family,"couple with heart: woman, man, dark skin tone, medium-dark skin tone",,,Lisa Schulz,2018-04-18,"5,4",multiple,👩‍❤️‍👨,1F469-200D-2764-FE0F-200D-1F468,13.1,3511
👩🏿‍❤️‍👨🏿,1F469-1F3FF-200D-2764-FE0F-200D-1F468-1F3FF,people-body,family,"couple with heart: woman, man, dark skin tone",,,Lisa Schulz,2018-04-18,5,single,👩‍❤️‍👨,1F469-200D-2764-FE0F-200D-1F468,13.1,3513
👨‍❤️‍👨,1F468-200D-2764-FE0F-200D-1F468,people-body,family,"couple with heart: man, man","anniversary, babe, bae, couple, dating, heart, kiss, love, man, person, relationship, romance, together, you",gay,Lisa Schulz,2018-04-18,,single,👨‍❤️‍👨,1F468-200D-2764-FE0F-200D-1F468,2,3515
👨🏻‍❤️‍👨🏻,1F468-1F3FB-200D-2764-FE0F-200D-1F468-1F3FB,people-body,family,"couple with heart: man, man, light skin tone",,,Lisa Schulz,2018-04-18,1,single,👨‍❤️‍👨,1F468-200D-2764-FE0F-200D-1F468,13.1,3517
👨🏻‍❤️‍👨🏼,1F468-1F3FB-200D-2764-FE0F-200D-1F468-1F3FC,people-body,family,"couple with heart: man, man, light skin tone, medium-light skin tone",,,Lisa Schulz,2018-04-18,"1,2",multiple,👨‍❤️‍👨,1F468-200D-2764-FE0F-200D-1F468,13.1,3519
👨🏻‍❤️‍👨🏽,1F468-1F3FB-200D-2764-FE0F-200D-1F468-1F3FD,people-body,family,"couple with heart: man, man, light skin tone, medium skin tone",,,Lisa Schulz,2018-04-18,"1,3",multiple,👨‍❤️‍👨,1F468-200D-2764-FE0F-200D-1F468,13.1,3521
👨🏻‍❤️‍👨🏾,1F468-1F3FB-200D-2764-FE0F-200D-1F468-1F3FE,people-body,family,"couple with heart: man, man, light skin tone, medium-dark skin tone",,,Lisa Schulz,2018-04-18,"1,4",multiple,👨‍❤️‍👨,1F468-200D-2764-FE0F-200D-1F468,13.1,3523
👨🏻‍❤️‍👨🏿,1F468-1F3FB-200D-2764-FE0F-200D-1F468-1F3FF,people-body,family,"couple with heart: man, man, light skin tone, dark skin tone",,,Lisa Schulz,2018-04-18,"1,5",multiple,👨‍❤️‍👨,1F468-200D-2764-FE0F-200D-1F468,13.1,3525
👨🏼‍❤️‍👨🏻,1F468-1F3FC-200D-2764-FE0F-200D-1F468-1F3FB,people-body,family,"couple with heart: man, man, medium-light skin tone, light skin tone",,,Lisa Schulz,2018-04-18,"2,1",multiple,👨‍❤️‍👨,1F468-200D-2764-FE0F-200D-1F468,13.1,3527
👨🏼‍❤️‍👨🏼,1F468-1F3FC-200D-2764-FE0F-200D-1F468-1F3FC,people-body,family,"couple with heart: man, man, medium-light skin tone",,,Lisa Schulz,2018-04-18,2,single,👨‍❤️‍👨,1F468-200D-2764-FE0F-200D-1F468,13.1,3529
👨🏼‍❤️‍👨🏽,1F468-1F3FC-200D-2764-FE0F-200D-1F468-1F3FD,people-body,family,"couple with heart: man, man, medium-light skin tone, medium skin tone",,,Lisa Schulz,2018-04-18,"2,3",multiple,👨‍❤️‍👨,1F468-200D-2764-FE0F-200D-1F468,13.1,3531
👨🏼‍❤️‍👨🏾,1F468-1F3FC-200D-2764-FE0F-200D-1F468-1F3FE,people-body,family,"couple with heart: man, man, medium-light skin tone, medium-dark skin tone",,,Lisa Schulz,2018-04-18,"2,4",multiple,👨‍❤️‍👨,1F468-200D-2764-FE0F-200D-1F468,13.1,3533
👨🏼‍❤️‍👨🏿,1F468-1F3FC-200D-2764-FE0F-200D-1F468-1F3FF,people-body,family,"couple with heart: man, man, medium-light skin tone, dark skin tone",,,Lisa Schulz,2018-04-18,"2,5",multiple,👨‍❤️‍👨,1F468-200D-2764-FE0F-200D-1F468,13.1,3535
👨🏽‍❤️‍👨🏻,1F468-1F3FD-200D-2764-FE0F-200D-1F468-1F3FB,people-body,family,"couple with heart: man, man, medium skin tone, light skin tone",,,Lisa Schulz,2018-04-18,"3,1",multiple,👨‍❤️‍👨,1F468-200D-2764-FE0F-200D-1F468,13.1,3537
👨🏽‍❤️‍👨🏼,1F468-1F3FD-200D-2764-FE0F-200D-1F468-1F3FC,people-body,family,"couple with heart: man, man, medium skin tone, medium-light skin tone",,,Lisa Schulz,2018-04-18,"3,2",multiple,👨‍❤️‍👨,1F468-200D-2764-FE0F-200D-1F468,13.1,3539
👨🏽‍❤️‍👨🏽,1F468-1F3FD-200D-2764-FE0F-200D-1F468-1F3FD,people-body,family,"couple with heart: man, man, medium skin tone",,,Lisa Schulz,2018-04-18,3,single,👨‍❤️‍👨,1F468-200D-2764-FE0F-200D-1F468,13.1,3541
👨🏽‍❤️‍👨🏾,1F468-1F3FD-200D-2764-FE0F-200D-1F468-1F3FE,people-body,family,"couple with heart: man, man, medium skin tone, medium-dark skin tone",,,Lisa Schulz,2018-04-18,"3,4",multiple,👨‍❤️‍👨,1F468-200D-2764-FE0F-200D-1F468,13.1,3543
👨🏽‍❤️‍👨🏿,1F468-1F3FD-200D-2764-FE0F-200D-1F468-1F3FF,people-body,family,"couple with heart: man, man, medium skin tone, dark skin tone",,,Lisa Schulz,2018-04-18,"3,5",multiple,👨‍❤️‍👨,1F468-200D-2764-FE0F-200D-1F468,13.1,3545
👨🏾‍❤️‍👨🏻,1F468-1F3FE-200D-2764-FE0F-200D-1F468-1F3FB,people-body,family,"couple with heart: man, man, medium-dark skin tone, light skin tone",,,Lisa Schulz,2018-04-18,"4,1",multiple,👨‍❤️‍👨,1F468-200D-2764-FE0F-200D-1F468,13.1,3547
👨🏾‍❤️‍👨🏼,1F468-1F3FE-200D-2764-FE0F-200D-1F468-1F3FC,people-body,family,"couple with heart: man, man, medium-dark skin tone, medium-light skin tone",,,Lisa Schulz,2018-04-18,"4,2",multiple,👨‍❤️‍👨,1F468-200D-2764-FE0F-200D-1F468,13.1,3549
👨🏾‍❤️‍👨🏽,1F468-1F3FE-200D-2764-FE0F-200D-1F468-1F3FD,people-body,family,"couple with heart: man, man, medium-dark skin tone, medium skin tone",,,Lisa Schulz,2018-04-18,"4,3",multiple,👨‍❤️‍👨,1F468-200D-2764-FE0F-200D-1F468,13.1,3551
👨🏾‍❤️‍👨🏾,1F468-1F3FE-200D-2764-FE0F-200D-1F468-1F3FE,people-body,family,"couple with heart: man, man, medium-dark skin tone",,,Lisa Schulz,2018-04-18,4,single,👨‍❤️‍👨,1F468-200D-2764-FE0F-200D-1F468,13.1,3553
👨🏾‍❤️‍👨🏿,1F468-1F3FE-200D-2764-FE0F-200D-1F468-1F3FF,people-body,family,"couple with heart: man, man, medium-dark skin tone, dark skin tone",,,Lisa Schulz,2018-04-18,"4,5",multiple,👨‍❤️‍👨,1F468-200D-2764-FE0F-200D-1F468,13.1,3555
👨🏿‍❤️‍👨🏻,1F468-1F3FF-200D-2764-FE0F-200D-1F468-1F3FB,people-body,family,"couple with heart: man, man, dark skin tone, light skin tone",,,Lisa Schulz,2018-04-18,"5,1",multiple,👨‍❤️‍👨,1F468-200D-2764-FE0F-200D-1F468,13.1,3557
👨🏿‍❤️‍👨🏼,1F468-1F3FF-200D-2764-FE0F-200D-1F468-1F3FC,people-body,family,"couple with heart: man, man, dark skin tone, medium-light skin tone",,,Lisa Schulz,2018-04-18,"5,2",multiple,👨‍❤️‍👨,1F468-200D-2764-FE0F-200D-1F468,13.1,3559
👨🏿‍❤️‍👨🏽,1F468-1F3FF-200D-2764-FE0F-200D-1F468-1F3FD,people-body,family,"couple with heart: man, man, dark skin tone, medium skin tone",,,Lisa Schulz,2018-04-18,"5,3",multiple,👨‍❤️‍👨,1F468-200D-2764-FE0F-200D-1F468,13.1,3561
👨🏿‍❤️‍👨🏾,1F468-1F3FF-200D-2764-FE0F-200D-1F468-1F3FE,people-body,family,"couple with heart: man, man, dark skin tone, medium-dark skin tone",,,Lisa Schulz,2018-04-18,"5,4",multiple,👨‍❤️‍👨,1F468-200D-2764-FE0F-200D-1F468,13.1,3563
👨🏿‍❤️‍👨🏿,1F468-1F3FF-200D-2764-FE0F-200D-1F468-1F3FF,people-body,family,"couple with heart: man, man, dark skin tone",,,Lisa Schulz,2018-04-18,5,single,👨‍❤️‍👨,1F468-200D-2764-FE0F-200D-1F468,13.1,3565
👩‍❤️‍👩,1F469-200D-2764-FE0F-200D-1F469,people-body,family,"couple with heart: woman, woman","anniversary, babe, bae, couple, dating, heart, kiss, love, person, relationship, romance, together, woman, you","lesbian, girlfried",Lisa Schulz,2018-04-18,,single,👩‍❤️‍👩,1F469-200D-2764-FE0F-200D-1F469,2,3567
👩🏻‍❤️‍👩🏻,1F469-1F3FB-200D-2764-FE0F-200D-1F469-1F3FB,people-body,family,"couple with heart: woman, woman, light skin tone",,,Lisa Schulz,2018-04-18,1,single,👩‍❤️‍👩,1F469-200D-2764-FE0F-200D-1F469,13.1,3569
👩🏻‍❤️‍👩🏼,1F469-1F3FB-200D-2764-FE0F-200D-1F469-1F3FC,people-body,family,"couple with heart: woman, woman, light skin tone, medium-light skin tone",,,Lisa Schulz,2018-04-18,"1,2",multiple,👩‍❤️‍👩,1F469-200D-2764-FE0F-200D-1F469,13.1,3571
👩🏻‍❤️‍👩🏽,1F469-1F3FB-200D-2764-FE0F-200D-1F469-1F3FD,people-body,family,"couple with heart: woman, woman, light skin tone, medium skin tone",,,Lisa Schulz,2018-04-18,"1,3",multiple,👩‍❤️‍👩,1F469-200D-2764-FE0F-200D-1F469,13.1,3573
👩🏻‍❤️‍👩🏾,1F469-1F3FB-200D-2764-FE0F-200D-1F469-1F3FE,people-body,family,"couple with heart: woman, woman, light skin tone, medium-dark skin tone",,,Lisa Schulz,2018-04-18,"1,4",multiple,👩‍❤️‍👩,1F469-200D-2764-FE0F-200D-1F469,13.1,3575
👩🏻‍❤️‍👩🏿,1F469-1F3FB-200D-2764-FE0F-200D-1F469-1F3FF,people-body,family,"couple with heart: woman, woman, light skin tone, dark skin tone",,,Lisa Schulz,2018-04-18,"1,5",multiple,👩‍❤️‍👩,1F469-200D-2764-FE0F-200D-1F469,13.1,3577
👩🏼‍❤️‍👩🏻,1F469-1F3FC-200D-2764-FE0F-200D-1F469-1F3FB,people-body,family,"couple with heart: woman, woman, medium-light skin tone, light skin tone",,,Lisa Schulz,2018-04-18,"2,1",multiple,👩‍❤️‍👩,1F469-200D-2764-FE0F-200D-1F469,13.1,3579
👩🏼‍❤️‍👩🏼,1F469-1F3FC-200D-2764-FE0F-200D-1F469-1F3FC,people-body,family,"couple with heart: woman, woman, medium-light skin tone",,,Lisa Schulz,2018-04-18,2,single,👩‍❤️‍👩,1F469-200D-2764-FE0F-200D-1F469,13.1,3581
👩🏼‍❤️‍👩🏽,1F469-1F3FC-200D-2764-FE0F-200D-1F469-1F3FD,people-body,family,"couple with heart: woman, woman, medium-light skin tone, medium skin tone",,,Lisa Schulz,2018-04-18,"2,3",multiple,👩‍❤️‍👩,1F469-200D-2764-FE0F-200D-1F469,13.1,3583
👩🏼‍❤️‍👩🏾,1F469-1F3FC-200D-2764-FE0F-200D-1F469-1F3FE,people-body,family,"couple with heart: woman, woman, medium-light skin tone, medium-dark skin tone",,,Lisa Schulz,2018-04-18,"2,4",multiple,👩‍❤️‍👩,1F469-200D-2764-FE0F-200D-1F469,13.1,3585
👩🏼‍❤️‍👩🏿,1F469-1F3FC-200D-2764-FE0F-200D-1F469-1F3FF,people-body,family,"couple with heart: woman, woman, medium-light skin tone, dark skin tone",,,Lisa Schulz,2018-04-18,"2,5",multiple,👩‍❤️‍👩,1F469-200D-2764-FE0F-200D-1F469,13.1,3587
👩🏽‍❤️‍👩🏻,1F469-1F3FD-200D-2764-FE0F-200D-1F469-1F3FB,people-body,family,"couple with heart: woman, woman, medium skin tone, light skin tone",,,Lisa Schulz,2018-04-18,"3,1",multiple,👩‍❤️‍👩,1F469-200D-2764-FE0F-200D-1F469,13.1,3589
👩🏽‍❤️‍👩🏼,1F469-1F3FD-200D-2764-FE0F-200D-1F469-1F3FC,people-body,family,"couple with heart: woman, woman, medium skin tone, medium-light skin tone",,,Lisa Schulz,2018-04-18,"3,2",multiple,👩‍❤️‍👩,1F469-200D-2764-FE0F-200D-1F469,13.1,3591
👩🏽‍❤️‍👩🏽,1F469-1F3FD-200D-2764-FE0F-200D-1F469-1F3FD,people-body,family,"couple with heart: woman, woman, medium skin tone",,,Lisa Schulz,2018-04-18,3,single,👩‍❤️‍👩,1F469-200D-2764-FE0F-200D-1F469,13.1,3593
👩🏽‍❤️‍👩🏾,1F469-1F3FD-200D-2764-FE0F-200D-1F469-1F3FE,people-body,family,"couple with heart: woman, woman, medium skin tone, medium-dark skin tone",,,Lisa Schulz,2018-04-18,"3,4",multiple,👩‍❤️‍👩,1F469-200D-2764-FE0F-200D-1F469,13.1,3595
👩🏽‍❤️‍👩🏿,1F469-1F3FD-200D-2764-FE0F-200D-1F469-1F3FF,people-body,family,"couple with heart: woman, woman, medium skin tone, dark skin tone",,,Lisa Schulz,2018-04-18,"3,5",multiple,👩‍❤️‍👩,1F469-200D-2764-FE0F-200D-1F469,13.1,3597
👩🏾‍❤️‍👩🏻,1F469-1F3FE-200D-2764-FE0F-200D-1F469-1F3FB,people-body,family,"couple with heart: woman, woman, medium-dark skin tone, light skin tone",,,Lisa Schulz,2018-04-18,"4,1",multiple,👩‍❤️‍👩,1F469-200D-2764-FE0F-200D-1F469,13.1,3599
👩🏾‍❤️‍👩🏼,1F469-1F3FE-200D-2764-FE0F-200D-1F469-1F3FC,people-body,family,"couple with heart: woman, woman, medium-dark skin tone, medium-light skin tone",,,Lisa Schulz,2018-04-18,"4,2",multiple,👩‍❤️‍👩,1F469-200D-2764-FE0F-200D-1F469,13.1,3601
👩🏾‍❤️‍👩🏽,1F469-1F3FE-200D-2764-FE0F-200D-1F469-1F3FD,people-body,family,"couple with heart: woman, woman, medium-dark skin tone, medium skin tone",,,Lisa Schulz,2018-04-18,"4,3",multiple,👩‍❤️‍👩,1F469-200D-2764-FE0F-200D-1F469,13.1,3603
👩🏾‍❤️‍👩🏾,1F469-1F3FE-200D-2764-FE0F-200D-1F469-1F3FE,people-body,family,"couple with heart: woman, woman, medium-dark skin tone",,,Lisa Schulz,2018-04-18,4,single,👩‍❤️‍👩,1F469-200D-2764-FE0F-200D-1F469,13.1,3605
👩🏾‍❤️‍👩🏿,1F469-1F3FE-200D-2764-FE0F-200D-1F469-1F3FF,people-body,family,"couple with heart: woman, woman, medium-dark skin tone, dark skin tone",,,Lisa Schulz,2018-04-18,"4,5",multiple,👩‍❤️‍👩,1F469-200D-2764-FE0F-200D-1F469,13.1,3607
👩🏿‍❤️‍👩🏻,1F469-1F3FF-200D-2764-FE0F-200D-1F469-1F3FB,people-body,family,"couple with heart: woman, woman, dark skin tone, light skin tone",,,Lisa Schulz,2018-04-18,"5,1",multiple,👩‍❤️‍👩,1F469-200D-2764-FE0F-200D-1F469,13.1,3609
👩🏿‍❤️‍👩🏼,1F469-1F3FF-200D-2764-FE0F-200D-1F469-1F3FC,people-body,family,"couple with heart: woman, woman, dark skin tone, medium-light skin tone",,,Lisa Schulz,2018-04-18,"5,2",multiple,👩‍❤️‍👩,1F469-200D-2764-FE0F-200D-1F469,13.1,3611
👩🏿‍❤️‍👩🏽,1F469-1F3FF-200D-2764-FE0F-200D-1F469-1F3FD,people-body,family,"couple with heart: woman, woman, dark skin tone, medium skin tone",,,Lisa Schulz,2018-04-18,"5,3",multiple,👩‍❤️‍👩,1F469-200D-2764-FE0F-200D-1F469,13.1,3613
👩🏿‍❤️‍👩🏾,1F469-1F3FF-200D-2764-FE0F-200D-1F469-1F3FE,people-body,family,"couple with heart: woman, woman, dark skin tone, medium-dark skin tone",,,Lisa Schulz,2018-04-18,"5,4",multiple,👩‍❤️‍👩,1F469-200D-2764-FE0F-200D-1F469,13.1,3615
👩🏿‍❤️‍👩🏿,1F469-1F3FF-200D-2764-FE0F-200D-1F469-1F3FF,people-body,family,"couple with heart: woman, woman, dark skin tone",,,Lisa Schulz,2018-04-18,5,single,👩‍❤️‍👩,1F469-200D-2764-FE0F-200D-1F469,13.1,3617
👨‍👩‍👦,1F468-200D-1F469-200D-1F466,people-body,family,"family: man, woman, boy","boy, child, family, man, woman",,Fanny Jung,2019-05-06,,,,,2,3619
👨‍👩‍👧,1F468-200D-1F469-200D-1F467,people-body,family,"family: man, woman, girl","child, family, girl, man, woman",child,Lisa Schulz,2018-04-18,,,,,2,3620
👨‍👩‍👧‍👦,1F468-200D-1F469-200D-1F467-200D-1F466,people-body,family,"family: man, woman, girl, boy","boy, child, family, girl, man, woman",,Fanny Jung,2019-05-06,,,,,2,3621
👨‍👩‍👦‍👦,1F468-200D-1F469-200D-1F466-200D-1F466,people-body,family,"family: man, woman, boy, boy","boy, child, family, man, woman",,Fanny Jung,2019-05-06,,,,,2,3622
👨‍👩‍👧‍👧,1F468-200D-1F469-200D-1F467-200D-1F467,people-body,family,"family: man, woman, girl, girl","child, family, girl, man, woman",,Fanny Jung,2019-05-06,,,,,2,3623
👨‍👨‍👦,1F468-200D-1F468-200D-1F466,people-body,family,"family: man, man, boy","boy, child, family, man",,Fanny Jung,2019-05-06,,,,,2,3624
👨‍👨‍👧,1F468-200D-1F468-200D-1F467,people-body,family,"family: man, man, girl","child, family, girl, man",,Fanny Jung,2019-05-06,,,,,2,3625
👨‍👨‍👧‍👦,1F468-200D-1F468-200D-1F467-200D-1F466,people-body,family,"family: man, man, girl, boy","boy, child, family, girl, man",,Fanny Jung,2019-05-06,,,,,2,3626
👨‍👨‍👦‍👦,1F468-200D-1F468-200D-1F466-200D-1F466,people-body,family,"family: man, man, boy, boy","boy, child, family, man",,Fanny Jung,2019-05-06,,,,,2,3627
👨‍👨‍👧‍👧,1F468-200D-1F468-200D-1F467-200D-1F467,people-body,family,"family: man, man, girl, girl","child, family, girl, man",,Fanny Jung,2019-05-06,,,,,2,3628
👩‍👩‍👦,1F469-200D-1F469-200D-1F466,people-body,family,"family: woman, woman, boy","boy, child, family, woman",,Fanny Jung,2019-05-06,,,,,2,3629
👩‍👩‍👧,1F469-200D-1F469-200D-1F467,people-body,family,"family: woman, woman, girl","child, family, girl, woman",,Fanny Jung,2019-05-06,,,,,2,3630
👩‍👩‍👧‍👦,1F469-200D-1F469-200D-1F467-200D-1F466,people-body,family,"family: woman, woman, girl, boy","boy, child, family, girl, woman",,Fanny Jung,2019-05-06,,,,,2,3631
👩‍👩‍👦‍👦,1F469-200D-1F469-200D-1F466-200D-1F466,people-body,family,"family: woman, woman, boy, boy","boy, child, family, woman",,Fanny Jung,2019-05-06,,,,,2,3632
👩‍👩‍👧‍👧,1F469-200D-1F469-200D-1F467-200D-1F467,people-body,family,"family: woman, woman, girl, girl","child, family, girl, woman",,Fanny Jung,2019-05-06,,,,,2,3633
👨‍👦,1F468-200D-1F466,people-body,family,"family: man, boy","boy, child, family, man",,Fanny Jung,2019-05-06,,,,,4,3634
👨‍👦‍👦,1F468-200D-1F466-200D-1F466,people-body,family,"family: man, boy, boy","boy, child, family, man",,Fanny Jung,2019-05-06,,,,,4,3635
👨‍👧,1F468-200D-1F467,people-body,family,"family: man, girl","child, family, girl, man",,Fanny Jung,2019-05-06,,,,,4,3636
👨‍👧‍👦,1F468-200D-1F467-200D-1F466,people-body,family,"family: man, girl, boy","boy, child, family, girl, man",,Fanny Jung,2019-05-06,,,,,4,3637
👨‍👧‍👧,1F468-200D-1F467-200D-1F467,people-body,family,"family: man, girl, girl","child, family, girl, man",,Fanny Jung,2019-05-06,,,,,4,3638
👩‍👦,1F469-200D-1F466,people-body,family,"family: woman, boy","boy, child, family, woman",,Fanny Jung,2019-05-06,,,,,4,3639
👩‍👦‍👦,1F469-200D-1F466-200D-1F466,people-body,family,"family: woman, boy, boy","boy, child, family, woman",,Fanny Jung,2019-05-06,,,,,4,3640
👩‍👧,1F469-200D-1F467,people-body,family,"family: woman, girl","child, family, girl, woman",,Fanny Jung,2019-05-06,,,,,4,3641
👩‍👧‍👦,1F469-200D-1F467-200D-1F466,people-body,family,"family: woman, girl, boy","boy, child, family, girl, woman",,Fanny Jung,2019-05-06,,,,,4,3642
👩‍👧‍👧,1F469-200D-1F467-200D-1F467,people-body,family,"family: woman, girl, girl","child, family, girl, woman",,Fanny Jung,2019-05-06,,,,,4,3643
🗣️,1F5E3,people-body,person-symbol,speaking head,"face, head, silhouette, speak, speaking","human, person",Johanna Wellnitz,2018-04-18,,,,,0.7,3645
👤,1F464,people-body,person-symbol,bust in silhouette,"bust, mysterious, shadow, silhouette","human, person",Johanna Wellnitz,2018-04-18,,,,,0.6,3646
👥,1F465,people-body,person-symbol,busts in silhouette,"bff, bust, busts, everyone, friend, friends, people, silhouette","human, person",Johanna Wellnitz,2018-04-18,,,,,1,3647
🫂,1FAC2,people-body,person-symbol,people hugging,"comfort, embrace, farewell, friendship, goodbye, hello, hug, hugging, love, people, thanks","love, harmony, humans, like, making out, arms",Kai Wanschura,2018-04-18,,,,,13,3648
👪️,1F46A,people-body,person-symbol,family,child,"man, woman, boy, child",Lisa Schulz,2018-04-18,,,,,0.6,3649
🧑‍🧑‍🧒,1F9D1-200D-1F9D1-200D-1F9D2,people-body,person-symbol,"family: adult, adult, child","adult, child, family",,Daniel Utz,2024-10-03,,,,,15.1,3650
🧑‍🧑‍🧒‍🧒,1F9D1-200D-1F9D1-200D-1F9D2-200D-1F9D2,people-body,person-symbol,"family: adult, adult, child, child","adult, child, family",,Daniel Utz,2024-10-03,,,,,15.1,3651
🧑‍🧒,1F9D1-200D-1F9D2,people-body,person-symbol,"family: adult, child","adult, child, family",,Daniel Utz,2024-10-03,,,,,15.1,3652
🧑‍🧒‍🧒,1F9D1-200D-1F9D2-200D-1F9D2,people-body,person-symbol,"family: adult, child, child","adult, child, family",,Daniel Utz,2024-10-03,,,,,15.1,3653
👣,1F463,people-body,person-symbol,footprints,"barefoot, clothing, footprint, omw, print, walk","clothing, footprint, print",Julian Grüneberg,2018-04-18,,,,,0.6,3654
🫆,1FAC6,people-body,person-symbol,fingerprint,"clue, crime, detective, forensics, identity, mystery, print, safety, trace",,Daniel Utz,2025-02-18,,,,,16,3655
🏻,1F3FB,component,skin-tone,light skin tone,"1–2, light, skin, tone, type",,Benedikt Groß,2019-05-07,,,,,1,3656
🏼,1F3FC,component,skin-tone,medium-light skin tone,"3, medium-light, skin, tone, type",,Benedikt Groß,2019-05-07,,,,,1,3657
🏽,1F3FD,component,skin-tone,medium skin tone,"4, medium, skin, tone, type",,Benedikt Groß,2019-05-07,,,,,1,3658
🏾,1F3FE,component,skin-tone,medium-dark skin tone,"5, medium-dark, skin, tone, type",,Benedikt Groß,2019-05-07,,,,,1,3659
🏿,1F3FF,component,skin-tone,dark skin tone,"6, dark, skin, tone, type",,Benedikt Groß,2019-05-07,,,,,1,3660
🦰,1F9B0,component,hair-style,red hair,"ginger, hair, red, redhead",,Nadine Bartel,2019-05-13,,,,,11,3661
🦱,1F9B1,component,hair-style,curly hair,"afro, curly, hair, ringlets",,Nadine Bartel,2019-05-13,,,,,11,3662
🦳,1F9B3,component,hair-style,white hair,"gray, hair, old, white",,Nadine Bartel,2019-05-13,,,,,11,3663
🦲,1F9B2,component,hair-style,bald,"chemotherapy, hair, hairless, no, shaven",,Nadine Bartel,2019-05-13,,,,,11,3664
🐵,1F435,animals-nature,animal-mammal,monkey face,"animal, banana, face, monkey","jungle, ape, evolution, primate, africa",Sofie Ascherl,2018-04-18,,,,,0.6,3665
🐒,1F412,animals-nature,animal-mammal,monkey,"animal, banana","jungle, ape, evolution, primate",Sofie Ascherl,2018-04-18,,,,,0.6,3666
🦍,1F98D,animals-nature,animal-mammal,gorilla,animal,"monkey, primate, evolution",Sofie Ascherl,2018-04-18,,,,,3,3667
🦧,1F9A7,animals-nature,animal-mammal,orangutan,"animal, ape, monkey",,Yasmin Abdullahi,2019-05-07,,,,,12,3668
🐶,1F436,animals-nature,animal-mammal,dog face,"adorbs, animal, dog, face, pet, puppies, puppy","friend, puppy, doggy",Sofie Ascherl,2018-04-18,,,,,0.6,3669
🐕️,1F415,animals-nature,animal-mammal,dog,"animal, animals, dogs, pet","puppy, doggy",Sofie Ascherl,2018-04-18,,,,,0.7,3670
🦮,1F9AE,animals-nature,animal-mammal,guide dog,"accessibility, animal, blind, dog, guide",,Yasmin Abdullahi,2019-05-07,,,,,12,3671
🐕‍🦺,1F415-200D-1F9BA,animals-nature,animal-mammal,service dog,"accessibility, animal, assistance, dog, service",,Yasmin Abdullahi,2019-05-07,,,,,12,3672
🐩,1F429,animals-nature,animal-mammal,poodle,"animal, dog, fluffy",,Anne Frauendorf,2018-11-16,,,,,0.6,3673
🐺,1F43A,animals-nature,animal-mammal,wolf,"animal, face","pack, wild, free, forest, dog",Sofie Ascherl,2018-04-18,,,,,0.6,3674
🦊,1F98A,animals-nature,animal-mammal,fox,"animal, face","smart, red, quick, intelligent",Sofie Ascherl,2018-04-18,,,,,3,3675
🦝,1F99D,animals-nature,animal-mammal,raccoon,"animal, curious, sly",,Laura Schießer,2019-05-06,,,,,11,3676
🐱,1F431,animals-nature,animal-mammal,cat face,"animal, cat, face, kitten, kitty, pet","pet, kitty, kitten, miau",Sofie Ascherl,2018-04-18,,,,,0.6,3677
🐈️,1F408,animals-nature,animal-mammal,cat,"animal, animals, cats, kitten, pet","pet, kitty, kitten, miau",Sofie Ascherl,2018-04-18,,,,,0.7,3678
🐈‍⬛,1F408-200D-2B1B,animals-nature,animal-mammal,black cat,"animal, black, cat, feline, halloween, meow, unlucky",bad luck,Sofie Ascherl,2018-04-18,,,,,13,3679
🦁,1F981,animals-nature,animal-mammal,lion,"alpha, animal, face, leo, mane, order, rawr, roar, safari, strong, zodiac","king, simba, royal, wild, cat",Sofie Ascherl,2018-04-18,,,,,1,3680
🐯,1F42F,animals-nature,animal-mammal,tiger face,"animal, big, cat, face, predator, tiger","stripes, strong, cat, wild",Sofie Ascherl,2018-04-18,,,,,0.6,3681
🐅,1F405,animals-nature,animal-mammal,tiger,"animal, big, cat, predator, zoo","stripes, strong, cat, wild",Sofie Ascherl,2018-04-18,,,,,1,3682
🐆,1F406,animals-nature,animal-mammal,leopard,"animal, big, cat, predator, zoo","dots, strong, cat, wild, spots",Sofie Ascherl,2018-04-18,,,,,1,3683
🐴,1F434,animals-nature,animal-mammal,horse face,"animal, dressage, equine, face, farm, horse, horses","riding, sport",Sofie Ascherl,2018-04-18,,,,,0.6,3684
🫎,1FACE,animals-nature,animal-mammal,moose,"alces, animal, antlers, elk, mammal",,Linda Hartmann,2023-10-06,,,,,15,3685
🫏,1FACF,animals-nature,animal-mammal,donkey,"animal, ass, burro, hinny, mammal, mule, stubborn",,Charlotte Beha,2023-10-25,,,,,15,3686
🐎,1F40E,animals-nature,animal-mammal,horse,"animal, equestrian, farm, racehorse, racing","riding, sport",Sofie Ascherl,2018-04-18,,,,,0.6,3687
🦄,1F984,animals-nature,animal-mammal,unicorn,face,"fabulous, magical, rainbow, schwäbisch, gmünd",Sofie Ascherl,2018-04-18,,,,,1,3688
🦓,1F993,animals-nature,animal-mammal,zebra,"animal, stripe","horse, black, white",Sofie Ascherl,2018-04-18,,,,,5,3689
🦌,1F98C,animals-nature,animal-mammal,deer,animal,"forest, hunt, antler",Sofie Ascherl,2018-04-18,,,,,3,3690
🦬,1F9AC,animals-nature,animal-mammal,bison,"animal, buffalo, herd, wisent",,Liz Bravo,2020-09-26,,,,,13,3691
🐮,1F42E,animals-nature,animal-mammal,cow face,"animal, cow, face, farm, milk, moo","farm, milk, beef, grass, dairy, horns, cheese",Sofie Ascherl,2018-04-18,,,,,0.6,3692
🐂,1F402,animals-nature,animal-mammal,ox,"animal, animals, bull, farm, taurus, zodiac","strong, farm, acre, horns, beef",Sofie Ascherl,2018-04-18,,,,,1,3693
🐃,1F403,animals-nature,animal-mammal,water buffalo,"animal, buffalo, water, zoo","black, horns, beef",Sofie Ascherl,2018-04-18,,,,,1,3694
🐄,1F404,animals-nature,animal-mammal,cow,"animal, animals, farm, milk, moo","farm, milk, beef, grass, dairy, horns, cheese",Sofie Ascherl,2018-04-18,,,,,1,3695
🐷,1F437,animals-nature,animal-mammal,pig face,"animal, bacon, face, farm, pig, pork","pork, farm, pink, meat, oink",Sofie Ascherl,2018-04-18,,,,,0.6,3696
🐖,1F416,animals-nature,animal-mammal,pig,"animal, bacon, farm, pork, sow","pork, farm, pink, meat, oink",Sofie Ascherl,2018-04-18,,,,,1,3697
🐗,1F417,animals-nature,animal-mammal,boar,"animal, pig","wild, strong, forest, angry, teeth, tusk",Sofie Ascherl,2018-04-18,,,,,0.6,3698
🐽,1F43D,animals-nature,animal-mammal,pig nose,"animal, face, farm, nose, pig, smell, snout","smell, socket, nose",Sofie Ascherl,2018-04-18,,,,,0.6,3699
🐏,1F40F,animals-nature,animal-mammal,ram,"animal, aries, horns, male, sheep, zodiac, zoo","horns, grass, hooves, wool",Sofie Ascherl,2018-04-18,,,,,1,3700
🐑,1F411,animals-nature,animal-mammal,ewe,"animal, baa, farm, female, fluffy, lamb, sheep, wool","horns, grass, hooves, wool, farm",Sofie Ascherl,2018-04-18,,,,,0.6,3701
🐐,1F410,animals-nature,animal-mammal,goat,"animal, capricorn, farm, milk, zodiac","horns, farm, milk, cheese",Sofie Ascherl,2018-04-18,,,,,1,3702
🐪,1F42A,animals-nature,animal-mammal,camel,"animal, desert, dromedary, hump, one","desert, oasis, sahara, sun, hot, hump",Sofie Ascherl,2018-04-18,,,,,1,3703
🐫,1F42B,animals-nature,animal-mammal,two-hump camel,"animal, bactrian, camel, desert, hump, two, two-hump","desert, oasis, sahara, sun, hot, hump",Sofie Ascherl,2018-04-18,,,,,0.6,3704
🦙,1F999,animals-nature,animal-mammal,llama,"alpaca, animal, guanaco, vicuña, wool",,Carlin MacKenzie,2020-03-21,,,,,11,3705
🦒,1F992,animals-nature,animal-mammal,giraffe,"animal, spots","long, neck, trees, big",Sofie Ascherl,2018-04-18,,,,,5,3706
🐘,1F418,animals-nature,animal-mammal,elephant,animal,"big, wrinkles, trunk, töröö",Sofie Ascherl,2018-04-18,,,,,0.6,3707
🦣,1F9A3,animals-nature,animal-mammal,mammoth,"animal, extinction, large, tusk, wooly",,Liz Bravo,2020-09-26,,,,,13,3708
🦏,1F98F,animals-nature,animal-mammal,rhinoceros,animal,"rhino, horn, africa",Sofie Ascherl,2018-04-18,,,,,3,3709
🦛,1F99B,animals-nature,animal-mammal,hippopotamus,"animal, hippo",,Laura Schießer,2019-05-06,,,,,11,3710
🐭,1F42D,animals-nature,animal-mammal,mouse face,"animal, face, mouse","cute, whiskers, tiny, rodent",Sofie Ascherl,2018-04-18,,,,,0.6,3711
🐁,1F401,animals-nature,animal-mammal,mouse,"animal, animals","small, cute, whiskers, tiny, rodent",Sofie Ascherl,2018-04-18,,,,,1,3712
🐀,1F400,animals-nature,animal-mammal,rat,animal,"rodent, plaque, fleas, canal, garbage",Sofie Ascherl,2018-04-18,,,,,1,3713
🐹,1F439,animals-nature,animal-mammal,hamster,"animal, face, pet","rodent, fat, fluffy, corn",Sofie Ascherl,2018-04-18,,,,,0.6,3714
🐰,1F430,animals-nature,animal-mammal,rabbit face,"animal, bunny, face, pet, rabbit","rodent, teeth, cute, ears, bunny, hopping, easter",Sofie Ascherl,2018-04-18,,,,,0.6,3715
🐇,1F407,animals-nature,animal-mammal,rabbit,"animal, bunny, pet","rodent, teeth, cute, ears, bunny, hopping, easter",Sofie Ascherl,2018-04-18,,,,,1,3716
🐿️,1F43F,animals-nature,animal-mammal,chipmunk,"animal, squirrel","squirrel, alvin",Sofie Ascherl,2018-04-18,,,,,0.7,3718
🦫,1F9AB,animals-nature,animal-mammal,beaver,"animal, dam, teeth",,Liz Bravo,2020-10-07,,,,,13,3719
🦔,1F994,animals-nature,animal-mammal,hedgehog,"animal, spiny",prickly,Sofie Ascherl,2018-04-18,,,,,5,3720
🦇,1F987,animals-nature,animal-mammal,bat,"animal, vampire","batman, dracula",Sofie Ascherl,2018-04-18,,,,,3,3721
🐻,1F43B,animals-nature,animal-mammal,bear,"animal, face, grizzly, growl, honey",brown,Sofie Ascherl,2018-04-18,,,,,0.6,3722
🐻‍❄️,1F43B-200D-2744-FE0F,animals-nature,animal-mammal,polar bear,"animal, arctic, bear, polar, white","ice, arctic, animal, ursa",Sina Grund,2020-02-18,,,,,13,3723
🐨,1F428,animals-nature,animal-mammal,koala,"animal, australia, bear, down, face, marsupial, under","grey, fluffy, eucalyptus, australia, clingy",Sofie Ascherl,2018-04-18,,,,,0.6,3725
🐼,1F43C,animals-nature,animal-mammal,panda,"animal, bamboo, face","kawaii, cute, japan",Sofie Ascherl,2018-04-18,,,,,0.6,3726
🦥,1F9A5,animals-nature,animal-mammal,sloth,"lazy, slow",,Yasmin Abdullahi,2019-05-07,,,,,12,3727
🦦,1F9A6,animals-nature,animal-mammal,otter,"animal, fishing, playful",,Yasmin Abdullahi,2019-05-07,,,,,12,3728
🦨,1F9A8,animals-nature,animal-mammal,skunk,"animal, stink",,Yasmin Abdullahi,2019-05-07,,,,,12,3729
🦘,1F998,animals-nature,animal-mammal,kangaroo,"animal, joey, jump, marsupial",,Laura Schießer,2019-05-06,,,,,11,3730
🦡,1F9A1,animals-nature,animal-mammal,badger,"animal, honey, pester",,Laura Schießer,2019-05-07,,,,,11,3731
🐾,1F43E,animals-nature,animal-mammal,paw prints,"feet, paw, paws, print, prints","paws, feet, pet, animal",Sofie Ascherl,2018-04-18,,,,,0.6,3732
🦃,1F983,animals-nature,animal-bird,turkey,"bird, gobble, thanksgiving",,Selina Bauder,2018-04-18,,,,,1,3733
🐔,1F414,animals-nature,animal-bird,chicken,"animal, bird, ornithology",egg,Selina Bauder,2018-04-18,,,,,0.6,3734
🐓,1F413,animals-nature,animal-bird,rooster,"animal, bird, ornithology",egg,Selina Bauder,2018-04-18,,,,,1,3735
🐣,1F423,animals-nature,animal-bird,hatching chick,"animal, baby, bird, chick, egg, hatching","baby, egg",Selina Bauder,2018-04-18,,,,,0.6,3736
🐤,1F424,animals-nature,animal-bird,baby chick,"animal, baby, bird, chick, ornithology","small, baby, egg",Selina Bauder,2018-04-18,,,,,0.6,3737
🐥,1F425,animals-nature,animal-bird,front-facing baby chick,"animal, baby, bird, chick, front-facing, newborn, ornithology",,Selina Bauder,2018-04-18,,,,,0.6,3738
🐦️,1F426,animals-nature,animal-bird,bird,"animal, ornithology","fly, colourful",Selina Bauder,2018-04-18,,,,,0.6,3739
🐧,1F427,animals-nature,animal-bird,penguin,"animal, antarctica, bird, ornithology",,Selina Bauder,2018-04-18,,,,,0.6,3740
🕊️,1F54A,animals-nature,animal-bird,dove,"bird, fly, ornithology, peace",fly,Selina Bauder,2018-04-18,,,,,0.7,3742
🦅,1F985,animals-nature,animal-bird,eagle,"animal, bird, ornithology",fly,Selina Bauder,2018-04-18,,,,,3,3743
🦆,1F986,animals-nature,animal-bird,duck,"animal, bird, ornithology","water, fly",Selina Bauder,2018-04-18,,,,,3,3744
🦢,1F9A2,animals-nature,animal-bird,swan,"animal, bird, cygnet, duckling, ornithology, ugly",,Laura Schießer,2019-05-06,,,,,11,3745
🦉,1F989,animals-nature,animal-bird,owl,"animal, bird, ornithology, wise",,Selina Bauder,2018-04-18,,,,,3,3746
🦤,1F9A4,animals-nature,animal-bird,dodo,"animal, bird, extinction, large, ornithology",,Liz Bravo,2020-10-07,,,,,13,3747
🪶,1FAB6,animals-nature,animal-bird,feather,"bird, flight, light, plumage",,Liz Bravo,2020-03-26,,,,,13,3748
🦩,1F9A9,animals-nature,animal-bird,flamingo,"animal, bird, flamboyant, ornithology, tropical",flamingo,Mariella Steeb,2018-04-18,,,,,12,3749
🦚,1F99A,animals-nature,animal-bird,peacock,"animal, bird, colorful, ornithology, ostentatious, peahen, pretty, proud",,Laura Schießer,2019-05-06,,,,,11,3750
🦜,1F99C,animals-nature,animal-bird,parrot,"animal, bird, ornithology, pirate, talk",,Ricarda Krejci,2019-05-07,,,,,11,3751
🪽,1FABD,animals-nature,animal-bird,wing,"angelic, ascend, aviation, bird, fly, flying, heavenly, mythology, soar",,Kathrin Gerold,2023-10-25,,,,,15,3752
🐦‍⬛,1F426-200D-2B1B,animals-nature,animal-bird,black bird,"animal, beak, bird, black, caw, corvid, crow, ornithology, raven, rook",,Jasmin Fassler,2023-10-06,,,,,15,3753
🪿,1FABF,animals-nature,animal-bird,goose,"animal, bird, duck, flock, fowl, gaggle, gander, geese, honk, ornithology, silly",,Paul Gabriel,2023-10-25,,,,,15,3754
🐦‍🔥,1F426-200D-1F525,animals-nature,animal-bird,phoenix,"ascend, ascension, emerge, fantasy, firebird, glory, immortal, rebirth, reincarnation, reinvent, renewal, revival, revive, rise, transform",,Vanessa Stoessinger,2024-10-03,,,,,15.1,3755
🐸,1F438,animals-nature,animal-amphibian,frog,"animal, face","jump, green",Selina Bauder,2018-04-18,,,,,0.6,3756
🐊,1F40A,animals-nature,animal-reptile,crocodile,"animal, zoo",dinosaur,Selina Bauder,2018-04-18,,,,,1,3757
🐢,1F422,animals-nature,animal-reptile,turtle,"animal, terrapin, tortoise","slow, water, sand",Robert Winslow,2022-03-29,,,,,0.6,3758
🦎,1F98E,animals-nature,animal-reptile,lizard,"animal, reptile","fast, small",Selina Bauder,2018-04-18,,,,,3,3759
🐍,1F40D,animals-nature,animal-reptile,snake,"animal, bearer, ophiuchus, serpent, zodiac","wriggle, fast",Selina Bauder,2018-04-18,,,,,0.6,3760
🐲,1F432,animals-nature,animal-reptile,dragon face,"animal, dragon, face, fairy, fairytale, tale","fire, fly",Selina Bauder,2018-04-18,,,,,0.6,3761
🐉,1F409,animals-nature,animal-reptile,dragon,"animal, fairy, fairytale, knights, tale","fire, fly",Selina Bauder,2018-04-18,,,,,1,3762
🦕,1F995,animals-nature,animal-reptile,sauropod,"brachiosaurus, brontosaurus, dinosaur, diplodocus",dinosaur,Selina Bauder,2018-04-18,,,,,5,3763
🦖,1F996,animals-nature,animal-reptile,T-Rex,"dinosaur, rex, t, t-rex, tyrannosaurus",dinosaur,Selina Bauder,2018-04-18,,,,,5,3764
🐳,1F433,animals-nature,animal-marine,spouting whale,"animal, beach, face, ocean, spouting, whale","cetacean, swim, animal, water",Kris Kowal,2020-04-04,,,,,0.6,3765
🐋,1F40B,animals-nature,animal-marine,whale,"animal, beach, ocean","cetacean, swim, animal, water",Kris Kowal,2020-04-04,,,,,1,3766
🐬,1F42C,animals-nature,animal-marine,dolphin,"animal, beach, flipper, ocean","cetacean, swim, animal, water",Kris Kowal,2020-04-04,,,,,0.6,3767
🫍,1FACD,animals-nature,animal-marine,orca,"marine, ocean, whale","cetacean, whale, orca, killer whale, blackfish, swim, animal, water",Selina Bauder,2018-04-18,,,,,17,3768
🦭,1F9AD,animals-nature,animal-marine,seal,"animal, lion, ocean, sea",,Liz Bravo,2020-09-26,,,,,13,3769
🐟️,1F41F,animals-nature,animal-marine,fish,"animal, dinner, fishes, fishing, pisces, zodiac","swim, animal, water",Selina Bauder,2018-04-18,,,,,0.6,3770
🐠,1F420,animals-nature,animal-marine,tropical fish,"animal, fish, fishes, tropical","swim, animal, water",Selina Bauder,2018-04-18,,,,,0.6,3771
🐡,1F421,animals-nature,animal-marine,blowfish,"animal, fish","swim, animal, water",Selina Bauder,2018-04-18,,,,,0.6,3772
🦈,1F988,animals-nature,animal-marine,shark,"animal, fish","swim, animal, water",Selina Bauder,2018-04-18,,,,,3,3773
🐙,1F419,animals-nature,animal-marine,octopus,"animal, creature, ocean","swim, animal, water",Selina Bauder,2018-04-18,,,,,0.6,3774
🐚,1F41A,animals-nature,animal-marine,spiral shell,"animal, beach, conch, sea, shell, spiral","beach, sand, water",Selina Bauder,2018-04-18,,,,,0.6,3775
🪸,1FAB8,animals-nature,animal-marine,coral,"change, climate, ocean, reef, sea",,Alena Peichl,2022-05-09,,,,,14,3776
🪼,1FABC,animals-nature,animal-marine,jellyfish,"animal, aquarium, burn, invertebrate, jelly, life, marine, ocean, ouch, plankton, sea, sting, stinger, tentacles",,Raluca Maniu,2023-10-25,,,,,15,3777
🦀,1F980,animals-nature,animal-marine,crab,"cancer, zodiac","cancer, zodiac",Liz Bravo,2021-04-28,,,,,1,3778
🦞,1F99E,animals-nature,animal-marine,lobster,"animal, bisque, claws, seafood",,Ricarda Krejci,2019-05-07,,,,,11,3779
🦐,1F990,animals-nature,animal-marine,shrimp,"food, shellfish, small","swim, animal, water, food",Robert Winslow,2022-03-29,,,,,3,3780
🦑,1F991,animals-nature,animal-marine,squid,"animal, food, mollusk","swim, animal, water",Selina Bauder,2018-04-18,,,,,3,3781
🦪,1F9AA,animals-nature,animal-marine,oyster,"diving, pearl",shell,Liz Bravo,2021-04-28,,,,,12,3782
🐌,1F40C,animals-nature,animal-bug,snail,"animal, escargot, garden, nature, slug",,Selina Bauder,2018-04-18,,,,,0.6,3783
🦋,1F98B,animals-nature,animal-bug,butterfly,"insect, pretty",,Robert Winslow,2022-03-29,,,,,3,3784
🐛,1F41B,animals-nature,animal-bug,bug,"animal, garden, insect",,Liz Bravo,2020-12-22,,,,,0.6,3785
🐜,1F41C,animals-nature,animal-bug,ant,"animal, garden, insect",,Selina Bauder,2018-04-18,,,,,0.6,3786
🐝,1F41D,animals-nature,animal-bug,honeybee,"animal, bee, bumblebee, honey, insect, nature, spring",,Selina Bauder,2018-04-18,,,,,0.6,3787
🪲,1FAB2,animals-nature,animal-bug,beetle,"animal, bug, insect",,Liz Bravo,2020-09-26,,,,,13,3788
🐞,1F41E,animals-nature,animal-bug,lady beetle,"animal, beetle, garden, insect, lady, ladybird, ladybug, nature",,Liz Bravo,2020-12-22,,,,,0.6,3789
🦗,1F997,animals-nature,animal-bug,cricket,"animal, bug, grasshopper, insect, orthoptera",,Selina Bauder,2018-04-18,,,,,5,3790
🪳,1FAB3,animals-nature,animal-bug,cockroach,"animal, insect, pest, roach",,Liz Bravo,2020-09-26,,,,,13,3791
🕷️,1F577,animals-nature,animal-bug,spider,"animal, insect",,Selina Bauder,2018-04-18,,,,,0.7,3793
🕸️,1F578,animals-nature,animal-bug,spider web,"spider, web",,Selina Bauder,2018-04-18,,,,,0.7,3795
🦂,1F982,animals-nature,animal-bug,scorpion,"scorpio, scorpius, zodiac",,Selina Bauder,2018-04-18,,,,,1,3796
🦟,1F99F,animals-nature,animal-bug,mosquito,"bite, disease, fever, insect, malaria, pest, virus",,Liz Bravo,2020-12-22,,,,,11,3797
🪰,1FAB0,animals-nature,animal-bug,fly,"animal, disease, insect, maggot, pest, rotting",,Liz Bravo,2020-03-07,,,,,13,3798
🪱,1FAB1,animals-nature,animal-bug,worm,"animal, annelid, earthworm, parasite",,Liz Bravo,2020-03-07,,,,,13,3799
🦠,1F9A0,animals-nature,animal-bug,microbe,"amoeba, bacteria, science, virus","corona, virus, COVID-19",Benedikt Groß,2020-07-07,,,,,11,3800
💐,1F490,animals-nature,plant-flower,bouquet,"anniversary, birthday, date, flower, love, plant, romance","present, flower, tulip, bouquet",Liz Bravo,2021-05-04,,,,,0.6,3801
🌸,1F338,animals-nature,plant-flower,cherry blossom,"blossom, cherry, flower, plant, spring, springtime",pink,Hilda Kalyoncu,2018-04-18,,,,,0.6,3802
💮,1F4AE,animals-nature,plant-flower,white flower,"flower, white",,Ricarda Krejci,2019-05-07,,,,,0.6,3803
🪷,1FAB7,animals-nature,plant-flower,lotus,"beauty, buddhism, calm, flower, hinduism, peace, purity, serenity",,Max Isele,2022-05-09,,,,,14,3804
🏵️,1F3F5,animals-nature,plant-flower,rosette,plant,,Ricarda Krejci,2019-05-07,,,,,0.7,3806
🌹,1F339,animals-nature,plant-flower,rose,"beauty, elegant, flower, love, plant, red, valentine","rose, red, nature, present, valentines day",Hilda Kalyoncu,2018-04-18,,,,,0.6,3807
🥀,1F940,animals-nature,plant-flower,wilted flower,"dying, flower, wilted","rose, red, sad, plant",Hilda Kalyoncu,2018-04-18,,,,,3,3808
🌺,1F33A,animals-nature,plant-flower,hibiscus,"flower, plant",pink,Hilda Kalyoncu,2018-04-18,,,,,0.6,3809
🌻,1F33B,animals-nature,plant-flower,sunflower,"flower, outdoors, plant, sun","sun, flower, yellow, summer",Hilda Kalyoncu,2018-04-18,,,,,0.6,3810
🌼,1F33C,animals-nature,plant-flower,blossom,"buttercup, dandelion, flower, plant","yellow, nature",Hilda Kalyoncu,2018-04-18,,,,,0.6,3811
🌷,1F337,animals-nature,plant-flower,tulip,"blossom, flower, growth, plant","pink, eastern",Hilda Kalyoncu,2018-04-18,,,,,0.6,3812
🪻,1FABB,animals-nature,plant-flower,hyacinth,"bloom, bluebonnet, flower, indigo, lavender, lilac, lupine, plant, purple, shrub, snapdragon, spring, violet",,Simon Rutsch,2023-10-25,,,,,15,3813
🌱,1F331,animals-nature,plant-other,seedling,"plant, sapling, sprout, young","farming, growing, green, leaf, leaves, plant",Hilda Kalyoncu,2018-04-18,,,,,0.6,3814
🪴,1FAB4,animals-nature,plant-other,potted plant,"decor, grow, house, nurturing, plant, pot, potted",,Liz Bravo,2020-03-26,,,,,13,3815
🌲,1F332,animals-nature,plant-other,evergreen tree,"christmas, evergreen, forest, pine, tree","green, fir, plant",Hilda Kalyoncu,2018-04-18,,,,,1,3816
🌳,1F333,animals-nature,plant-other,deciduous tree,"deciduous, forest, green, habitat, shedding, tree","green, plant",Hilda Kalyoncu,2018-04-18,,,,,1,3817
🌴,1F334,animals-nature,plant-other,palm tree,"beach, palm, plant, tree, tropical","sea, vacation, beach, relax",Hilda Kalyoncu,2018-04-18,,,,,0.6,3818
🌵,1F335,animals-nature,plant-other,cactus,"desert, drought, nature, plant","desert, sun, warm, hot, texas, plant",Liz Bravo,2020-12-22,,,,,0.6,3819
🌾,1F33E,animals-nature,plant-other,sheaf of rice,"ear, grain, grains, plant, rice, sheaf",,Hend Hourani,2018-11-16,,,,,0.6,3820
🌿,1F33F,animals-nature,plant-other,herb,"leaf, plant","green, leaves, plant",Hilda Kalyoncu,2018-04-18,,,,,0.6,3821
☘️,2618,animals-nature,plant-other,shamrock,"irish, plant","green, leaf, leaves",Hilda Kalyoncu,2018-04-18,,,,,1,3823
🍀,1F340,animals-nature,plant-other,four leaf clover,"4, clover, four, four-leaf, irish, leaf, lucky, plant","luck, leaves, green, plant",Hilda Kalyoncu,2018-04-18,,,,,0.6,3824
🍁,1F341,animals-nature,plant-other,maple leaf,"falling, leaf, maple","autumn, fall, orange",Hilda Kalyoncu,2018-04-18,,,,,0.6,3825
🍂,1F342,animals-nature,plant-other,fallen leaf,"autumn, fall, fallen, falling, leaf",,Ricarda Krejci,2019-05-07,,,,,0.6,3826
🍃,1F343,animals-nature,plant-other,leaf fluttering in wind,"blow, flutter, fluttering, leaf, wind",,Ricarda Krejci,2019-05-07,,,,,0.6,3827
🪹,1FAB9,animals-nature,plant-other,empty nest,"branch, empty, home, nest, nesting",,Alena Peichl,2022-05-09,,,,,14,3828
🪺,1FABA,animals-nature,plant-other,nest with eggs,"bird, branch, egg, eggs, nest, nesting",,Alena Peichl,2022-05-09,,,,,14,3829
🍄,1F344,animals-nature,plant-other,mushroom,"fungus, toadstool",mushroom,Marius Schnabel,2018-04-18,,,,,0.6,3830
🪾,1FABE,animals-nature,plant-other,leafless tree,"bare, barren, branches, dead, drought, leafless, tree, trunk, winter, wood",,Daniel Utz,2025-02-18,,,,,16,3831
🍇,1F347,food-drink,food-fruit,grapes,"dionysus, fruit, grape",,Hend Hourani,2018-11-16,,,,,0.6,3832
🍈,1F348,food-drink,food-fruit,melon,"cantaloupe, fruit",,Hend Hourani,2018-11-16,,,,,0.6,3833
🍉,1F349,food-drink,food-fruit,watermelon,fruit,"melon, red",Marius Schnabel,2018-04-18,,,,,0.6,3834
🍊,1F34A,food-drink,food-fruit,tangerine,"c, citrus, fruit, nectarine, orange, vitamin",,Liz Bravo,2021-05-04,,,,,0.6,3835
🍋,1F34B,food-drink,food-fruit,lemon,"citrus, fruit, sour",yellow,Marius Schnabel,2018-04-18,,,,,1,3836
🍋‍🟩,1F34B-200D-1F7E9,food-drink,food-fruit,lime,"acidity, citrus, cocktail, fruit, garnish, key, margarita, mojito, refreshing, salsa, sour, tangy, tequila, tropical, zest",,Annika Raue,2024-10-03,,,,,15.1,3837
🍌,1F34C,food-drink,food-fruit,banana,"fruit, potassium",yellow,Marius Schnabel,2018-04-18,,,,,0.6,3838
🍍,1F34D,food-drink,food-fruit,pineapple,"colada, fruit, pina, tropical",tropical,Marius Schnabel,2018-04-18,,,,,0.6,3839
🥭,1F96D,food-drink,food-fruit,mango,"food, fruit, tropical",,Ricarda Krejci,2019-05-07,,,,,11,3840
🍎,1F34E,food-drink,food-fruit,red apple,"apple, diet, food, fruit, health, red, ripe",,Liz Bravo,2021-05-04,,,,,0.6,3841
🍏,1F34F,food-drink,food-fruit,green apple,"apple, fruit, green",,Marius Schnabel,2018-04-18,,,,,0.6,3842
🍐,1F350,food-drink,food-fruit,pear,fruit,green,Marius Schnabel,2018-04-18,,,,,1,3843
🍑,1F351,food-drink,food-fruit,peach,fruit,"pink, red",Marius Schnabel,2018-04-18,,,,,0.6,3844
🍒,1F352,food-drink,food-fruit,cherries,"berries, cherry, fruit, red",,Marius Schnabel,2018-04-18,,,,,0.6,3845
🍓,1F353,food-drink,food-fruit,strawberry,"berry, fruit",,Liz Bravo,2021-05-04,,,,,0.6,3846
🫐,1FAD0,food-drink,food-fruit,blueberries,"berries, berry, bilberry, blue, blueberry, food, fruit",,Liz Bravo,2020-03-03,,,,,13,3847
🥝,1F95D,food-drink,food-fruit,kiwi fruit,"food, fruit, kiwi",green,Marius Schnabel,2018-04-18,,,,,3,3848
🍅,1F345,food-drink,food-fruit,tomato,"food, fruit, vegetable",red,Marius Schnabel,2018-04-18,,,,,0.6,3849
🫒,1FAD2,food-drink,food-fruit,olive,food,,Liz Bravo,2020-03-07,,,,,13,3850
🥥,1F965,food-drink,food-fruit,coconut,"colada, palm, piña",nut,Marius Schnabel,2018-04-18,,,,,5,3851
🥑,1F951,food-drink,food-vegetable,avocado,"food, fruit",avocado,Marius Schnabel,2018-04-18,,,,,3,3852
🍆,1F346,food-drink,food-vegetable,eggplant,"aubergine, vegetable",purple,Marius Schnabel,2018-04-18,,,,,0.6,3853
🥔,1F954,food-drink,food-vegetable,potato,"food, vegetable",,Marius Schnabel,2018-04-18,,,,,3,3854
🥕,1F955,food-drink,food-vegetable,carrot,"food, vegetable",,Marius Schnabel,2018-04-18,,,,,3,3855
🌽,1F33D,food-drink,food-vegetable,ear of corn,"corn, crops, ear, farm, maize, maze",yellow,Marius Schnabel,2018-04-18,,,,,0.6,3856
🌶️,1F336,food-drink,food-vegetable,hot pepper,"hot, pepper",red,Marius Schnabel,2018-04-18,,,,,0.7,3858
🫑,1FAD1,food-drink,food-vegetable,bell pepper,"bell, capsicum, food, pepper, vegetable",,Liz Bravo,2020-07-21,,,,,13,3859
🥒,1F952,food-drink,food-vegetable,cucumber,"food, pickle, vegetable",,Liz Bravo,2021-05-04,,,,,3,3860
🥬,1F96C,food-drink,food-vegetable,leafy green,"bok, burgers, cabbage, choy, green, kale, leafy, lettuce, salad",,Ricarda Krejci,2019-05-07,,,,,11,3861
🥦,1F966,food-drink,food-vegetable,broccoli,"cabbage, wild",,Marius Schnabel,2018-04-18,,,,,5,3862
🧄,1F9C4,food-drink,food-vegetable,garlic,flavoring,,Yasmin Abdullahi,2019-05-07,,,,,12,3863
🧅,1F9C5,food-drink,food-vegetable,onion,flavoring,,Yasmin Abdullahi,2019-05-07,,,,,12,3864
🥜,1F95C,food-drink,food-vegetable,peanuts,"food, nut, peanut, vegetable",,Marius Schnabel,2018-04-18,,,,,3,3865
🫘,1FAD8,food-drink,food-vegetable,beans,"food, kidney, legume, small",,Jana Junk,2022-05-09,,,,,14,3866
🌰,1F330,food-drink,food-vegetable,chestnut,"almond, plant",,Hend Hourani,2018-11-16,,,,,0.6,3867
🫚,1FADA,food-drink,food-vegetable,ginger root,"beer, ginger, health, herb, natural, root, spice",,Jennifer Zhu,2023-10-25,,,,,15,3868
🫛,1FADB,food-drink,food-vegetable,pea pod,"beans, beanstalk, edamame, legume, pea, pod, soybean, vegetable, veggie",,Sonja Partheymüller,2023-10-25,,,,,15,3869
🍄‍🟫,1F344-200D-1F7EB,food-drink,food-vegetable,brown mushroom,"food, fungi, fungus, mushroom, nature, pizza, portobello, shiitake, shroom, spore, sprout, toppings, truffle, vegetable, vegetarian, veggie",,Annika Raue,2024-10-03,,,,,15.1,3870
🫜,1FADC,food-drink,food-vegetable,root vegetable,"beet, food, garden, radish, root, salad, turnip, vegetable, vegetarian",,Daniel Utz,2025-02-18,,,,,16,3871
🍞,1F35E,food-drink,food-prepared,bread,"carbs, food, grain, loaf, restaurant, toast, wheat",,Miriam Vollmeier,2018-04-18,,,,,0.6,3872
🥐,1F950,food-drink,food-prepared,croissant,"bread, breakfast, crescent, food, french, roll",,Miriam Vollmeier,2018-04-18,,,,,3,3873
🥖,1F956,food-drink,food-prepared,baguette bread,"baguette, bread, food, french",,Miriam Vollmeier,2018-04-18,,,,,3,3874
🫓,1FAD3,food-drink,food-prepared,flatbread,"arepa, bread, food, gordita, lavash, naan, pita",,Liz Bravo,2020-03-03,,,,,13,3875
🥨,1F968,food-drink,food-prepared,pretzel,"convoluted, twisted",,Miriam Vollmeier,2018-04-18,,,,,5,3876
🥯,1F96F,food-drink,food-prepared,bagel,"bakery, bread, breakfast, schmear",,Ricarda Krejci,2019-05-07,,,,,11,3877
🥞,1F95E,food-drink,food-prepared,pancakes,"breakfast, crêpe, food, hotcake, pancake",,Ricarda Krejci,2019-05-07,,,,,3,3878
🧇,1F9C7,food-drink,food-prepared,waffle,"breakfast, indecisive, iron","breakfast, indecisive, iron",Liz Bravo,2021-04-28,,,,,12,3879
🧀,1F9C0,food-drink,food-prepared,cheese wedge,"cheese, wedge",,Miriam Vollmeier,2018-04-18,,,,,1,3880
🍖,1F356,food-drink,food-prepared,meat on bone,"bone, meat",,Miriam Vollmeier,2018-04-18,,,,,0.6,3881
🍗,1F357,food-drink,food-prepared,poultry leg,"bone, chicken, drumstick, hungry, leg, poultry, turkey",,Miriam Vollmeier,2018-04-18,,,,,0.6,3882
🥩,1F969,food-drink,food-prepared,cut of meat,"chop, cut, lambchop, meat, porkchop, red, steak",,Miriam Vollmeier,2018-04-18,,,,,5,3883
🥓,1F953,food-drink,food-prepared,bacon,"breakfast, food, meat",,Miriam Vollmeier,2018-04-18,,,,,3,3884
🍔,1F354,food-drink,food-prepared,hamburger,"burger, eat, fast, food, hungry",,Miriam Vollmeier,2018-04-18,,,,,0.6,3885
🍟,1F35F,food-drink,food-prepared,french fries,"fast, food, french, fries",,Miriam Vollmeier,2018-04-18,,,,,0.6,3886
🍕,1F355,food-drink,food-prepared,pizza,"cheese, food, hungry, pepperoni, slice",,Miriam Vollmeier,2018-04-18,,,,,0.6,3887
🌭,1F32D,food-drink,food-prepared,hot dog,"dog, frankfurter, hot, hotdog, sausage",,Miriam Vollmeier,2018-04-18,,,,,1,3888
🥪,1F96A,food-drink,food-prepared,sandwich,bread,,Miriam Vollmeier,2018-04-18,,,,,5,3889
🌮,1F32E,food-drink,food-prepared,taco,mexican,,Miriam Vollmeier,2018-04-18,,,,,1,3890
🌯,1F32F,food-drink,food-prepared,burrito,"mexican, wrap",,Miriam Vollmeier,2018-04-18,,,,,1,3891
🫔,1FAD4,food-drink,food-prepared,tamale,"food, mexican, pamonha, wrapped",,Liz Bravo,2020-03-03,,,,,13,3892
🥙,1F959,food-drink,food-prepared,stuffed flatbread,"falafel, flatbread, food, gyro, kebab, stuffed",,Ricarda Krejci,2019-05-07,,,,,3,3893
🧆,1F9C6,food-drink,food-prepared,falafel,"chickpea, meatball","hummus, pita",Corvin Kraasch,2020-03-06,,,,,12,3894
🥚,1F95A,food-drink,food-prepared,egg,"breakfast, food",,Niklas Kuntz,2022-07-01,,,,,3,3895
🍳,1F373,food-drink,food-prepared,cooking,"breakfast, easy, egg, fry, frying, over, pan, restaurant, side, sunny, up",,Miriam Vollmeier,2018-04-18,,,,,0.6,3896
🥘,1F958,food-drink,food-prepared,shallow pan of food,"casserole, food, paella, pan, shallow",,Ricarda Krejci,2019-05-07,,,,,3,3897
🍲,1F372,food-drink,food-prepared,pot of food,"food, pot, soup, stew",,Miriam Vollmeier,2018-04-18,,,,,0.6,3898
🫕,1FAD5,food-drink,food-prepared,fondue,"cheese, chocolate, food, melted, pot, ski",,Liz Bravo,2020-07-21,,,,,13,3899
🥣,1F963,food-drink,food-prepared,bowl with spoon,"bowl, breakfast, cereal, congee, oatmeal, porridge, spoon",,Liz Bravo,2020-12-22,,,,,5,3900
🥗,1F957,food-drink,food-prepared,green salad,"food, green, salad",,Ricarda Krejci,2019-05-07,,,,,3,3901
🍿,1F37F,food-drink,food-prepared,popcorn,"corn, movie, pop",,Miriam Vollmeier,2018-04-18,,,,,1,3902
🧈,1F9C8,food-drink,food-prepared,butter,dairy,,Evelyn Soos,2019-05-04,,,,,12,3903
🧂,1F9C2,food-drink,food-prepared,salt,"condiment, flavor, mad, salty, shaker, taste, upset",,Ricarda Krejci,2019-05-07,,,,,11,3904
🥫,1F96B,food-drink,food-prepared,canned food,"can, canned, food",,Daniel Quiros,2018-11-16,,,,,5,3905
🍱,1F371,food-drink,food-asian,bento box,"bento, box, food",,Miriam Vollmeier,2018-04-18,,,,,0.6,3906
🍘,1F358,food-drink,food-asian,rice cracker,"cracker, food, rice",,Miriam Vollmeier,2018-04-18,,,,,0.6,3907
🍙,1F359,food-drink,food-asian,rice ball,"ball, food, japanese, rice",,Miriam Vollmeier,2018-04-18,,,,,0.6,3908
🍚,1F35A,food-drink,food-asian,cooked rice,"cooked, food, rice",,Miriam Vollmeier,2018-04-18,,,,,0.6,3909
🍛,1F35B,food-drink,food-asian,curry rice,"curry, food, rice",,Ricarda Krejci,2019-05-07,,,,,0.6,3910
🍜,1F35C,food-drink,food-asian,steaming bowl,"bowl, chopsticks, food, noodle, pho, ramen, soup, steaming",,Hend Hourani,2018-11-16,,,,,0.6,3911
🍝,1F35D,food-drink,food-asian,spaghetti,"food, meatballs, pasta, restaurant",,Liz Bravo,2021-05-04,,,,,0.6,3912
🍠,1F360,food-drink,food-asian,roasted sweet potato,"food, potato, roasted, sweet",,Miriam Vollmeier,2018-04-18,,,,,0.6,3913
🍢,1F362,food-drink,food-asian,oden,"food, kebab, restaurant, seafood, skewer, stick",,Miriam Vollmeier,2018-04-18,,,,,0.6,3914
🍣,1F363,food-drink,food-asian,sushi,food,,Miriam Vollmeier,2018-04-18,,,,,0.6,3915
🍤,1F364,food-drink,food-asian,fried shrimp,"fried, prawn, shrimp, tempura",,Miriam Vollmeier,2018-04-18,,,,,0.6,3916
🍥,1F365,food-drink,food-asian,fish cake with swirl,"cake, fish, food, pastry, restaurant, swirl",,Hend Hourani,2018-11-16,,,,,0.6,3917
🥮,1F96E,food-drink,food-asian,moon cake,"autumn, cake, festival, moon, yuèbǐng",,Ricarda Krejci,2019-05-07,,,,,11,3918
🍡,1F361,food-drink,food-asian,dango,"dessert, japanese, skewer, stick, sweet",,Miriam Vollmeier,2018-04-18,,,,,0.6,3919
🥟,1F95F,food-drink,food-asian,dumpling,"empanada, gyōza, jiaozi, pierogi, potsticker",,Ricarda Krejci,2019-05-07,,,,,5,3920
🥠,1F960,food-drink,food-asian,fortune cookie,"cookie, fortune, prophecy",,Ricarda Krejci,2019-05-07,,,,,5,3921
🥡,1F961,food-drink,food-asian,takeout box,"box, chopsticks, delivery, food, oyster, pail, takeout",,Daniel Quiros,2018-11-16,,,,,5,3922
🍦,1F366,food-drink,food-sweet,soft ice cream,"cream, dessert, food, ice, icecream, restaurant, serve, soft, sweet",,Miriam Vollmeier,2018-04-18,,,,,0.6,3923
🍧,1F367,food-drink,food-sweet,shaved ice,"dessert, ice, restaurant, shaved, sweet",,Miriam Vollmeier,2018-04-18,,,,,0.6,3924
🍨,1F368,food-drink,food-sweet,ice cream,"cream, dessert, food, ice, restaurant, sweet",,Miriam Vollmeier,2018-04-18,,,,,0.6,3925
🍩,1F369,food-drink,food-sweet,doughnut,"breakfast, dessert, donut, food, sweet",,Miriam Vollmeier,2018-04-18,,,,,0.6,3926
🍪,1F36A,food-drink,food-sweet,cookie,"chip, chocolate, dessert, sweet",,Miriam Vollmeier,2018-04-18,,,,,0.6,3927
🎂,1F382,food-drink,food-sweet,birthday cake,"bday, birthday, cake, celebration, dessert, happy, pastry, sweet",,Miriam Vollmeier,2018-04-18,,,,,0.6,3928
🍰,1F370,food-drink,food-sweet,shortcake,"cake, dessert, pastry, slice, sweet",,Miriam Vollmeier,2018-04-18,,,,,0.6,3929
🧁,1F9C1,food-drink,food-sweet,cupcake,"bakery, dessert, sprinkles, sugar, sweet, treat",,Jonas Dunkel,2019-05-07,,,,,11,3930
🥧,1F967,food-drink,food-sweet,pie,"apple, filling, fruit, meat, pastry, pumpkin, slice",,Miriam Vollmeier,2018-04-18,,,,,5,3931
🍫,1F36B,food-drink,food-sweet,chocolate bar,"bar, candy, chocolate, dessert, halloween, sweet, tooth",,Miriam Vollmeier,2018-04-18,,,,,0.6,3932
🍬,1F36C,food-drink,food-sweet,candy,"cavities, dessert, halloween, restaurant, sweet, tooth, wrapper",,Miriam Vollmeier,2018-04-18,,,,,0.6,3933
🍭,1F36D,food-drink,food-sweet,lollipop,"candy, dessert, food, restaurant, sweet",,Carlin MacKenzie,2020-05-20,,,,,0.6,3934
🍮,1F36E,food-drink,food-sweet,custard,"dessert, pudding, sweet",,Liz Bravo,2021-05-04,,,,,0.6,3935
🍯,1F36F,food-drink,food-sweet,honey pot,"barrel, bear, food, honey, honeypot, jar, pot, sweet",,Miriam Vollmeier,2018-04-18,,,,,0.6,3936
🍼,1F37C,food-drink,drink,baby bottle,"babies, baby, birth, born, bottle, drink, infant, milk, newborn","baby, drink, sweet",Laura Humpfer,2018-04-18,,,,,1,3937
🥛,1F95B,food-drink,drink,glass of milk,"drink, glass, milk",,Laura Humpfer,2018-04-18,,,,,3,3938
☕️,2615,food-drink,drink,hot beverage,"beverage, cafe, caffeine, chai, coffee, drink, hot, morning, steaming, tea",,Alexander Müller,2020-05-11,,,,,0.6,3939
🫖,1FAD6,food-drink,drink,teapot,"brew, drink, food, pot, tea",,Andrew Luckett,2023-05-16,,,,,13,3940
🍵,1F375,food-drink,drink,teacup without handle,"beverage, cup, drink, handle, oolong, tea, teacup","glass, hot",Laura Humpfer,2018-04-18,,,,,0.6,3941
🍶,1F376,food-drink,drink,sake,"bar, beverage, bottle, cup, drink, restaurant",,Laura Humpfer,2018-04-18,,,,,0.6,3942
🍾,1F37E,food-drink,drink,bottle with popping cork,"bar, bottle, cork, drink, popping","party, celebrate, event",Laura Humpfer,2018-04-18,,,,,1,3943
🍷,1F377,food-drink,drink,wine glass,"alcohol, bar, beverage, booze, club, drink, drinking, drinks, glass, restaurant, wine","classic, drink, beverage, alcohol",Laura Humpfer,2018-04-18,,,,,0.6,3944
🍸️,1F378,food-drink,drink,cocktail glass,"alcohol, bar, booze, club, cocktail, drink, drinking, drinks, glass, mad, martini, men","classic, alcohol, elegant, party",Laura Humpfer,2018-04-18,,,,,0.6,3945
🍹,1F379,food-drink,drink,tropical drink,"alcohol, bar, booze, club, cocktail, drink, drinking, drinks, drunk, mai, party, tai, tropical, tropics","cocktail, glass, drink, party, summer, party",Laura Humpfer,2018-04-18,,,,,0.6,3946
🍺,1F37A,food-drink,drink,beer mug,"alcohol, ale, bar, beer, booze, drink, drinking, drinks, mug, octoberfest, oktoberfest, pint, stein, summer","beer, german, alcohol, bavaria, party",Laura Humpfer,2018-04-18,,,,,0.6,3947
🍻,1F37B,food-drink,drink,clinking beer mugs,"alcohol, bar, beer, booze, bottoms, cheers, clink, clinking, drinking, drinks, mugs","beer, german, party, alcohol, bavaria, party",Laura Humpfer,2018-04-18,,,,,0.6,3948
🥂,1F942,food-drink,drink,clinking glasses,"celebrate, clink, clinking, drink, glass, glasses","party, secco",Laura Humpfer,2018-04-18,,,,,3,3949
🥃,1F943,food-drink,drink,tumbler glass,"glass, liquor, scotch, shot, tumbler, whiskey, whisky","alcohol, classic",Laura Humpfer,2018-04-18,,,,,3,3950
🫗,1FAD7,food-drink,drink,pouring liquid,"accident, drink, empty, glass, liquid, oops, pour, pouring, spill, water",,Klara Schöninger,2022-05-09,,,,,14,3951
🥤,1F964,food-drink,drink,cup with straw,"cup, drink, juice, malt, soda, soft, straw, water","beverage, fastfood",Laura Humpfer,2018-04-18,,,,,5,3952
🧋,1F9CB,food-drink,drink,bubble tea,"boba, bubble, food, milk, pearl, tea",,Liz Bravo,2020-07-21,,,,,13,3953
🧃,1F9C3,food-drink,drink,beverage box,"beverage, box, juice, straw, sweet",,Evelyn Soos,2019-05-04,,,,,12,3954
🧉,1F9C9,food-drink,drink,mate,drink,,Evelyn Soos,2019-05-04,,,,,12,3955
🧊,1F9CA,food-drink,drink,ice,"cold, cube, iceberg",isometric,Evelyn Soos,2019-05-04,,,,,12,3956
🥢,1F962,food-drink,dishware,chopsticks,"hashi, jeotgarak, kuaizi","sticks, eat, chopstick",Jonas Roßner,2018-04-18,,,,,5,3957
🍽️,1F37D,food-drink,dishware,fork and knife with plate,"cooking, dinner, eat, fork, knife, plate",eat,Jonas Roßner,2018-04-18,,,,,0.7,3959
🍴,1F374,food-drink,dishware,fork and knife,"breakfast, breaky, cooking, cutlery, delicious, dinner, eat, feed, food, fork, hungry, knife, lunch, restaurant, yum, yummy",eat,Jonas Roßner,2018-04-18,,,,,0.6,3960
🥄,1F944,food-drink,dishware,spoon,"eat, tableware","metal, spoon, eat",Jonas Roßner,2018-04-18,,,,,3,3961
🔪,1F52A,food-drink,dishware,kitchen knife,"chef, cooking, hocho, kitchen, knife, tool, weapon",eat,Jonas Roßner,2018-04-18,,,,,0.6,3962
🫙,1FAD9,food-drink,dishware,jar,"condiment, container, empty, nothing, sauce, store",,Alexander Müller,2021-05-09,,,,,14,3963
🏺,1F3FA,food-drink,dishware,amphora,"aquarius, cooking, drink, jug, tool, weapon, zodiac",,Liz Bravo,2020-12-22,,,,,1,3964
🌍️,1F30D,travel-places,place-map,globe showing Europe-Africa,"africa, earth, europe, europe-africa, globe, showing, world","geographic, continent, global, planet",Martin Wehl,2018-04-18,,,,,0.7,3965
🌎️,1F30E,travel-places,place-map,globe showing Americas,"americas, earth, globe, showing, world","geographic, continent, global, planet",Martin Wehl,2018-04-18,,,,,0.7,3966
🌏️,1F30F,travel-places,place-map,globe showing Asia-Australia,"asia, asia-australia, australia, earth, globe, showing, world","geographic, continent, global, planet",Martin Wehl,2018-04-18,,,,,0.6,3967
🌐,1F310,travel-places,place-map,globe with meridians,"earth, globe, internet, meridians, web, world, worldwide","geographic, continent, global, planet, grid",Martin Wehl,2018-04-18,,,,,1,3968
🗺️,1F5FA,travel-places,place-map,world map,"map, world","geographic, continent, global, planet, earth",Martin Wehl,2018-04-18,,,,,0.7,3970
🗾,1F5FE,travel-places,place-map,map of Japan,"japan, map",,Louisa Mantsch,2018-11-16,,,,,0.6,3971
🧭,1F9ED,travel-places,place-map,compass,"direction, magnetic, navigation, orienteering","wayfinding, direction",Kai Magnus Müller,2018-04-18,,,,,11,3972
🏔️,1F3D4,travel-places,place-geographic,snow-capped mountain,"cold, mountain, snow, snow-capped","landscape, nature, hiking, climbing, white, outdoor, adventure",Martin Wehl,2018-04-18,,,,,0.7,3974
⛰️,26F0,travel-places,place-geographic,mountain,mountain,"landscape, nature, hiking, climbing, outdoor, adventure",Martin Wehl,2018-04-18,,,,,0.7,3976
🛘,1F6D8,travel-places,place-geographic,landslide,"avalanche, danger, disaster, earthquake, mountain, mudslide, rocks",,Guemil Project,2019-01-14,,,,,17,3977
🌋,1F30B,travel-places,place-geographic,volcano,"eruption, mountain, nature","vulcano, landscape, nature, fire, smoke, hot",Guemil Project,2019-01-14,,,,,0.6,3978
🗻,1F5FB,travel-places,place-geographic,mount fuji,"fuji, mount, mountain, nature","japan, japanese, geographic",Martin Wehl,2018-04-18,,,,,0.6,3979
🏕️,1F3D5,travel-places,place-geographic,camping,camping,"nature, outdoor, tent, adventure, sleeping",Martin Wehl,2018-04-18,,,,,0.7,3981
🏖️,1F3D6,travel-places,place-geographic,beach with umbrella,"beach, umbrella","nature, summer, sun, sand, water, holidays",Martin Wehl,2018-04-18,,,,,0.7,3983
🏜️,1F3DC,travel-places,place-geographic,desert,desert,"nature, hot, sun, sand, dry",Martin Wehl,2018-04-18,,,,,0.7,3985
🏝️,1F3DD,travel-places,place-geographic,desert island,"desert, island","sun, lonely, sand, water, stranded, palm, nature",Martin Wehl,2018-04-18,,,,,0.7,3987
🏞️,1F3DE,travel-places,place-geographic,national park,"national, park","nature, outdoor, adventure, woods, mountain",Martin Wehl,2018-04-18,,,,,0.7,3989
🏟️,1F3DF,travel-places,place-building,stadium,stadium,"building, football, sports, olympic",Martin Wehl,2018-04-18,,,,,0.7,3991
🏛️,1F3DB,travel-places,place-building,classical building,"building, classical","building, historical, old, antique",Martin Wehl,2018-04-18,,,,,0.7,3993
🏗️,1F3D7,travel-places,place-building,building construction,"building, construction, crane","work, building lot, crane",Martin Wehl,2018-04-18,,,,,0.7,3995
🧱,1F9F1,travel-places,place-building,brick,"bricks, clay, mortar, wall",,Jonas Dunkel,2019-05-07,,,,,11,3996
🪨,1FAA8,travel-places,place-building,rock,"boulder, heavy, solid, stone, tough",,Liz Bravo,2020-10-07,,,,,13,3997
🪵,1FAB5,travel-places,place-building,wood,"log, lumber, timber",,Liz Bravo,2020-09-26,,,,,13,3998
🛖,1F6D6,travel-places,place-building,hut,"home, house, roundhouse, shelter, yurt",,Liz Bravo,2020-09-26,,,,,13,3999
🏘️,1F3D8,travel-places,place-building,houses,house,"buildings, neighbourhood",Martin Wehl,2018-04-18,,,,,0.7,4001
🏚️,1F3DA,travel-places,place-building,derelict house,"derelict, home, house","building, old, rotten, dangerous",Martin Wehl,2018-04-18,,,,,0.7,4003
🏠️,1F3E0,travel-places,place-building,house,"building, country, heart, home, ranch, settle, simple, suburban, suburbia, where",building,Martin Wehl,2018-04-18,,,,,0.6,4004
🏡,1F3E1,travel-places,place-building,house with garden,"building, country, garden, heart, home, house, ranch, settle, simple, suburban, suburbia, where","building, grass, green, tree",Martin Wehl,2018-04-18,,,,,0.6,4005
🏢,1F3E2,travel-places,place-building,office building,"building, city, cubical, job, office","workplace, company, firm, business",Martin Wehl,2018-04-18,,,,,0.6,4006
🏣,1F3E3,travel-places,place-building,Japanese post office,"building, japanese, office, post","delivery, mailing, communication",Martin Wehl,2018-04-18,,,,,0.6,4007
🏤,1F3E4,travel-places,place-building,post office,"building, european, office, post","delivery, mailing, yellow, communication",Martin Wehl,2018-04-18,,,,,1,4008
🏥,1F3E5,travel-places,place-building,hospital,"building, doctor, medicine","building, cross, help, social, public",Martin Wehl,2018-04-18,,,,,0.6,4009
🏦,1F3E6,travel-places,place-building,bank,building,"money, business, finance, venture",Martin Wehl,2018-04-18,,,,,0.6,4010
🏨,1F3E8,travel-places,place-building,hotel,building,"sleep, travel, business, holiday, vacation",Martin Wehl,2018-04-18,,,,,0.6,4011
🏩,1F3E9,travel-places,place-building,love hotel,"building, hotel, love","building, sex, affair",Martin Wehl,2018-04-18,,,,,0.6,4012
🏪,1F3EA,travel-places,place-building,convenience store,"24, building, convenience, hours, store","building, shopping, buying, 24",Martin Wehl,2018-04-18,,,,,0.6,4013
🏫,1F3EB,travel-places,place-building,school,building,"learning, public, teaching, education",Niklas Kuntz,2022-07-01,,,,,0.6,4014
🏬,1F3EC,travel-places,place-building,department store,"building, department, store","building, shopping, buying",Martin Wehl,2018-04-18,,,,,0.6,4015
🏭️,1F3ED,travel-places,place-building,factory,building,"firm, workplace, business",Martin Wehl,2018-04-18,,,,,0.6,4016
🏯,1F3EF,travel-places,place-building,Japanese castle,"building, castle, japanese","building, culture, historical, war",Martin Wehl,2018-04-18,,,,,0.6,4017
🏰,1F3F0,travel-places,place-building,castle,"building, european","building, culture, historical, war",Martin Wehl,2018-04-18,,,,,0.6,4018
💒,1F492,travel-places,place-building,wedding,"chapel, hitched, nuptials, romance","building, love, marriage, heart",Martin Wehl,2018-04-18,,,,,0.6,4019
🗼,1F5FC,travel-places,place-building,Tokyo tower,"tokyo, tower",,Louisa Mantsch,2018-11-16,,,,,0.6,4020
🗽,1F5FD,travel-places,place-building,Statue of Liberty,"liberty, new, ny, nyc, statue, york",,Louisa Mantsch,2018-11-16,,,,,0.6,4021
⛪️,26EA,travel-places,place-religious,church,"bless, chapel, christian, cross, religion","religious, pray, cross, building, god, mess, faith",Martin Wehl,2018-04-18,,,,,0.6,4022
🕌,1F54C,travel-places,place-religious,mosque,"islam, masjid, muslim, religion","religious, pray, building, god, faith",Liz Bravo,2020-12-22,,,,,1,4023
🛕,1F6D5,travel-places,place-religious,hindu temple,"hindu, temple",,Evelyn Soos,2019-05-04,,,,,12,4024
🕍,1F54D,travel-places,place-religious,synagogue,"jew, jewish, judaism, religion, temple","religious, pray, building, god, faith",Martin Wehl,2018-04-18,,,,,1,4025
⛩️,26E9,travel-places,place-religious,shinto shrine,"religion, shinto, shrine",,Martin Wehl,2018-04-18,,,,,0.7,4027
🕋,1F54B,travel-places,place-religious,kaaba,"hajj, islam, muslim, religion, umrah","religious, pray, building, god, black, mecca, faith",Martin Wehl,2018-04-18,,,,,1,4028
⛲️,26F2,travel-places,place-other,fountain,fountain,,Louisa Mantsch,2018-11-16,,,,,0.6,4029
⛺️,26FA,travel-places,place-other,tent,camping,"nature, outdoor, adventure",Martin Wehl,2018-04-18,,,,,0.6,4030
🌁,1F301,travel-places,place-other,foggy,fog,,Nelly Nieter,2021-04-23,,,,,0.6,4031
🌃,1F303,travel-places,place-other,night with stars,"night, star, stars",,Louisa Mantsch,2018-11-16,,,,,0.6,4032
🏙️,1F3D9,travel-places,place-other,cityscape,city,"buildings, metropolis",Martin Wehl,2018-04-18,,,,,0.7,4034
🌄,1F304,travel-places,place-other,sunrise over mountains,"morning, mountains, over, sun, sunrise",,Louisa Mantsch,2018-11-16,,,,,0.6,4035
🌅,1F305,travel-places,place-other,sunrise,"morning, nature, sun",,Louisa Mantsch,2018-11-16,,,,,0.6,4036
🌆,1F306,travel-places,place-other,cityscape at dusk,"at, building, city, cityscape, dusk, evening, landscape, sun, sunset",,Louisa Mantsch,2018-11-16,,,,,0.6,4037
🌇,1F307,travel-places,place-other,sunset,"building, dusk, sun",,Louisa Mantsch,2018-11-16,,,,,0.6,4038
🌉,1F309,travel-places,place-other,bridge at night,"at, bridge, night",,Jonas Dunkel,2019-05-07,,,,,0.6,4039
♨️,2668,travel-places,place-other,hot springs,"hot, hotsprings, springs, steaming",,Louisa Mantsch,2018-11-16,,,,,0.6,4041
🎠,1F3A0,travel-places,place-other,carousel horse,"carousel, entertainment, horse",,Louisa Mantsch,2018-11-16,,,,,0.6,4042
🛝,1F6DD,travel-places,place-other,playground slide,"amusement, park, play, playground, playing, slide, sliding, theme",,Niklas Kuntz,2022-05-09,,,,,14,4043
🎡,1F3A1,travel-places,place-other,ferris wheel,"amusement, ferris, park, theme, wheel",,Louisa Mantsch,2018-11-16,,,,,0.6,4044
🎢,1F3A2,travel-places,place-other,roller coaster,"amusement, coaster, park, roller, theme",,Louisa Mantsch,2018-11-16,,,,,0.6,4045
💈,1F488,travel-places,place-other,barber pole,"barber, cut, fresh, haircut, pole, shave","beauty, hairdresser",Martin Wehl,2018-04-18,,,,,0.6,4046
🎪,1F3AA,travel-places,place-other,circus tent,"circus, tent","fun, leisure, entertainment, red, white",Martin Wehl,2018-04-18,,,,,0.6,4047
🚂,1F682,travel-places,transport-ground,locomotive,"caboose, engine, railway, steam, train, trains, travel","train, locomotive, travel, drive",Ronja Bäurlen,2018-04-18,,,,,1,4048
🚃,1F683,travel-places,transport-ground,railway car,"car, electric, railway, train, tram, travel, trolleybus","train, locomotive, railway car, travel",Liz Bravo,2020-12-22,,,,,0.6,4049
🚄,1F684,travel-places,transport-ground,high-speed train,"high-speed, railway, shinkansen, speed, train",,Jonas Dunkel,2019-05-07,,,,,0.6,4050
🚅,1F685,travel-places,transport-ground,bullet train,"bullet, high-speed, nose, railway, shinkansen, speed, train, travel","train, locomotive, railway car, travel, transportation",Ronja Bäurlen,2018-04-18,,,,,0.6,4051
🚆,1F686,travel-places,transport-ground,train,"arrived, choo, railway",,Nadja Grün,2018-11-16,,,,,1,4052
🚇️,1F687,travel-places,transport-ground,metro,"subway, travel",,Nadja Grün,2018-11-16,,,,,0.6,4053
🚈,1F688,travel-places,transport-ground,light rail,"arrived, light, monorail, rail, railway",,Nadja Grün,2018-11-16,,,,,1,4054
🚉,1F689,travel-places,transport-ground,station,"railway, train","train station, station, stop, train, railway, travel, departure, arrives",Ronja Bäurlen,2018-04-18,,,,,0.6,4055
🚊,1F68A,travel-places,transport-ground,tram,trolleybus,,Nadja Grün,2018-11-16,,,,,1,4056
🚝,1F69D,travel-places,transport-ground,monorail,vehicle,"train, locomotive, monorail, travel, transportation",Ronja Bäurlen,2018-04-18,,,,,1,4057
🚞,1F69E,travel-places,transport-ground,mountain railway,"car, mountain, railway, trip",,Nadja Grün,2018-11-16,,,,,1,4058
🚋,1F68B,travel-places,transport-ground,tram car,"bus, car, tram, trolley, trolleybus",,Nadja Grün,2018-11-16,,,,,1,4059
🚌,1F68C,travel-places,transport-ground,bus,"school, vehicle","bus, travel, transportation",Ronja Bäurlen,2018-04-18,,,,,0.6,4060
🚍️,1F68D,travel-places,transport-ground,oncoming bus,"bus, cars, oncoming",,Nadja Grün,2018-11-16,,,,,0.7,4061
🚎,1F68E,travel-places,transport-ground,trolleybus,"bus, tram, trolley",,Nadja Grün,2018-11-16,,,,,1,4062
🚐,1F690,travel-places,transport-ground,minibus,"bus, drive, van, vehicle","bus, travel, transportation, car",Ronja Bäurlen,2018-04-18,,,,,1,4063
🚑️,1F691,travel-places,transport-ground,ambulance,"emergency, vehicle","travel, hospital, ambulance, alarm, doctor, help",Ronja Bäurlen,2018-04-18,,,,,0.6,4064
🚒,1F692,travel-places,transport-ground,fire engine,"engine, fire, truck","travel, fire, fire engine, red, alarm",Ronja Bäurlen,2018-04-18,,,,,0.6,4065
🚓,1F693,travel-places,transport-ground,police car,"5–0, car, cops, patrol, police","travel, car, police, patrol",Ronja Bäurlen,2018-04-18,,,,,0.6,4066
🚔️,1F694,travel-places,transport-ground,oncoming police car,"car, oncoming, police",,Nadja Grün,2018-11-16,,,,,0.7,4067
🚕,1F695,travel-places,transport-ground,taxi,"cab, cabbie, car, drive, vehicle, yellow","travel, transportation, car, taxi, cab",Ronja Bäurlen,2018-04-18,,,,,0.6,4068
🚖,1F696,travel-places,transport-ground,oncoming taxi,"cab, cabbie, cars, drove, hail, oncoming, taxi, yellow",,Nadja Grün,2018-11-16,,,,,1,4069
🚗,1F697,travel-places,transport-ground,automobile,"car, driving, vehicle","car, travel, automobile, vehicle, transportation",Ronja Bäurlen,2018-04-18,,,,,0.6,4070
🚘️,1F698,travel-places,transport-ground,oncoming automobile,"automobile, car, cars, drove, oncoming, vehicle",,Nadja Grün,2018-11-16,,,,,0.7,4071
🚙,1F699,travel-places,transport-ground,sport utility vehicle,"car, drive, recreational, sport, sportutility, utility, vehicle","car, travel, automobile, vehicle, transportation, sport, utility",Ronja Bäurlen,2018-04-18,,,,,0.6,4072
🛻,1F6FB,travel-places,transport-ground,pickup truck,"automobile, car, flatbed, pick-up, pickup, transportation, truck",,Liz Bravo,2020-03-07,,,,,13,4073
🚚,1F69A,travel-places,transport-ground,delivery truck,"car, delivery, drive, truck, vehicle","truck, delivery, car, transportation, travel, trucker, driver",Ronja Bäurlen,2018-04-18,,,,,0.6,4074
🚛,1F69B,travel-places,transport-ground,articulated lorry,"articulated, car, drive, lorry, move, semi, truck, vehicle","delivery truck, truck, car, transportation, travel, trucker, truck driver",Ronja Bäurlen,2018-04-18,,,,,1,4075
🚜,1F69C,travel-places,transport-ground,tractor,vehicle,"tractor, towing, vehicle, farm, farming, field, acre",Ronja Bäurlen,2018-04-18,,,,,1,4076
🏎️,1F3CE,travel-places,transport-ground,racing car,"car, racing, zoom","sports, motor",Johanna Wellnitz,2018-04-18,,,,,0.7,4078
🏍️,1F3CD,travel-places,transport-ground,motorcycle,racing,"motorsports, vehicle",Johanna Wellnitz,2018-04-18,,,,,0.7,4080
🛵,1F6F5,travel-places,transport-ground,motor scooter,"motor, scooter","motor, scooter, transportation, bicycle",Ronja Bäurlen,2018-04-18,,,,,3,4081
🦽,1F9BD,travel-places,transport-ground,manual wheelchair,"accessibility, manual, wheelchair",,Evelyn Soos,2019-05-04,,,,,12,4082
🦼,1F9BC,travel-places,transport-ground,motorized wheelchair,"accessibility, motorized, wheelchair",,Evelyn Soos,2019-05-04,,,,,12,4083
🛺,1F6FA,travel-places,transport-ground,auto rickshaw,"auto, rickshaw, tuk",,Evelyn Soos,2019-05-04,,,,,12,4084
🚲️,1F6B2,travel-places,transport-ground,bicycle,"bike, class, cycle, cycling, cyclist, gang, ride, spin, spinning","bike, vehicle, bicycle",Ronja Bäurlen,2018-04-18,,,,,0.6,4085
🛴,1F6F4,travel-places,transport-ground,kick scooter,"kick, scooter","kick, scooter, city roller",Ronja Bäurlen,2018-04-18,,,,,3,4086
🛹,1F6F9,travel-places,transport-ground,skateboard,"board, skate, skater, wheels",,Jonas Dunkel,2019-05-07,,,,,11,4087
🛼,1F6FC,travel-places,transport-ground,roller skate,"blades, roller, skate, skates, sport",,Liz Bravo,2020-03-11,,,,,13,4088
🚏,1F68F,travel-places,transport-ground,bus stop,"bus, busstop, stop","station, stop, bus, traffic, travel, bus stop, departure, arrive",Ronja Bäurlen,2018-04-18,,,,,0.6,4089
🛣️,1F6E3,travel-places,transport-ground,motorway,"highway, road",,Nadja Grün,2018-11-16,,,,,0.7,4091
🛤️,1F6E4,travel-places,transport-ground,railway track,"railway, track, train",,Nadja Grün,2018-11-16,,,,,0.7,4093
🛢️,1F6E2,travel-places,transport-ground,oil drum,"drum, oil",,Nadja Grün,2018-11-16,,,,,0.7,4095
⛽️,26FD,travel-places,transport-ground,fuel pump,"diesel, fuel, fuelpump, gas, gasoline, pump, station","fuel, gas, station, transportation",Ronja Bäurlen,2018-04-18,,,,,0.6,4096
🛞,1F6DE,travel-places,transport-ground,wheel,"car, circle, tire, turn, vehicle",,Niklas Kuntz,2022-05-09,,,,,14,4097
🚨,1F6A8,travel-places,transport-ground,police car light,"alarm, alert, beacon, car, emergency, light, police, revolving, siren",,Nadja Grün,2018-11-16,,,,,0.6,4098
🚥,1F6A5,travel-places,transport-ground,horizontal traffic light,"horizontal, intersection, light, signal, stop, stoplight, traffic","light, red, green, yellow, traffic, traffic light",Ronja Bäurlen,2018-04-18,,,,,0.6,4099
🚦,1F6A6,travel-places,transport-ground,vertical traffic light,"drove, intersection, light, signal, stop, stoplight, traffic, vertical","light, red, green, yellow, vertical, traffic, light",Ronja Bäurlen,2018-04-18,,,,,1,4100
🛑,1F6D1,travel-places,transport-ground,stop sign,"octagonal, sign, stop","stop, sign, signal, warning",Ronja Bäurlen,2018-04-18,,,,,3,4101
🚧,1F6A7,travel-places,transport-ground,construction,barrier,"barrier, warning, stop, attention, traffic",Carlin MacKenzie,2020-09-13,,,,,0.6,4102
⚓️,2693,travel-places,transport-water,anchor,"ship, tool","boat, ship, travel, sea, atlantic, ocean, water, tool, anchor, metal",Ronja Bäurlen,2018-04-18,,,,,0.6,4103
🛟,1F6DF,travel-places,transport-water,ring buoy,"buoy, float, life, lifesaver, preserver, rescue, ring, safety, save, saver, swim",,Liz Bravo,2022-02-10,,,,,14,4104
⛵️,26F5,travel-places,transport-water,sailboat,"boat, resort, sailing, sea, yacht","boat, passengers, ship, travel, sea, atlantic, ocean, water, yacht, resort, sail, sailboat",Ronja Bäurlen,2018-04-18,,,,,0.6,4105
🛶,1F6F6,travel-places,transport-water,canoe,boat,,Jonas Dunkel,2019-05-07,,,,,3,4106
🚤,1F6A4,travel-places,transport-water,speedboat,"billionaire, boat, lake, luxury, millionaire, summer, travel","boat, passengers, ship, travel, sea, atlantic, ocean, water, speed",Ronja Bäurlen,2018-04-18,,,,,0.6,4107
🛳️,1F6F3,travel-places,transport-water,passenger ship,"passenger, ship","boat, passengers, ship, travel, sea, atlantic, ocean, water",Ronja Bäurlen,2018-04-18,,,,,0.7,4109
⛴️,26F4,travel-places,transport-water,ferry,"boat, passenger",,Lois Proksch,2018-11-16,,,,,0.7,4111
🛥️,1F6E5,travel-places,transport-water,motor boat,"boat, motor, motorboat","boat, passengers, ship, travel, sea, atlantic, ocean, water, motor",Ronja Bäurlen,2018-04-18,,,,,0.7,4113
🚢,1F6A2,travel-places,transport-water,ship,"boat, passenger, travel","boat, passengers, ship, travel, sea, atlantic, ocean, water",Ronja Bäurlen,2018-04-18,,,,,0.6,4114
✈️,2708,travel-places,transport-air,airplane,"aeroplane, fly, flying, jet, plane, travel","fly, airplane, aeroplane, air, sky, travel, departure, arrive",Ronja Bäurlen,2018-04-18,,,,,0.6,4116
🛩️,1F6E9,travel-places,transport-air,small airplane,"aeroplane, airplane, plane, small","fly, airplane, aeroplane, air, sky, travel",Liz Bravo,2021-05-04,,,,,0.7,4118
🛫,1F6EB,travel-places,transport-air,airplane departure,"aeroplane, airplane, check-in, departure, departures, plane","fly, airplane, aeroplane, air, sky, travel, departure",Ronja Bäurlen,2018-04-18,,,,,1,4119
🛬,1F6EC,travel-places,transport-air,airplane arrival,"aeroplane, airplane, arrival, arrivals, arriving, landing, plane","fly, airplane, aeroplane, air, sky, travel, arrive",Ronja Bäurlen,2018-04-18,,,,,1,4120
🪂,1FA82,travel-places,transport-air,parachute,"hang-glide, parasail, skydive",,Evelyn Soos,2019-05-04,,,,,12,4121
💺,1F4BA,travel-places,transport-air,seat,chair,"seat, chair, lounge, airplane, sitting, comfort",Ronja Bäurlen,2018-04-18,,,,,0.6,4122
🚁,1F681,travel-places,transport-air,helicopter,"copter, roflcopter, travel, vehicle","helicopter, air, transportation, sky, fly, flying",Ronja Bäurlen,2018-04-18,,,,,1,4123
🚟,1F69F,travel-places,transport-air,suspension railway,"railway, suspension",,Lois Proksch,2018-11-16,,,,,1,4124
🚠,1F6A0,travel-places,transport-air,mountain cableway,"cable, cableway, gondola, lift, mountain, ski","travel, mountain, high",Ronja Bäurlen,2018-04-18,,,,,1,4125
🚡,1F6A1,travel-places,transport-air,aerial tramway,"aerial, cable, car, gondola, ropeway, tramway",,Lois Proksch,2018-11-16,,,,,1,4126
🛰️,1F6F0,travel-places,transport-air,satellite,space,"space, galaxy, satellite",Ronja Bäurlen,2018-04-18,,,,,0.7,4128
🚀,1F680,travel-places,transport-air,rocket,"launch, rockets, space, travel","rocket, space, galaxy, adventure, alien, transportation",Kris Kowal,2020-01-20,,,,,0.6,4129
🛸,1F6F8,travel-places,transport-air,flying saucer,"aliens, extra, flying, saucer, terrestrial, ufo","alien, UFO, space, planets, adventures",Ronja Bäurlen,2018-04-18,,,,,5,4130
🛎️,1F6CE,travel-places,hotel,bellhop bell,"bell, bellhop, hotel",,Lois Proksch,2018-11-16,,,,,0.7,4132
🧳,1F9F3,travel-places,hotel,luggage,"bag, packing, roller, suitcase, travel",,Jonas Dunkel,2019-05-07,,,,,11,4133
⌛️,231B,travel-places,time,hourglass done,"done, hourglass, sand, time, timer","countdown, hourglass",Rana Cakir,2018-04-18,,,,,0.6,4134
⏳️,23F3,travel-places,time,hourglass not done,"done, flowing, hourglass, hours, not, sand, timer, waiting, yolo",,Rana Cakir,2018-04-18,,,,,0.6,4135
⌚️,231A,travel-places,time,watch,"clock, time","watch, time",Rana Cakir,2018-04-18,,,,,0.6,4136
⏰️,23F0,travel-places,time,alarm clock,"alarm, clock, hours, hrs, late, time, waiting","watch, time",Rana Cakir,2018-04-18,,,,,0.6,4137
⏱️,23F1,travel-places,time,stopwatch,"clock, time",,Rana Cakir,2018-04-18,,,,,1,4139
⏲️,23F2,travel-places,time,timer clock,"clock, timer",time,Rana Cakir,2018-04-18,,,,,1,4141
🕰️,1F570,travel-places,time,mantelpiece clock,"clock, mantelpiece, time",,Lois Proksch,2018-11-16,,,,,0.7,4143
🕛️,1F55B,travel-places,time,twelve o’clock,"12, 12:00, clock, o’clock, time, twelve",time,Rana Cakir,2018-04-18,,,,,0.6,4144
🕧️,1F567,travel-places,time,twelve-thirty,"12, 12:30, 30, clock, thirty, time, twelve",time,Rana Cakir,2018-04-18,,,,,0.7,4145
🕐️,1F550,travel-places,time,one o’clock,"1, 1:00, clock, one, o’clock, time",time,Rana Cakir,2018-04-18,,,,,0.6,4146
🕜️,1F55C,travel-places,time,one-thirty,"1, 1:30, 30, clock, one, thirty, time",time,Rana Cakir,2018-04-18,,,,,0.7,4147
🕑️,1F551,travel-places,time,two o’clock,"2, 2:00, clock, o’clock, time, two",time,Rana Cakir,2018-04-18,,,,,0.6,4148
🕝️,1F55D,travel-places,time,two-thirty,"2, 2:30, 30, clock, thirty, time, two",time,Rana Cakir,2018-04-18,,,,,0.7,4149
🕒️,1F552,travel-places,time,three o’clock,"3, 3:00, clock, o’clock, three, time",time,Rana Cakir,2018-04-18,,,,,0.6,4150
🕞️,1F55E,travel-places,time,three-thirty,"3, 30, 3:30, clock, thirty, three, time",time,Rana Cakir,2018-04-18,,,,,0.7,4151
🕓️,1F553,travel-places,time,four o’clock,"4, 4:00, clock, four, o’clock, time",time,Rana Cakir,2018-04-18,,,,,0.6,4152
🕟️,1F55F,travel-places,time,four-thirty,"30, 4, 4:30, clock, four, thirty, time",time,Rana Cakir,2018-04-18,,,,,0.7,4153
🕔️,1F554,travel-places,time,five o’clock,"5, 5:00, clock, five, o’clock, time",time,Rana Cakir,2018-04-18,,,,,0.6,4154
🕠️,1F560,travel-places,time,five-thirty,"30, 5, 5:30, clock, five, thirty, time",time,Rana Cakir,2018-04-18,,,,,0.7,4155
🕕️,1F555,travel-places,time,six o’clock,"6, 6:00, clock, o’clock, six, time",time,Rana Cakir,2018-04-18,,,,,0.6,4156
🕡️,1F561,travel-places,time,six-thirty,"30, 6, 6:30, clock, six, thirty",time,Rana Cakir,2018-04-18,,,,,0.7,4157
🕖️,1F556,travel-places,time,seven o’clock,"0, 7, 7:00, clock, o’clock, seven",time,Rana Cakir,2018-04-18,,,,,0.6,4158
🕢️,1F562,travel-places,time,seven-thirty,"30, 7, 7:30, clock, seven, thirty",time,Rana Cakir,2018-04-18,,,,,0.7,4159
🕗️,1F557,travel-places,time,eight o’clock,"8, 8:00, clock, eight, o’clock, time",time,Rana Cakir,2018-04-18,,,,,0.6,4160
🕣️,1F563,travel-places,time,eight-thirty,"30, 8, 8:30, clock, eight, thirty, time",time,Rana Cakir,2018-04-18,,,,,0.7,4161
🕘️,1F558,travel-places,time,nine o’clock,"9, 9:00, clock, nine, o’clock, time",time,Rana Cakir,2018-04-18,,,,,0.6,4162
🕤️,1F564,travel-places,time,nine-thirty,"30, 9, 9:30, clock, nine, thirty, time",time,Rana Cakir,2018-04-18,,,,,0.7,4163
🕙️,1F559,travel-places,time,ten o’clock,"0, 10, 10:00, clock, o’clock, ten",time,Rana Cakir,2018-04-18,,,,,0.6,4164
🕥️,1F565,travel-places,time,ten-thirty,"10, 10:30, 30, clock, ten, thirty, time",time,Rana Cakir,2018-04-18,,,,,0.7,4165
🕚️,1F55A,travel-places,time,eleven o’clock,"11, 11:00, clock, eleven, o’clock, time",time,Rana Cakir,2018-04-18,,,,,0.6,4166
🕦️,1F566,travel-places,time,eleven-thirty,"11, 11:30, 30, clock, eleven, thirty, time",time,Rana Cakir,2018-04-18,,,,,0.7,4167
🌑,1F311,travel-places,sky-weather,new moon,"dark, moon, new, space",,Lois Proksch,2018-11-16,,,,,0.6,4168
🌒,1F312,travel-places,sky-weather,waxing crescent moon,"crescent, dreams, moon, space, waxing",,Lois Proksch,2018-11-16,,,,,1,4169
🌓,1F313,travel-places,sky-weather,first quarter moon,"first, moon, quarter, space",,Lois Proksch,2018-11-16,,,,,0.6,4170
🌔,1F314,travel-places,sky-weather,waxing gibbous moon,"gibbous, moon, space, waxing",,Lois Proksch,2018-11-16,,,,,0.6,4171
🌕️,1F315,travel-places,sky-weather,full moon,"full, moon, space",,Lois Proksch,2018-11-16,,,,,0.6,4172
🌖,1F316,travel-places,sky-weather,waning gibbous moon,"gibbous, moon, space, waning",,Lois Proksch,2018-11-16,,,,,1,4173
🌗,1F317,travel-places,sky-weather,last quarter moon,"last, moon, quarter, space",,Lois Proksch,2018-11-16,,,,,1,4174
🌘,1F318,travel-places,sky-weather,waning crescent moon,"crescent, moon, space, waning",,Lois Proksch,2018-11-16,,,,,1,4175
🌙,1F319,travel-places,sky-weather,crescent moon,"crescent, moon, ramadan, space","crescent moon, full moon, night, night sky, moon, celestial body, crescent, planet, far away",Vanessa Boutzikoudi,2018-04-18,,,,,0.6,4176
🌚,1F31A,travel-places,sky-weather,new moon face,"face, moon, new, space",,Lois Proksch,2018-11-16,,,,,1,4177
🌛,1F31B,travel-places,sky-weather,first quarter moon face,"face, first, moon, quarter, space","face, first quarter, half moon, moon, full moon, night, night sky, starry sky, light, moonlight, round, celestial bodies, sickle, planet",Vanessa Boutzikoudi,2018-04-18,,,,,0.6,4178
🌜️,1F31C,travel-places,sky-weather,last quarter moon face,"dreams, face, last, moon, quarter","face, last quarter, half moon, moon, full moon, night, night sky, starry sky, light, moonlight, round, celestial bodies, sickle, planet",Vanessa Boutzikoudi,2018-04-18,,,,,0.7,4179
🌡️,1F321,travel-places,sky-weather,thermometer,weather,"temperatures, room temperatures, degrees, heat, warming, fever, cold, celsius, measure, sick",Vanessa Boutzikoudi,2018-04-18,,,,,0.7,4181
☀️,2600,travel-places,sky-weather,sun,"bright, rays, space, sunny, weather","sun, sunrise, warm, sunbeams, feel good, beach, tanning, fire, fireball, hot, heavenly body",Vanessa Boutzikoudi,2018-04-18,,,,,0.6,4183
🌝,1F31D,travel-places,sky-weather,full moon face,"bright, face, full, moon","moon, full moon, night, stars, moonlight, disc, no clouds",Vanessa Boutzikoudi,2018-04-18,,,,,1,4184
🌞,1F31E,travel-places,sky-weather,sun with face,"beach, bright, day, face, heat, shine, sun, sunny, sunshine, weather","sun, face, bright, sun, sunrise, warm, rays, beach, tanning, fire, fireball, hot, celestial bodies, star",Vanessa Boutzikoudi,2018-04-18,,,,,1,4185
🪐,1FA90,travel-places,sky-weather,ringed planet,"planet, ringed, saturn, saturnine","saturn, saturnine",Liz Bravo,2021-04-28,,,,,12,4186
⭐️,2B50,travel-places,sky-weather,star,"astronomy, medium, stars, white","star, shine, small planet, sky, yellow, sparkle, far away",Vanessa Boutzikoudi,2018-04-18,,,,,0.6,4187
🌟,1F31F,travel-places,sky-weather,glowing star,"glittery, glow, glowing, night, shining, sparkle, star, win","star, shine, glow, bright, sparkle, small planet, sky, yellow, far away, constellation, shooting star, milky way",Vanessa Boutzikoudi,2018-04-18,,,,,0.6,4188
🌠,1F320,travel-places,sky-weather,shooting star,"falling, night, shooting, space, star","shooting star, star, sparkle, shine, bright, far away, sky, star sky, night, wish, lightning",Vanessa Boutzikoudi,2018-04-18,,,,,0.6,4189
🌌,1F30C,travel-places,sky-weather,milky way,"milky, space, way",,Jonas Dunkel,2019-05-07,,,,,0.6,4190
☁️,2601,travel-places,sky-weather,cloud,weather,"cloud, cloudy, rain, gray, misty, diffuse, sky, dream, fleecy clouds",Vanessa Boutzikoudi,2018-04-18,,,,,0.6,4192
⛅️,26C5,travel-places,sky-weather,sun behind cloud,"behind, cloud, cloudy, sun, weather","sun, behind, cloud, appear, cloudy, cool, sunny, weather",Vanessa Boutzikoudi,2018-04-18,,,,,0.6,4193
⛈️,26C8,travel-places,sky-weather,cloud with lightning and rain,"cloud, lightning, rain, thunder, thunderstorm","cloud, lightning, rain, thunder, weather, storm, thunderstorm",Vanessa Boutzikoudi,2018-04-18,,,,,0.7,4195
🌤️,1F324,travel-places,sky-weather,sun behind small cloud,"behind, cloud, sun, weather","sun, behind, small, cloud, sunny, cloudy, rain, cool, sky, weather",Vanessa Boutzikoudi,2018-04-18,,,,,0.7,4197
🌥️,1F325,travel-places,sky-weather,sun behind large cloud,"behind, cloud, sun, weather","sun, behind, large, cloud, gray, cloudy, rain, diffuse, sky, weather",Vanessa Boutzikoudi,2018-04-18,,,,,0.7,4199
🌦️,1F326,travel-places,sky-weather,sun behind rain cloud,"behind, cloud, rain, sun, weather","sun, behind, rain, cloud, wet, rainy, cloudy, cool, weather",Vanessa Boutzikoudi,2018-04-18,,,,,0.7,4201
🌧️,1F327,travel-places,sky-weather,cloud with rain,"cloud, rain, weather","cloud, rain, raindrops, falling, down, wet, cool, cloudy, weather, stormy",Vanessa Boutzikoudi,2018-04-18,,,,,0.7,4203
🌨️,1F328,travel-places,sky-weather,cloud with snow,"cloud, cold, snow, weather","cloud, snow, falling, ice, wet, cold, cloudy, stormy, weather",Vanessa Boutzikoudi,2018-04-18,,,,,0.7,4205
🌩️,1F329,travel-places,sky-weather,cloud with lightning,"cloud, lightning, weather","cloud, lightning, glaring, wet, cold, cloudy, gray, weather, storm, current, voltage, light up, light",Vanessa Boutzikoudi,2018-04-18,,,,,0.7,4207
🌪️,1F32A,travel-places,sky-weather,tornado,"cloud, weather, whirlwind","tornado, wind, blow, sky, dangerous, severe weather, storm, hurricane, typhoon, cyclone",Vanessa Boutzikoudi,2018-04-18,,,,,0.7,4209
🌫️,1F32B,travel-places,sky-weather,fog,"cloud, weather",,Nelly Nieter,2021-04-23,,,,,0.7,4211
🌬️,1F32C,travel-places,sky-weather,wind face,"blow, cloud, face, wind","wind, face, blowing, air, mouth, mother nature, sky",Vanessa Boutzikoudi,2018-04-18,,,,,0.7,4213
🌀,1F300,travel-places,sky-weather,cyclone,"dizzy, hurricane, twister, typhoon, weather","whirl, swirl, spiral, funnel, rotation, rotate, air, turbulent",Vanessa Boutzikoudi,2018-04-18,,,,,0.6,4214
🌈,1F308,travel-places,sky-weather,rainbow,"gay, genderqueer, glbt, glbtq, lesbian, lgbt, lgbtq, lgbtqia, nature, pride, queer, rain, trans, transgender, weather","rainbow, color, colorful, colors formed in the sky, sunbeams, sunlight, facet, sparkle, unicorn",Vanessa Boutzikoudi,2018-04-18,,,,,0.6,4215
🌂,1F302,travel-places,sky-weather,closed umbrella,"closed, clothing, rain, umbrella",,Carlin MacKenzie,2020-05-21,,,,,0.6,4216
☂️,2602,travel-places,sky-weather,umbrella,"clothing, rain","purple, umbrella, rain, wet, drop, raindrops",Vanessa Boutzikoudi,2018-04-18,,,,,0.7,4218
☔️,2614,travel-places,sky-weather,umbrella with rain drops,"clothing, drop, drops, rain, umbrella, weather","umbrella, rain, raindrops, wet, drops, windy, rain falling",Vanessa Boutzikoudi,2018-04-18,,,,,0.6,4219
⛱️,26F1,travel-places,sky-weather,umbrella on ground,"ground, rain, sun, umbrella",,Lois Proksch,2018-11-16,,,,,0.7,4221
⚡️,26A1,travel-places,sky-weather,high voltage,"danger, electric, electricity, high, lightning, nature, thunder, thunderbolt, voltage, zap","lightning, high voltage, storm, current, voltage, volts, lights, light",Vanessa Boutzikoudi,2018-04-18,,,,,0.6,4222
❄️,2744,travel-places,sky-weather,snowflake,"cold, snow, weather","snowflake, snow, ice, icy, wintry, snow storm, white, cold, frosty, season, weather, melting",Vanessa Boutzikoudi,2018-04-18,,,,,0.6,4224
☃️,2603,travel-places,sky-weather,snowman,"cold, man, snow",,Lois Proksch,2018-11-16,,,,,0.7,4226
⛄️,26C4,travel-places,sky-weather,snowman without snow,"cold, man, snow, snowman","snowman, frosty, frosty the snowman, snowman, olaf, winter, not snowing",Vanessa Boutzikoudi,2018-04-18,,,,,0.6,4227
☄️,2604,travel-places,sky-weather,comet,space,,Lois Proksch,2018-11-16,,,,,1,4229
🔥,1F525,travel-places,sky-weather,fire,"af, burn, flame, hot, lit, litaf, tool","fire, burn, hot, high temperature, flame, glow, flame, tool",Guemil Project,2019-01-14,,,,,0.6,4230
💧,1F4A7,travel-places,sky-weather,droplet,"cold, comic, drop, nature, sad, sweat, tear, water, weather","drops, droplets, raindrops, wet, rain, cold, fluid, liquid, wet, puddle, pearl, tear",Vanessa Boutzikoudi,2018-04-18,,,,,0.6,4231
🌊,1F30A,travel-places,sky-weather,water wave,"nature, ocean, surf, surfer, surfing, water, wave","wave, water, salty, sea, wet, cold, sun, beach, vacation, air, surf, sough, listen",Vanessa Boutzikoudi,2018-04-18,,,,,0.6,4232
🎃,1F383,activities,event,jack-o-lantern,"celebration, halloween, jack, lantern, pumpkin",pumpkin,Laura Humpfer,2018-04-18,,,,,0.6,4233
🎄,1F384,activities,event,Christmas tree,"celebration, christmas, tree","celebration, christmas, tree, xmas",Liz Bravo,2021-04-28,,,,,0.6,4234
🎆,1F386,activities,event,fireworks,"boom, celebration, entertainment, yolo",,Jonas Dunkel,2019-05-07,,,,,0.6,4235
🎇,1F387,activities,event,sparkler,"boom, celebration, fireworks, sparkle",,Jonas Dunkel,2019-05-07,,,,,0.6,4236
🧨,1F9E8,activities,event,firecracker,"dynamite, explosive, fire, fireworks, light, pop, popping, spark",,Jonas Dunkel,2019-05-07,,,,,11,4237
✨️,2728,activities,event,sparkles,"*, magic, sparkle, star","magic, beautiful",Laura Humpfer,2018-04-18,,,,,0.6,4238
🎈,1F388,activities,event,balloon,"birthday, celebrate, celebration","balloon, birthday, party, decoration",Laura Humpfer,2018-04-18,,,,,0.6,4239
🎉,1F389,activities,event,party popper,"awesome, birthday, celebrate, celebration, excited, hooray, party, popper, tada, woohoo","decoration, happy",Laura Humpfer,2018-04-18,,,,,0.6,4240
🎊,1F38A,activities,event,confetti ball,"ball, celebrate, celebration, confetti, party, woohoo","decoration, happy",Laura Humpfer,2018-04-18,,,,,0.6,4241
🎋,1F38B,activities,event,tanabata tree,"banner, celebration, japanese, tanabata, tree",,Laura Humpfer,2018-04-18,,,,,0.6,4242
🎍,1F38D,activities,event,pine decoration,"bamboo, celebration, decoration, japanese, pine, plant",,Jonas Dunkel,2019-05-07,,,,,0.6,4243
🎎,1F38E,activities,event,Japanese dolls,"celebration, doll, dolls, festival, japanese",,Liz Bravo,2021-05-04,,,,,0.6,4244
🎏,1F38F,activities,event,carp streamer,"carp, celebration, streamer",,Jonas Dunkel,2019-05-07,,,,,0.6,4245
🎐,1F390,activities,event,wind chime,"bell, celebration, chime, wind",,Jonas Dunkel,2019-05-07,,,,,0.6,4246
🎑,1F391,activities,event,moon viewing ceremony,"celebration, ceremony, moon, viewing",,Jonas Dunkel,2019-05-07,,,,,0.6,4247
🧧,1F9E7,activities,event,red envelope,"envelope, gift, good, hóngbāo, lai, luck, money, red, see",,Jonas Dunkel,2019-05-07,,,,,11,4248
🎀,1F380,activities,event,ribbon,celebration,"present, gift, decoration, party, girl, girly, fashion",Laura Humpfer,2018-04-18,,,,,0.6,4249
🎁,1F381,activities,event,wrapped gift,"birthday, bow, box, celebration, christmas, gift, present, surprise, wrapped","present, birthday, christmas",Laura Humpfer,2018-04-18,,,,,0.6,4250
🎗️,1F397,activities,event,reminder ribbon,"celebration, reminder, ribbon",,Laura Humpfer,2018-04-18,,,,,0.7,4252
🎟️,1F39F,activities,event,admission tickets,"admission, ticket, tickets",,Laura Humpfer,2018-04-18,,,,,0.7,4254
🎫,1F3AB,activities,event,ticket,"admission, stub",,Laura Humpfer,2018-04-18,,,,,0.6,4255
🎖️,1F396,activities,award-medal,military medal,"award, celebration, medal, military","medal, medallion, military, ribbon",Julian Grüneberg,2018-04-18,,,,,0.7,4257
🏆️,1F3C6,activities,award-medal,trophy,"champion, champs, prize, slay, sport, victory, win, winning","trophy, championship, winner, gold cup, award",Julian Grüneberg,2018-04-18,,,,,0.6,4258
🏅,1F3C5,activities,award-medal,sports medal,"award, gold, medal, sports, winner","sports, medal, sporting",Julian Grüneberg,2018-04-18,,,,,1,4259
🥇,1F947,activities,award-medal,1st place medal,"1st, first, gold, medal, place","gold medal, gold, medal, 1st place medal, first place medal",Julian Grüneberg,2018-04-18,,,,,3,4260
🥈,1F948,activities,award-medal,2nd place medal,"2nd, medal, place, second, silver","silver, medal, silver medal, second place, second place medal, 2nd place medal",Julian Grüneberg,2018-04-18,,,,,3,4261
🥉,1F949,activities,award-medal,3rd place medal,"3rd, bronze, medal, place, third","bronze, medal, bronze medal, third place, third place medal, 3rd place medal",Julian Grüneberg,2018-04-18,,,,,3,4262
⚽️,26BD,activities,sport,soccer ball,"ball, football, futbol, soccer, sport","soccer, ball, football, game, ball game, team sports",Vanessa Boutzikoudi,2018-04-18,,,,,0.6,4263
⚾️,26BE,activities,sport,baseball,"ball, sport","baseball, white, ball, american, game, ball game, team sports",Vanessa Boutzikoudi,2018-04-18,,,,,0.6,4264
🥎,1F94E,activities,sport,softball,"ball, glove, sports, underarm",,Jonas Dunkel,2019-05-07,,,,,11,4265
🏀,1F3C0,activities,sport,basketball,"ball, hoop, sport","basketball, orange ball, team sport, sport, canadian sport, game",Vanessa Boutzikoudi,2018-04-18,,,,,0.6,4266
🏐,1F3D0,activities,sport,volleyball,"ball, game","ball, ball game, team sport, sport, hobby, olympic games",Vanessa Boutzikoudi,2018-04-18,,,,,1,4267
🏈,1F3C8,activities,sport,american football,"american, ball, bowl, football, sport, super","american, football, american game, oval ball, ball game, superbowl, team sport",Vanessa Boutzikoudi,2018-04-18,,,,,0.6,4268
🏉,1F3C9,activities,sport,rugby football,"ball, football, rugby, sport","rugby, football, brown ball, league, rugby, union, team sport, british sports, sport",Vanessa Boutzikoudi,2018-04-18,,,,,1,4269
🎾,1F3BE,activities,sport,tennis,"ball, racquet, sport","tennis, tennis ball, ball game, game, racket, racquet, sport",Vanessa Boutzikoudi,2018-04-18,,,,,0.6,4270
🥏,1F94F,activities,sport,flying disc,"disc, flying, ultimate",,Nicole Kornhaas,2019-05-06,,,,,11,4271
🎳,1F3B3,activities,sport,bowling,"ball, game, sport, strike",,Sarah Mager,2018-11-16,,,,,0.6,4272
🏏,1F3CF,activities,sport,cricket game,"ball, bat, cricket, game","cricket, game, cricket bat and ball, hobby, activity",Vanessa Boutzikoudi,2018-04-18,,,,,1,4273
🏑,1F3D1,activities,sport,field hockey,"ball, field, game, hockey, stick","field, hockey, field hockey stick and ball, ice hockey, team sport, hockey stick, puck",Vanessa Boutzikoudi,2018-04-18,,,,,1,4274
🏒,1F3D2,activities,sport,ice hockey,"game, hockey, ice, puck, stick","ice hockey, hockey stick, puck, field hockey, game, team sport",Vanessa Boutzikoudi,2018-04-18,,,,,1,4275
🥍,1F94D,activities,sport,lacrosse,"ball, goal, sports, stick",,Nicole Kornhaas,2019-05-06,,,,,11,4276
🏓,1F3D3,activities,sport,ping pong,"ball, bat, game, paddle, ping, pingpong, pong, table, tennis","ping pong, table tennis, paddle, ball, game, ball game, hobby",Vanessa Boutzikoudi,2018-04-18,,,,,1,4277
🏸,1F3F8,activities,sport,badminton,"birdie, game, racquet, shuttlecock",,Sarah Mager,2018-11-16,,,,,1,4278
🥊,1F94A,activities,sport,boxing glove,"boxing, glove","boxing, glove, red, mitt, sport, fist, beat, slap, slap in your face, muhammad ali",Vanessa Boutzikoudi,2018-04-18,,,,,3,4279
🥋,1F94B,activities,sport,martial arts uniform,"arts, judo, karate, martial, taekwondo, uniform","white, uniform, judo, karate, keikogi, sport",Vanessa Boutzikoudi,2018-04-18,,,,,3,4280
🥅,1F945,activities,sport,goal net,"goal, net",,Nicole Kornhaas,2019-05-06,,,,,3,4281
⛳️,26F3,activities,sport,flag in hole,"flag, golf, hole, sport","flag, golf, golf flag, golf hole with flag, sport, ball, goal",Vanessa Boutzikoudi,2018-04-18,,,,,0.6,4282
⛸️,26F8,activities,sport,ice skate,"ice, skate, skating",,Sarah Mager,2018-11-16,,,,,0.7,4284
🎣,1F3A3,activities,sport,fishing pole,"entertainment, fish, fishing, pole, sport","fishing rod, fishing pole, line, fish, caught, hobby",Vanessa Boutzikoudi,2018-04-18,,,,,0.6,4285
🤿,1F93F,activities,sport,diving mask,"diving, mask, scuba, snorkeling",,Evelyn Soos,2019-05-04,,,,,12,4286
🎽,1F3BD,activities,sport,running shirt,"athletics, running, sash, shirt",,Sarah Mager,2018-11-16,,,,,0.6,4287
🎿,1F3BF,activities,sport,skis,"ski, snow, sport","skis, skiing, ski boot, to ski, winter, snow, hobby, sport",Vanessa Boutzikoudi,2018-04-18,,,,,0.6,4288
🛷,1F6F7,activities,sport,sled,"luge, sledge, sleigh, snow, toboggan",,Nicole Kornhaas,2019-05-06,,,,,5,4289
🥌,1F94C,activities,sport,curling stone,"curling, game, rock, stone",,Daniel Quiros,2018-11-16,,,,,5,4290
🎯,1F3AF,activities,game,bullseye,"bull, dart, direct, entertainment, game, hit, target","direct, hit, dart board, archery, bullseye, target, darts, game",Vanessa Boutzikoudi,2018-04-18,,,,,0.6,4291
🪀,1FA80,activities,game,yo-yo,"fluctuate, toy",,Evelyn Soos,2019-05-04,,,,,12,4292
🪁,1FA81,activities,game,kite,"fly, soar",,Evelyn Soos,2019-05-04,,,,,12,4293
🔫,1F52B,activities,game,water pistol,"gun, handgun, pistol, revolver, tool, water, weapon",gun,Hilda Kalyoncu,2026-07-31,,,,,0.6,4294
🎱,1F3B1,activities,game,pool 8 ball,"8, 8ball, ball, billiard, eight, game, pool","pool ball, 8 ball, black ball, cue ball, magic 8 ball, pool, snooker, billiards, game",Vanessa Boutzikoudi,2018-04-18,,,,,0.6,4295
🔮,1F52E,activities,game,crystal ball,"ball, crystal, fairy, fairytale, fantasy, fortune, future, magic, tale, tool",mystery,Marius Schnabel,2018-04-18,,,,,0.6,4296
🪄,1FA84,activities,game,magic wand,"magic, magician, wand, witch, wizard",,Liz Bravo,2020-03-11,,,,,13,4297
🎮️,1F3AE,activities,game,video game,"controller, entertainment, game, video",gamble,Lisa Schulz,2018-04-18,,,,,0.6,4298
🕹️,1F579,activities,game,joystick,"game, video, videogame",,Lisa Schulz,2018-04-18,,,,,0.7,4300
🎰,1F3B0,activities,game,slot machine,"casino, gamble, gambling, game, machine, slot, slots",,Nicole Kornhaas,2019-05-06,,,,,0.6,4301
🎲,1F3B2,activities,game,game die,"dice, die, entertainment, game","board game, isometric",Lisa Schulz,2018-04-18,,,,,0.6,4302
🧩,1F9E9,activities,game,puzzle piece,"clue, interlocking, jigsaw, piece, puzzle",,Nicole Kornhaas,2019-05-06,,,,,11,4303
🧸,1F9F8,activities,game,teddy bear,"bear, plaything, plush, stuffed, teddy, toy",,Liz Bravo,2020-12-22,,,,,11,4304
🪅,1FA85,activities,game,piñata,"candy, celebrate, celebration, cinco, de, festive, mayo, party, pinada, pinata",,Liz Bravo,2020-03-03,,,,,13,4305
🪩,1FAA9,activities,game,mirror ball,"ball, dance, disco, glitter, mirror, party",,Liz Bravo,2022-02-10,,,,,14,4306
🪆,1FA86,activities,game,nesting dolls,"babooshka, baboushka, babushka, doll, dolls, matryoshka, nesting, russia",,Liz Bravo,2020-03-11,,,,,13,4307
♠️,2660,activities,game,spade suit,"card, game, spade, suit",,Nicole Kornhaas,2019-05-06,,,,,0.6,4309
♥️,2665,activities,game,heart suit,"card, emotion, game, heart, hearts, suit",,Nicole Kornhaas,2019-05-06,,,,,0.6,4311
♦️,2666,activities,game,diamond suit,"card, diamond, game, suit",,Nicole Kornhaas,2019-05-06,,,,,0.6,4313
♣️,2663,activities,game,club suit,"card, club, clubs, game, suit",,Nicole Kornhaas,2019-05-06,,,,,0.6,4315
♟️,265F,activities,game,chess pawn,"chess, dupe, expendable, pawn",,Nicole Kornhaas,2019-05-06,,,,,11,4317
🃏,1F0CF,activities,game,joker,"card, game, wildcard",,Nicole Kornhaas,2019-05-06,,,,,0.6,4318
🀄️,1F004,activities,game,mahjong red dragon,"dragon, game, mahjong, red",,Nicole Kornhaas,2019-05-06,,,,,0.6,4319
🎴,1F3B4,activities,game,flower playing cards,"card, cards, flower, game, japanese, playing",,Abby Esquivel,2018-11-16,,,,,0.6,4320
🎭️,1F3AD,activities,arts-crafts,performing arts,"actor, actress, art, arts, entertainment, mask, performing, theater, theatre, thespian","culture, entertainment, education",Martin Wehl,2018-04-18,,,,,0.6,4321
🖼️,1F5BC,activities,arts-crafts,framed picture,"art, frame, framed, museum, painting, picture","culture, artist, entertainment",Martin Wehl,2018-04-18,,,,,0.7,4323
🎨,1F3A8,activities,arts-crafts,artist palette,"art, artist, artsy, arty, colorful, creative, entertainment, museum, painter, painting, palette","culture, artist, leisure, entertainment",Martin Wehl,2018-04-18,,,,,0.6,4324
🧵,1F9F5,activities,arts-crafts,thread,"needle, sewing, spool, string",,Nicole Kornhaas,2019-05-06,,,,,11,4325
🪡,1FAA1,activities,arts-crafts,sewing needle,"embroidery, needle, sew, sewing, stitches, sutures, tailoring, thread",,Liz Bravo,2020-03-28,,,,,13,4326
🧶,1F9F6,activities,arts-crafts,yarn,"ball, crochet, knit",,Nicole Kornhaas,2019-05-06,,,,,11,4327
🪢,1FAA2,activities,arts-crafts,knot,"cord, rope, tangled, tie, twine, twist",,Liz Bravo,2020-09-26,,,,,13,4328
👓️,1F453,objects,clothing,glasses,"clothing, eye, eyeglasses, eyewear",,Jonas Roßner,2018-04-18,,,,,0.6,4329
🕶️,1F576,objects,clothing,sunglasses,"dark, eye, eyewear, glasses",sunglasses,Jonas Roßner,2018-04-18,,,,,0.7,4331
🥽,1F97D,objects,clothing,goggles,"dive, eye, protection, scuba, swimming, welding",,Laura Schießer,2019-05-06,,,,,11,4332
🥼,1F97C,objects,clothing,lab coat,"clothes, coat, doctor, dr, experiment, jacket, lab, scientist, white",,Laura Schießer,2019-05-06,,,,,11,4333
🦺,1F9BA,objects,clothing,safety vest,"emergency, safety, vest",,Sam Eckert,2019-05-06,,,,,12,4334
👔,1F454,objects,clothing,necktie,"clothing, employed, serious, shirt, tie","cravatte, smart",Jonas Roßner,2018-04-18,,,,,0.6,4335
👕,1F455,objects,clothing,t-shirt,"blue, casual, clothes, clothing, collar, dressed, shirt, shopping, tshirt, weekend",,Jonas Roßner,2018-04-18,,,,,0.6,4336
👖,1F456,objects,clothing,jeans,"blue, casual, clothes, clothing, denim, dressed, pants, shopping, trousers, weekend",,Jonas Roßner,2018-04-18,,,,,0.6,4337
🧣,1F9E3,objects,clothing,scarf,"bundle, cold, neck, up",,Laura Schießer,2019-05-06,,,,,5,4338
🧤,1F9E4,objects,clothing,gloves,hand,,Laura Schießer,2019-05-06,,,,,5,4339
🧥,1F9E5,objects,clothing,coat,"brr, bundle, cold, jacket, up",,Daniel Quiros,2018-11-16,,,,,5,4340
🧦,1F9E6,objects,clothing,socks,stocking,,Laura Schießer,2019-05-06,,,,,5,4341
👗,1F457,objects,clothing,dress,"clothes, clothing, dressed, fancy, shopping","beautiful, dress, woman",Jonas Roßner,2018-04-18,,,,,0.6,4342
👘,1F458,objects,clothing,kimono,"clothing, comfortable","japan, clothing",Liz Bravo,2020-12-22,,,,,0.6,4343
🥻,1F97B,objects,clothing,sari,"clothing, dress",,Carlin MacKenzie,2020-02-26,,,,,12,4344
🩱,1FA71,objects,clothing,one-piece swimsuit,"bathing, one-piece, suit, swimsuit",,Sam Eckert,2019-05-06,,,,,12,4345
🩲,1FA72,objects,clothing,briefs,"bathing, one-piece, suit, swimsuit, underwear",,Sam Eckert,2019-05-06,,,,,12,4346
🩳,1FA73,objects,clothing,shorts,"bathing, pants, suit, swimsuit, underwear",,Sam Eckert,2019-05-06,,,,,12,4347
👙,1F459,objects,clothing,bikini,"bathing, beach, clothing, pool, suit, swim",summer,Jonas Roßner,2018-04-18,,,,,0.6,4348
👚,1F45A,objects,clothing,woman’s clothes,"blouse, clothes, clothing, collar, dress, dressed, lady, shirt, shopping, woman, woman’s",,Jonas Roßner,2018-04-18,,,,,0.6,4349
🪭,1FAAD,objects,clothing,folding hand fan,"clack, clap, cool, cooling, dance, fan, flirt, flutter, folding, hand, hot, shy",,Anna Schneider,2023-10-25,,,,,15,4350
👛,1F45B,objects,clothing,purse,"clothes, clothing, coin, dress, fancy, handbag, shopping",money,Jonas Roßner,2018-04-18,,,,,0.6,4351
👜,1F45C,objects,clothing,handbag,"bag, clothes, clothing, dress, lady, purse, shopping",,Jonas Roßner,2018-04-18,,,,,0.6,4352
👝,1F45D,objects,clothing,clutch bag,"bag, clothes, clothing, clutch, dress, handbag, pouch, purse",,Jonas Roßner,2018-04-18,,,,,0.6,4353
🛍️,1F6CD,objects,clothing,shopping bags,"bag, bags, hotel, shopping",buy,Jonas Roßner,2018-04-18,,,,,0.7,4355
🎒,1F392,objects,clothing,backpack,"backpacking, bag, bookbag, education, rucksack, satchel, school",young,Jonas Roßner,2018-04-18,,,,,0.6,4356
🩴,1FA74,objects,clothing,thong sandal,"beach, flip, flop, sandal, sandals, shoe, thong, thongs, zōri",,Liz Bravo,2020-03-11,,,,,13,4357
👞,1F45E,objects,clothing,man’s shoe,"brown, clothes, clothing, feet, foot, kick, man, man’s, shoe, shoes, shopping",,Jonas Roßner,2018-04-18,,,,,0.6,4358
👟,1F45F,objects,clothing,running shoe,"athletic, clothes, clothing, fast, kick, running, shoe, shoes, shopping, sneaker, tennis",,Jonas Roßner,2018-04-18,,,,,0.6,4359
🥾,1F97E,objects,clothing,hiking boot,"backpacking, boot, brown, camping, hiking, outdoors, shoe",,Laura Schießer,2019-05-06,,,,,11,4360
🥿,1F97F,objects,clothing,flat shoe,"ballet, comfy, flat, flats, shoe, slip-on, slipper",,Laura Schießer,2019-05-06,,,,,11,4361
👠,1F460,objects,clothing,high-heeled shoe,"clothes, clothing, dress, fashion, heel, heels, high-heeled, shoe, shoes, shopping, stiletto, woman",,Jonas Roßner,2018-04-18,,,,,0.6,4362
👡,1F461,objects,clothing,woman’s sandal,"clothing, sandal, shoe, woman, woman’s",,Jonas Roßner,2018-04-18,,,,,0.6,4363
🩰,1FA70,objects,clothing,ballet shoes,"ballet, dance, shoes",,Sam Eckert,2019-05-06,,,,,12,4364
👢,1F462,objects,clothing,woman’s boot,"boot, clothes, clothing, dress, shoe, shoes, shopping, woman, woman’s",,Jonas Roßner,2018-04-18,,,,,0.6,4365
🪮,1FAAE,objects,clothing,hair pick,"afro, comb, groom, hair, pick",,Linda Hartmann,2023-10-25,,,,,15,4366
👑,1F451,objects,clothing,crown,"clothing, family, king, medieval, queen, royal, royalty, win","crone, gold",Jonas Roßner,2018-04-18,,,,,0.6,4367
👒,1F452,objects,clothing,woman’s hat,"clothes, clothing, garden, hat, hats, party, woman, woman’s",beautiful,Niklas Kuntz,2022-07-01,,,,,0.6,4368
🎩,1F3A9,objects,clothing,top hat,"clothes, clothing, fancy, formal, hat, magic, top, tophat",magic,Jonas Roßner,2018-04-18,,,,,0.6,4369
🎓️,1F393,objects,clothing,graduation cap,"cap, celebration, clothing, education, graduation, hat, scholar",,Jonas Roßner,2018-04-18,,,,,0.6,4370
🧢,1F9E2,objects,clothing,billed cap,"baseball, bent, billed, cap, dad, hat",,Jennifer Pätzold,2022-07-01,,,,,5,4371
🪖,1FA96,objects,clothing,military helmet,"army, helmet, military, soldier, war, warrior",,Liz Bravo,2020-09-26,,,,,13,4372
⛑️,26D1,objects,clothing,rescue worker’s helmet,"aid, cross, face, hat, helmet, rescue, worker’s",,Anne Frauendorf,2018-11-16,,,,,0.7,4374
📿,1F4FF,objects,clothing,prayer beads,"beads, clothing, necklace, prayer, religion","expensive, jewelry",Jonas Roßner,2018-04-18,,,,,1,4375
💄,1F484,objects,clothing,lipstick,"cosmetics, date, makeup",,Anne Frauendorf,2018-11-16,,,,,0.6,4376
💍,1F48D,objects,clothing,ring,"diamond, engaged, engagement, married, romance, shiny, sparkling, wedding","expensive, jewelry",Jonas Roßner,2018-04-18,,,,,0.6,4377
💎,1F48E,objects,clothing,gem stone,"diamond, engagement, gem, jewel, money, romance, stone, wedding",expensive,Jonas Roßner,2018-04-18,,,,,0.6,4378
🔇,1F507,objects,sound,muted speaker,"mute, muted, quiet, silent, sound, speaker",,Rana Cakir,2018-04-18,,,,,1,4379
🔈️,1F508,objects,sound,speaker low volume,"low, soft, sound, speaker, volume",sound,Rana Cakir,2018-04-18,,,,,0.7,4380
🔉,1F509,objects,sound,speaker medium volume,"medium, sound, speaker, volume",,Rana Cakir,2018-04-18,,,,,1,4381
🔊,1F50A,objects,sound,speaker high volume,"high, loud, music, sound, speaker, volume",sound,Rana Cakir,2018-04-18,,,,,0.6,4382
📢,1F4E2,objects,sound,loudspeaker,"address, communication, loud, public, sound",sound,Rana Cakir,2018-04-18,,,,,0.6,4383
📣,1F4E3,objects,sound,megaphone,"cheering, sound",,Abby Esquivel,2018-11-16,,,,,0.6,4384
📯,1F4EF,objects,sound,postal horn,"horn, post, postal",,Rana Cakir,2018-04-18,,,,,1,4385
🔔,1F514,objects,sound,bell,"break, church, sound",sound,Rana Cakir,2018-04-18,,,,,0.6,4386
🔕,1F515,objects,sound,bell with slash,"bell, forbidden, mute, no, not, prohibited, quiet, silent, slash, sound",,Rana Cakir,2018-04-18,,,,,1,4387
🎼,1F3BC,objects,music,musical score,"music, musical, note, score","violin key, rhythm",Sina Schulz,2018-04-18,,,,,0.6,4388
🎵,1F3B5,objects,music,musical note,"music, musical, note, sound","song, melody, sounds, tone",Sina Schulz,2018-04-18,,,,,0.6,4389
🎶,1F3B6,objects,music,musical notes,"music, musical, note, notes, sound","melody, harmony, sounds, rhythm",Sina Schulz,2018-04-18,,,,,0.6,4390
🎙️,1F399,objects,music,studio microphone,"mic, microphone, music, studio","studio, microphone, stereo, recording",Sina Schulz,2018-04-18,,,,,0.7,4392
🎚️,1F39A,objects,music,level slider,"level, music, slider","studio, music slider",Sina Schulz,2018-04-18,,,,,0.7,4394
🎛️,1F39B,objects,music,control knobs,"control, knobs, music","music, mix, recording, tool, knobs",Sina Schulz,2018-04-18,,,,,0.7,4396
🎤,1F3A4,objects,music,microphone,"karaoke, mic, music, sing, sound","sound, loud, stage, speech, singing, karaoke, mic, microphone, tone",Sina Schulz,2018-04-18,,,,,0.6,4397
🎧️,1F3A7,objects,music,headphone,"earbud, sound","music, headphones",Sina Schulz,2018-04-18,,,,,0.6,4398
📻️,1F4FB,objects,music,radio,"entertainment, tbt, video","radio, stereo radio, analog radio",Sina Schulz,2018-04-18,,,,,0.6,4399
🎷,1F3B7,objects,musical-instrument,saxophone,"instrument, music, sax","saxophone, sax, jazz, instrument",Sina Schulz,2018-04-18,,,,,0.6,4400
🎺,1F3BA,objects,musical-instrument,trumpet,"instrument, music","trumpet, horns, music, woodwind instrument",Sina Schulz,2018-04-18,,,,,0.6,4401
🪊,1FA8A,objects,musical-instrument,trombone,"brass, instrument, jazz, music, sad, slide",,Natalia Kenig,2026-03-16,,,,,17,4402
🪗,1FA97,objects,musical-instrument,accordion,"box, concertina, instrument, music, squeeze, squeezebox",,Liz Bravo,2020-07-21,,,,,13,4403
🎸,1F3B8,objects,musical-instrument,guitar,"instrument, music, strat","guitar, e-guitar, instrumental, acoustic, chords",Sina Schulz,2018-04-18,,,,,0.6,4404
🎹,1F3B9,objects,musical-instrument,musical keyboard,"instrument, keyboard, music, musical, piano","keyboard, piano keys, chords",Sina Schulz,2018-04-18,,,,,0.6,4405
🎻,1F3BB,objects,musical-instrument,violin,"instrument, music","string, violin, fiddle, bow",Sina Schulz,2018-04-18,,,,,0.6,4406
🪕,1FA95,objects,musical-instrument,banjo,"music, stringed",,Sam Eckert,2019-05-06,,,,,12,4407
🥁,1F941,objects,musical-instrument,drum,"drumsticks, music","drum, drumsticks, music, beat",Sina Schulz,2018-04-18,,,,,3,4408
🪘,1FA98,objects,musical-instrument,long drum,"beat, conga, drum, instrument, long, rhythm",,Liz Bravo,2020-03-03,,,,,13,4409
🪇,1FA87,objects,musical-instrument,maracas,"cha, dance, instrument, music, party, percussion, rattle, shake, shaker",,Ben Engelhardt,2023-10-25,,,,,15,4410
🪈,1FA88,objects,musical-instrument,flute,"band, fife, flautist, instrument, marching, music, orchestra, piccolo, pipe, recorder, woodwind",,Christian Engler,2023-10-25,,,,,15,4411
🪉,1FA89,objects,musical-instrument,harp,"cupid, instrument, love, music, orchestra",,Daniel Utz,2025-02-18,,,,,16,4412
📱,1F4F1,objects,phone,mobile phone,"cell, communication, mobile, phone, telephone","smartphone, message, voice, communication",Martin Wehl,2018-04-18,,,,,0.6,4413
📲,1F4F2,objects,phone,mobile phone with arrow,"arrow, build, call, cell, communication, mobile, phone, receive, telephone","voice, smartphone, message",Martin Wehl,2018-04-18,,,,,0.6,4414
☎️,260E,objects,phone,telephone,phone,"call, voice, communication",Kai Wanschura,2018-04-18,,,,,0.6,4416
📞,1F4DE,objects,phone,telephone receiver,"communication, phone, receiver, telephone, voip","call, voice, communication",Kai Wanschura,2018-04-18,,,,,0.6,4417
📟️,1F4DF,objects,phone,pager,communication,,Nicole Kornhaas,2019-05-06,,,,,0.6,4418
📠,1F4E0,objects,phone,fax machine,"communication, fax, machine","office, paper, communication",Martin Wehl,2018-04-18,,,,,0.6,4419
🔋,1F50B,objects,computer,battery,battery,"electricity, energy, electric",Jonas Roßner,2018-04-18,,,,,0.6,4420
🪫,1FAAB,objects,computer,low battery,"battery, drained, electronic, energy, low, power",,Alena Peichl,2022-05-09,,,,,14,4421
🔌,1F50C,objects,computer,electric plug,"electric, electricity, plug",,Jonas Roßner,2018-04-18,,,,,0.6,4422
💻️,1F4BB,objects,computer,laptop,"computer, office, pc, personal","old, retro",Jonas Roßner,2018-04-18,,,,,0.6,4423
🖥️,1F5A5,objects,computer,desktop computer,"computer, desktop, monitor","electric, screen",Jonas Roßner,2018-04-18,,,,,0.7,4425
🖨️,1F5A8,objects,computer,printer,computer,"color, electric",Jonas Roßner,2018-04-18,,,,,0.7,4427
⌨️,2328,objects,computer,keyboard,computer,"key, write, electric",Carlin MacKenzie,2020-05-12,,,,,1,4429
🖱️,1F5B1,objects,computer,computer mouse,"computer, mouse","electric, computer, mouse",Jonas Roßner,2018-04-18,,,,,0.7,4431
🖲️,1F5B2,objects,computer,trackball,computer,,Nicole Kornhaas,2019-05-06,,,,,0.7,4433
💽,1F4BD,objects,computer,computer disk,"computer, disk, minidisk, optical","old, retro",Jonas Roßner,2018-04-18,,,,,0.6,4434
💾,1F4BE,objects,computer,floppy disk,"computer, disk, floppy","old, retro",Jonas Roßner,2018-04-18,,,,,0.6,4435
💿️,1F4BF,objects,computer,optical disk,"blu-ray, cd, computer, disk, dvd, optical",analog,Jonas Roßner,2018-04-18,,,,,0.6,4436
📀,1F4C0,objects,computer,dvd,"blu-ray, cd, computer, disk, optical",film,Jonas Roßner,2018-04-18,,,,,0.6,4437
🧮,1F9EE,objects,computer,abacus,"calculation, calculator",,Nicole Kornhaas,2019-05-06,,,,,11,4438
🎥,1F3A5,objects,light-video,movie camera,"bollywood, camera, cinema, film, hollywood, movie, record","film, record",Sina Schulz,2018-04-18,,,,,0.6,4439
🎞️,1F39E,objects,light-video,film frames,"cinema, film, frames, movie","clip, film",Sina Schulz,2018-04-18,,,,,0.7,4441
📽️,1F4FD,objects,light-video,film projector,"cinema, film, movie, projector, video","play, film clip, movie",Sina Schulz,2018-04-18,,,,,0.7,4443
🎬️,1F3AC,objects,light-video,clapper board,"action, board, clapper, movie","cut, new recording",Sina Schulz,2018-04-18,,,,,0.6,4444
📺️,1F4FA,objects,light-video,television,"tv, video","flat screen, tv, modern",Sina Schulz,2018-04-18,,,,,0.6,4445
📷️,1F4F7,objects,light-video,camera,"photo, selfie, snap, tbt, trip, video","camera, digital",Sina Schulz,2018-04-18,,,,,0.6,4446
📸,1F4F8,objects,light-video,camera with flash,"camera, flash, video","camera, bright",Sina Schulz,2018-04-18,,,,,1,4447
📹️,1F4F9,objects,light-video,video camera,"camcorder, camera, tbt, video","record, recording, film, movie",Sina Schulz,2018-04-18,,,,,0.6,4448
📼,1F4FC,objects,light-video,videocassette,"old, school, tape, vcr, vhs, video","movie, film, vhs, cassette, record, recording",Sina Schulz,2018-04-18,,,,,0.6,4449
🔍️,1F50D,objects,light-video,magnifying glass tilted left,"glass, lab, left, left-pointing, magnifying, science, search, tilted, tool","detail, big, zoom, detective",Sina Schulz,2018-04-18,,,,,0.6,4450
🔎,1F50E,objects,light-video,magnifying glass tilted right,"contact, glass, lab, magnifying, right, right-pointing, science, search, tilted, tool","detail, big, zoom, detective",Sina Schulz,2018-04-18,,,,,0.6,4451
🕯️,1F56F,objects,light-video,candle,light,"fire, bright, shine",Sina Schulz,2018-04-18,,,,,0.7,4453
💡,1F4A1,objects,light-video,light bulb,"bulb, comic, electric, idea, light","shine, light, bulb, power, on, electric, idea",Sina Schulz,2018-04-18,,,,,0.6,4454
🔦,1F526,objects,light-video,flashlight,"electric, light, tool, torch","bright, shine, light, flashlight, gadget",Sina Schulz,2018-04-18,,,,,0.6,4455
🏮,1F3EE,objects,light-video,red paper lantern,"bar, lantern, light, paper, red, restaurant",,Abby Esquivel,2018-11-16,,,,,0.6,4456
🪔,1FA94,objects,light-video,diya lamp,"diya, lamp, light, oil",,Sam Eckert,2019-05-06,,,,,12,4457
📔,1F4D4,objects,book-paper,notebook with decorative cover,"book, cover, decorated, decorative, education, notebook, school, writing",,Abby Esquivel,2018-11-16,,,,,0.6,4458
📕,1F4D5,objects,book-paper,closed book,"book, closed, education","book, read, write, closed",Jonas Roßner,2018-04-18,,,,,0.6,4459
📖,1F4D6,objects,book-paper,open book,"book, education, fantasy, knowledge, library, novels, open, reading","book, read, write, open",Jonas Roßner,2018-04-18,,,,,0.6,4460
📗,1F4D7,objects,book-paper,green book,"book, education, fantasy, green, library, reading",,Abby Esquivel,2018-11-16,,,,,0.6,4461
📘,1F4D8,objects,book-paper,blue book,"blue, book, education, fantasy, library, reading",,Abby Esquivel,2018-11-16,,,,,0.6,4462
📙,1F4D9,objects,book-paper,orange book,"book, education, fantasy, library, orange, reading",,Abby Esquivel,2018-11-16,,,,,0.6,4463
📚️,1F4DA,objects,book-paper,books,"book, education, fantasy, knowledge, library, novels, reading, school, study","book, read, write, isometric",Liz Bravo,2020-12-22,,,,,0.6,4464
📓,1F4D3,objects,book-paper,notebook,notebook,"book, read, write",Jonas Roßner,2018-04-18,,,,,0.6,4465
📒,1F4D2,objects,book-paper,ledger,notebook,"book, read, write",Jonas Roßner,2018-04-18,,,,,0.6,4466
📃,1F4C3,objects,book-paper,page with curl,"curl, document, page, paper","rolled, page, text",Jonas Roßner,2018-04-18,,,,,0.6,4467
📜,1F4DC,objects,book-paper,scroll,paper,"old, papyrus, text",Jonas Roßner,2018-04-18,,,,,0.6,4468
📄,1F4C4,objects,book-paper,page facing up,"document, facing, page, paper, up","write, text, paper, notes",Jonas Roßner,2018-04-18,,,,,0.6,4469
📰,1F4F0,objects,book-paper,newspaper,"communication, news, paper","read, news, paper, text",Jonas Roßner,2018-04-18,,,,,0.6,4470
🗞️,1F5DE,objects,book-paper,rolled-up newspaper,"news, newspaper, paper, rolled, rolled-up",,Tonia Reinhardt,2019-05-07,,,,,0.7,4472
📑,1F4D1,objects,book-paper,bookmark tabs,"bookmark, mark, marker, tabs",,Abby Esquivel,2018-11-16,,,,,0.6,4473
🔖,1F516,objects,book-paper,bookmark,mark,remember,Jonas Roßner,2018-04-18,,,,,0.6,4474
🏷️,1F3F7,objects,book-paper,label,tag,stick,Jonas Roßner,2018-04-18,,,,,0.7,4476
🪙,1FA99,objects,money,coin,"dollar, euro, gold, metal, money, rich, silver, treasure",,Liz Bravo,2020-07-21,,,,,13,4477
💰️,1F4B0,objects,money,money bag,"bag, bank, bet, billion, cash, cost, dollar, gold, million, money, moneybag, paid, paying, pot, rich, win",,Marius Schnabel,2018-04-18,,,,,0.6,4478
🪎,1FA8E,objects,money,treasure chest,"gem, gold, jewels, loot, money, prize, silver, valuables, wealth",pirate,Daniel Utz,2026-03-30,,,,,17,4479
💴,1F4B4,objects,money,yen banknote,"bank, banknote, bill, currency, money, note, yen",,Marius Schnabel,2018-04-18,,,,,0.6,4480
💵,1F4B5,objects,money,dollar banknote,"bank, banknote, bill, currency, dollar, money, note",,Marius Schnabel,2018-04-18,,,,,0.6,4481
💶,1F4B6,objects,money,euro banknote,"100, bank, banknote, bill, currency, euro, money, note, rich",,Marius Schnabel,2018-04-18,,,,,1,4482
💷,1F4B7,objects,money,pound banknote,"bank, banknote, bill, billion, cash, currency, money, note, pound, pounds",,Marius Schnabel,2018-04-18,,,,,1,4483
💸,1F4B8,objects,money,money with wings,"bank, banknote, bill, billion, cash, dollar, fly, million, money, note, pay, wings",,Marius Schnabel,2018-04-18,,,,,0.6,4484
💳️,1F4B3,objects,money,credit card,"bank, card, cash, charge, credit, money, pay",,Marius Schnabel,2018-04-18,,,,,0.6,4485
🧾,1F9FE,objects,money,receipt,"accounting, bookkeeping, evidence, invoice, proof",,Tonia Reinhardt,2019-05-07,,,,,11,4486
💹,1F4B9,objects,money,chart increasing with yen,"bank, chart, currency, graph, growth, increasing, market, money, rise, trend, upward, yen",,Marleen Heine,2018-11-16,,,,,0.6,4487
✉️,2709,objects,mail,envelope,"e-mail, email, letter","post, message",Marius Schnabel,2018-04-18,,,,,0.6,4489
📧,1F4E7,objects,mail,e-mail,"email, letter, mail","message, electronic",Marius Schnabel,2018-04-18,,,,,0.6,4490
📨,1F4E8,objects,mail,incoming envelope,"delivering, e-mail, email, envelope, incoming, letter, mail, receive, sent",,Marleen Heine,2018-11-16,,,,,0.6,4491
📩,1F4E9,objects,mail,envelope with arrow,"arrow, communication, down, e-mail, email, envelope, letter, mail, outgoing, send, sent",post,Marius Schnabel,2018-04-18,,,,,0.6,4492
📤️,1F4E4,objects,mail,outbox tray,"box, email, letter, mail, outbox, sent, tray",post,Marius Schnabel,2018-04-18,,,,,0.6,4493
📥️,1F4E5,objects,mail,inbox tray,"box, email, inbox, letter, mail, receive, tray, zero",post,Marius Schnabel,2018-04-18,,,,,0.6,4494
📦️,1F4E6,objects,mail,package,"box, communication, delivery, parcel, shipping","shipping, post, mail, parcel",Liz Bravo,2021-04-28,,,,,0.6,4495
📫️,1F4EB,objects,mail,closed mailbox with raised flag,"closed, communication, flag, mail, mailbox, postbox, raised",post,Marius Schnabel,2018-04-18,,,,,0.6,4496
📪️,1F4EA,objects,mail,closed mailbox with lowered flag,"closed, flag, lowered, mail, mailbox, postbox",post,Marius Schnabel,2018-04-18,,,,,0.6,4497
📬️,1F4EC,objects,mail,open mailbox with raised flag,"flag, mail, mailbox, open, postbox, raised",,Marleen Heine,2018-11-16,,,,,0.7,4498
📭️,1F4ED,objects,mail,open mailbox with lowered flag,"flag, lowered, mail, mailbox, open, postbox",,Marleen Heine,2018-11-16,,,,,0.7,4499
📮,1F4EE,objects,mail,postbox,"mail, mailbox",post,Marius Schnabel,2018-04-18,,,,,0.6,4500
🗳️,1F5F3,objects,mail,ballot box with ballot,"ballot, box",,Marleen Heine,2018-11-16,,,,,0.7,4502
✏️,270F,objects,writing,pencil,pencil,notes,Rana Cakir,2018-04-18,,,,,0.6,4504
✒️,2712,objects,writing,black nib,"black, nib, pen",,Liz Bravo,2021-05-04,,,,,0.6,4506
🖋️,1F58B,objects,writing,fountain pen,"fountain, pen",,Rana Cakir,2018-04-18,,,,,0.7,4508
🖊️,1F58A,objects,writing,pen,ballpoint,,Rana Cakir,2018-04-18,,,,,0.7,4510
🖌️,1F58C,objects,writing,paintbrush,painting,"colors, pain, brush",Rana Cakir,2018-04-18,,,,,0.7,4512
🖍️,1F58D,objects,writing,crayon,crayon,"painting, colors",Rana Cakir,2018-04-18,,,,,0.7,4514
📝,1F4DD,objects,writing,memo,"communication, media, notes, pencil","pencil, paper, notice, notes",Rana Cakir,2018-04-18,,,,,0.6,4515
💼,1F4BC,objects,office,briefcase,office,"bag, briefcase, office bag, leather bag",Sina Schulz,2018-04-18,,,,,0.6,4516
📁,1F4C1,objects,office,file folder,"file, folder","file, folder, paper, organise, structure, office, box",Sina Schulz,2018-04-18,,,,,0.6,4517
📂,1F4C2,objects,office,open file folder,"file, folder, open","open file, folder, organise, structure, office, box",Sina Schulz,2018-04-18,,,,,0.6,4518
🗂️,1F5C2,objects,office,card index dividers,"card, dividers, index",,Marleen Heine,2018-11-16,,,,,0.7,4520
📅,1F4C5,objects,office,calendar,date,"calendar, day view, pages, analog",Sina Schulz,2018-04-18,,,,,0.6,4521
📆,1F4C6,objects,office,tear-off calendar,"calendar, tear-off","calendar, tear off",Sina Schulz,2018-04-18,,,,,0.6,4522
🗒️,1F5D2,objects,office,spiral notepad,"note, notepad, pad, spiral","notes, handwrite, paper, pen, spiral block, college",Sina Schulz,2018-04-18,,,,,0.7,4524
🗓️,1F5D3,objects,office,spiral calendar,"calendar, pad, spiral","calendar, year, month view",Sina Schulz,2018-04-18,,,,,0.7,4526
📇,1F4C7,objects,office,card index,"card, index, old, rolodex, school",,Tonia Reinhardt,2019-05-07,,,,,0.6,4527
📈,1F4C8,objects,office,chart increasing,"chart, data, graph, growth, increasing, right, trend, up, upward","graph going up, upward trend",Sina Schulz,2018-04-18,,,,,0.6,4528
📉,1F4C9,objects,office,chart decreasing,"chart, data, decreasing, down, downward, graph, negative, trend","graph going down, downtrend",Sina Schulz,2018-04-18,,,,,0.6,4529
📊,1F4CA,objects,office,bar chart,"bar, chart, data, graph","data, chart, sheet, graph",Sina Schulz,2018-04-18,,,,,0.6,4530
📋️,1F4CB,objects,office,clipboard,"do, list, notes","board, clip, metal, wood, handwriting",Sina Schulz,2018-04-18,,,,,0.6,4531
📌,1F4CC,objects,office,pushpin,"collage, pin","pin, wall, push, paper",Sina Schulz,2018-04-18,,,,,0.6,4532
📍,1F4CD,objects,office,round pushpin,"location, map, pin, pushpin, round","pin, wall, push, paper, notes",Sina Schulz,2018-04-18,,,,,0.6,4533
📎,1F4CE,objects,office,paperclip,paperclip,"office, paperclip, organisation",Sina Schulz,2018-04-18,,,,,0.6,4534
🖇️,1F587,objects,office,linked paperclips,"link, linked, paperclip, paperclips",,Marleen Heine,2018-11-16,,,,,0.7,4536
📏,1F4CF,objects,office,straight ruler,"angle, edge, math, ruler, straight, straightedge","ruler, straight, line, measure, detail",Sina Schulz,2018-04-18,,,,,0.6,4537
📐,1F4D0,objects,office,triangular ruler,"angle, math, rule, ruler, set, slide, triangle, triangular","triangle, ruler, line, measure, detail",Sina Schulz,2018-04-18,,,,,0.6,4538
✂️,2702,objects,office,scissors,"cut, cutting, paper, tool","scissors, cut, cutting, tool, work, paper, material",Sina Schulz,2018-04-18,,,,,0.6,4540
🗃️,1F5C3,objects,office,card file box,"box, card, file","card, file, system, organising, structure, tidy",Sina Schulz,2018-04-18,,,,,0.7,4542
🗄️,1F5C4,objects,office,file cabinet,"cabinet, file, filing, paper","box, file system, cabinet, file organising",Sina Schulz,2018-04-18,,,,,0.7,4544
🗑️,1F5D1,objects,office,wastebasket,"can, garbage, trash, waste","paper, bin, trash",Sina Schulz,2018-04-18,,,,,0.7,4546
🔒️,1F512,objects,lock,locked,"closed, lock, private","locker, padlock",Lisa Schulz,2018-04-18,,,,,0.6,4547
🔓️,1F513,objects,lock,unlocked,"cracked, lock, open, unlock","locker, padlock",Lisa Schulz,2018-04-18,,,,,0.6,4548
🔏,1F50F,objects,lock,locked with pen,"ink, lock, locked, nib, pen, privacy",,Marleen Heine,2018-11-16,,,,,0.6,4549
🔐,1F510,objects,lock,locked with key,"bike, closed, key, lock, locked, secure",,Lisa Schulz,2018-04-18,,,,,0.6,4550
🔑,1F511,objects,lock,key,"keys, lock, major, password, unlock",closing,Lisa Schulz,2018-04-18,,,,,0.6,4551
🗝️,1F5DD,objects,lock,old key,"clue, key, lock, old",,Lisa Schulz,2018-04-18,,,,,0.7,4553
🔨,1F528,objects,tool,hammer,"home, improvement, repairs, tool","toolbox, metal, wood",Hilda Kalyoncu,2018-04-18,,,,,0.6,4554
🪓,1FA93,objects,tool,axe,"ax, chop, hatchet, split, wood",,Sam Eckert,2019-05-06,,,,,12,4555
⛏️,26CF,objects,tool,pick,"hammer, mining, tool",weapon,Hilda Kalyoncu,2018-04-18,,,,,0.7,4557
⚒️,2692,objects,tool,hammer and pick,"hammer, pick, tool",,Marleen Heine,2018-11-16,,,,,1,4559
🛠️,1F6E0,objects,tool,hammer and wrench,"hammer, spanner, tool, wrench","craft mans, logo",Hilda Kalyoncu,2018-04-18,,,,,0.7,4561
🗡️,1F5E1,objects,tool,dagger,"knife, weapon",metal,Liz Bravo,2020-12-22,,,,,0.7,4563
⚔️,2694,objects,tool,crossed swords,"crossed, swords, weapon",,Marleen Heine,2018-11-16,,,,,1,4565
💣️,1F4A3,objects,tool,bomb,"boom, comic, dangerous, explosion, hot",explosion,Laura Humpfer,2018-04-18,,,,,0.6,4566
🪃,1FA83,objects,tool,boomerang,"rebound, repercussion, weapon",,Liz Bravo,2020-03-26,,,,,13,4567
🏹,1F3F9,objects,tool,bow and arrow,"archer, archery, arrow, bow, sagittarius, tool, weapon, zodiac",,Marleen Heine,2018-11-16,,,,,1,4568
🛡️,1F6E1,objects,tool,shield,weapon,"protection, fight, middle ages",Hilda Kalyoncu,2018-04-18,,,,,0.7,4570
🪚,1FA9A,objects,tool,carpentry saw,"carpenter, carpentry, cut, lumber, saw, tool, trim",,Liz Bravo,2020-03-28,,,,,13,4571
🔧,1F527,objects,tool,wrench,"home, improvement, spanner, tool","toolbox, silver",Hilda Kalyoncu,2018-04-18,,,,,0.6,4572
🪛,1FA9B,objects,tool,screwdriver,"flathead, handy, screw, tool",,Liz Bravo,2020-03-28,,,,,13,4573
🔩,1F529,objects,tool,nut and bolt,"bolt, home, improvement, nut, tool",,Marleen Heine,2018-11-16,,,,,0.6,4574
⚙️,2699,objects,tool,gear,"cog, cogwheel, tool","tool, metal, silver",Hilda Kalyoncu,2018-04-18,,,,,1,4576
🗜️,1F5DC,objects,tool,clamp,"compress, tool, vice",toolbox,Hilda Kalyoncu,2018-04-18,,,,,0.7,4578
⚖️,2696,objects,tool,balance scale,"balance, justice, libra, scale, scales, tool, weight, zodiac",silver,Hilda Kalyoncu,2018-04-18,,,,,1,4580
🦯,1F9AF,objects,tool,white cane,"accessibility, blind, cane, probing, white",,Sam Eckert,2019-05-06,,,,,12,4581
🔗,1F517,objects,tool,link,links,"silver, link",Hilda Kalyoncu,2018-04-18,,,,,0.6,4582
⛓️‍💥,26D3-FE0F-200D-1F4A5,objects,tool,broken chain,"break, breaking, broken, chain, cuffs, freedom",break,Vanessa Stoessinger,2024-10-03,,,,,15.1,4583
⛓️,26D3,objects,tool,chains,chain,"metal, silver",Hilda Kalyoncu,2018-04-18,,,,,0.7,4586
🪝,1FA9D,objects,tool,hook,"catch, crook, curve, ensnare, point, selling","fishing, catch",Liz Bravo,2020-04-11,,,,,13,4587
🧰,1F9F0,objects,tool,toolbox,"box, chest, mechanic, red, tool",,Tonia Reinhardt,2019-05-07,,,,,11,4588
🧲,1F9F2,objects,tool,magnet,"attraction, horseshoe, magnetic, negative, positive, shape, u",,Tonia Reinhardt,2019-05-07,,,,,11,4589
🪜,1FA9C,objects,tool,ladder,"climb, rung, step",,Liz Bravo,2020-09-26,,,,,13,4590
🪏,1FA8F,objects,tool,shovel,"bury, dig, garden, hole, plant, scoop, snow, spade",,Daniel Utz,2025-02-18,,,,,16,4591
⚗️,2697,objects,science,alembic,"chemistry, tool",,Marleen Heine,2018-11-16,,,,,1,4593
🧪,1F9EA,objects,science,test tube,"chemist, chemistry, experiment, lab, science, test, tube",,Tonia Reinhardt,2019-05-07,,,,,11,4594
🧫,1F9EB,objects,science,petri dish,"bacteria, biologist, biology, culture, dish, lab, petri",,Tonia Reinhardt,2019-05-07,,,,,11,4595
🧬,1F9EC,objects,science,dna,"biologist, evolution, gene, genetics, life",,Alan Seng,2022-07-01,,,,,11,4596
🔬,1F52C,objects,science,microscope,"experiment, lab, science, tool",,Marleen Heine,2018-11-16,,,,,1,4597
🔭,1F52D,objects,science,telescope,"contact, extraterrestrial, science, tool","stars, sky, space",Sina Schulz,2018-04-18,,,,,1,4598
📡,1F4E1,objects,science,satellite antenna,"aliens, antenna, contact, dish, satellite, science","signal, receive, radiation",Sina Schulz,2018-04-18,,,,,0.6,4599
💉,1F489,objects,medical,syringe,"doctor, flu, medicine, needle, shot, sick, tool, vaccination","health, needle, injection, IV, drug, medicine",Tonia Reinhardt,2010-01-31,,,,,0.6,4600
🩸,1FA78,objects,medical,drop of blood,"bleed, blood, donation, drop, injury, medicine, menstruation",,Sam Eckert,2019-05-06,,,,,12,4601
💊,1F48A,objects,medical,pill,"doctor, drugs, medicated, medicine, pills, sick, vitamin",health,Marius Schnabel,2018-04-18,,,,,0.6,4602
🩹,1FA79,objects,medical,adhesive bandage,"adhesive, bandage",,Sam Eckert,2019-05-06,,,,,12,4603
🩼,1FA7C,objects,medical,crutch,"aid, cane, disability, help, hurt, injured, mobility, stick",,Niklas Kuntz,2022-05-09,,,,,14,4604
🩺,1FA7A,objects,medical,stethoscope,"doctor, heart, medicine",,Sam Eckert,2019-05-06,,,,,12,4605
🩻,1FA7B,objects,medical,x-ray,"bones, doctor, medical, skeleton, skull, xray",,Tim Loose,2022-05-09,,,,,14,4606
🚪,1F6AA,objects,household,door,"back, closet, front",,Lisa Schulz,2018-04-18,,,,,0.6,4607
🛗,1F6D7,objects,household,elevator,"accessibility, hoist, lift",,Liz Bravo,2020-09-26,,,,,13,4608
🪞,1FA9E,objects,household,mirror,"makeup, reflection, reflector, speculum",,Liz Bravo,2020-03-11,,,,,13,4609
🪟,1FA9F,objects,household,window,"air, frame, fresh, opening, transparent, view",,Liz Bravo,2020-07-21,,,,,13,4610
🛏️,1F6CF,objects,household,bed,"hotel, sleep",furniture,Lisa Schulz,2018-04-18,,,,,0.7,4612
🛋️,1F6CB,objects,household,couch and lamp,"couch, hotel, lamp",furniture,Lisa Schulz,2018-04-18,,,,,0.7,4614
🪑,1FA91,objects,household,chair,"seat, sit",,Sam Eckert,2019-05-06,,,,,12,4615
🚽,1F6BD,objects,household,toilet,bathroom,,Lisa Schulz,2018-04-18,,,,,0.6,4616
🪠,1FAA0,objects,household,plunger,"cup, force, plumber, poop, suction, toilet",,Liz Bravo,2020-03-11,,,,,13,4617
🚿,1F6BF,objects,household,shower,water,wash,Lisa Schulz,2018-04-18,,,,,1,4618
🛁,1F6C1,objects,household,bathtub,bath,"wash, water, foam",Lisa Schulz,2018-04-18,,,,,1,4619
🪤,1FAA4,objects,household,mouse trap,"bait, cheese, lure, mouse, mousetrap, snare, trap",isometric,Liz Bravo,2020-03-28,,,,,13,4620
🪒,1FA92,objects,household,razor,"sharp, shave",,Sam Eckert,2019-05-06,,,,,12,4621
🧴,1F9F4,objects,household,lotion bottle,"bottle, lotion, moisturizer, shampoo, sunscreen",,Tonia Reinhardt,2019-05-07,,,,,11,4622
🧷,1F9F7,objects,household,safety pin,"diaper, pin, punk, rock, safety",,Tonia Reinhardt,2019-05-07,,,,,11,4623
🧹,1F9F9,objects,household,broom,"cleaning, sweeping, witch",,Tonia Reinhardt,2019-05-07,,,,,11,4624
🧺,1F9FA,objects,household,basket,"farming, laundry, picnic",,Tonia Reinhardt,2019-05-07,,,,,11,4625
🧻,1F9FB,objects,household,roll of paper,"paper, roll, toilet, towels",isometric,Tonia Reinhardt,2019-05-07,,,,,11,4626
🪣,1FAA3,objects,household,bucket,"cask, pail, vat",,Liz Bravo,2020-03-26,,,,,13,4627
🧼,1F9FC,objects,household,soap,"bar, bathing, clean, cleaning, lather, soapdish",,Tonia Reinhardt,2019-05-07,,,,,11,4628
🫧,1FAE7,objects,household,bubbles,"bubble, burp, clean, floating, pearl, soap, underwater",,Alexander Müller,2021-11-27,,,,,14,4629
🪥,1FAA5,objects,household,toothbrush,"bathroom, brush, clean, dental, hygiene, teeth, toiletry",,Liz Bravo,2020-03-11,,,,,13,4630
🧽,1F9FD,objects,household,sponge,"absorbing, cleaning, porous, soak",,Tonia Reinhardt,2019-05-07,,,,,11,4631
🧯,1F9EF,objects,household,fire extinguisher,"extinguish, extinguisher, fire, quench",,Tonia Reinhardt,2019-05-07,,,,,11,4632
🛒,1F6D2,objects,household,shopping cart,"cart, shopping, trolley",,Marius Schnabel,2018-04-18,,,,,3,4633
🚬,1F6AC,objects,other-object,cigarette,smoking,"tobacco, smoke",Marius Schnabel,2018-04-18,,,,,0.6,4634
⚰️,26B0,objects,other-object,coffin,"dead, death, vampire","funeral, dead",Marius Schnabel,2018-04-18,,,,,1,4636
🪦,1FAA6,objects,other-object,headstone,"cemetery, dead, grave, graveyard, memorial, rip, tomb, tombstone",,Liz Bravo,2020-03-22,,,,,13,4637
⚱️,26B1,objects,other-object,funeral urn,"ashes, death, funeral, urn",,Marleen Heine,2018-11-16,,,,,1,4639
🧿,1F9FF,objects,other-object,nazar amulet,"amulet, bead, blue, charm, evil-eye, nazar, talisman",,Nicole Kornhaas,2019-05-06,,,,,11,4640
🪬,1FAAC,objects,other-object,hamsa,"amulet, fatima, fortune, guide, hand, mary, miriam, palm, protect, protection",,Pia Stockhaus,2022-05-09,,,,,14,4641
🗿,1F5FF,objects,other-object,moai,"face, moyai, statue, stoneface, travel","moyai, shibuya, japan, meet, meeting point",Liz Bravo,2022-07-05,,,,,0.6,4642
🪧,1FAA7,objects,other-object,placard,"card, demonstration, notice, picket, plaque, protest, sign",,Liz Bravo,2020-03-28,,,,,13,4643
🪪,1FAAA,objects,other-object,identification card,"card, credentials, document, id, identification, license, security",,Niklas Kuntz,2022-05-09,,,,,14,4644
🏧,1F3E7,symbols,transport-sign,ATM sign,"atm, automated, bank, cash, money, sign, teller",,Liz Bravo,2021-05-04,,,,,0.6,4645
🚮,1F6AE,symbols,transport-sign,litter in bin sign,"bin, litter, litterbin, sign","trash, litter, bin, garbage, can, throw, away",Ronja Bäurlen,2018-04-18,,,,,1,4646
🚰,1F6B0,symbols,transport-sign,potable water,"drinking, potable, water","water, faucet, tap, glass",Guemil Project,2019-01-14,,,,,1,4647
♿️,267F,symbols,transport-sign,wheelchair symbol,"access, handicap, symbol, wheelchair","disabled person, wheel chair, toilet, restroom",Guemil Project,2019-01-14,,,,,0.6,4648
🚹️,1F6B9,symbols,transport-sign,men’s room,"bathroom, lavatory, man, men’s, restroom, room, toilet, wc","man, restroom, guy, dude, male, toilet",Ronja Bäurlen,2018-04-18,,,,,0.6,4649
🚺️,1F6BA,symbols,transport-sign,women’s room,"bathroom, lavatory, restroom, room, toilet, wc, woman, women’s","woman, female, restroom, chick, women, toilet",Ronja Bäurlen,2018-04-18,,,,,0.6,4650
🚻,1F6BB,symbols,transport-sign,restroom,"bathroom, lavatory, toilet, wc","unisex, restroom, male, toilet, woman, female",Ronja Bäurlen,2018-04-18,,,,,0.6,4651
🚼️,1F6BC,symbols,transport-sign,baby symbol,"baby, changing, symbol","baby, changing, station, restroom, toilet",Ronja Bäurlen,2018-04-18,,,,,0.6,4652
🚾,1F6BE,symbols,transport-sign,water closet,"bathroom, closet, lavatory, restroom, toilet, water, wc","restroom, WC, toilet, water, closet",Ronja Bäurlen,2018-04-18,,,,,0.6,4653
🛂,1F6C2,symbols,transport-sign,passport control,"control, passport",,Tonia Reinhardt,2019-05-07,,,,,1,4654
🛃,1F6C3,symbols,transport-sign,customs,packing,,Tonia Reinhardt,2019-05-07,,,,,1,4655
🛄,1F6C4,symbols,transport-sign,baggage claim,"arrived, baggage, bags, case, checked, claim, journey, packing, plane, ready, travel, trip",,Vincent Seitz,2018-11-16,,,,,1,4656
🛅,1F6C5,symbols,transport-sign,left luggage,"baggage, case, left, locker, luggage",,Vincent Seitz,2018-11-16,,,,,1,4657
⚠️,26A0,symbols,warning,warning,caution,,Miriam Vollmeier,2018-04-18,,,,,0.6,4659
🚸,1F6B8,symbols,warning,children crossing,"child, children, crossing, pedestrian, traffic",,Tonia Reinhardt,2019-05-07,,,,,1,4660
⛔️,26D4,symbols,warning,no entry,"do, entry, fail, forbidden, no, not, pass, prohibited, traffic",,Miriam Vollmeier,2018-04-18,,,,,0.6,4661
🚫,1F6AB,symbols,warning,prohibited,"entry, forbidden, no, not, smoke",,Miriam Vollmeier,2018-04-18,,,,,0.6,4662
🚳,1F6B3,symbols,warning,no bicycles,"bicycle, bicycles, bike, forbidden, no, not, prohibited",,Miriam Vollmeier,2018-04-18,,,,,1,4663
🚭️,1F6AD,symbols,warning,no smoking,"forbidden, no, not, prohibited, smoke, smoking",,Miriam Vollmeier,2018-04-18,,,,,0.6,4664
🚯,1F6AF,symbols,warning,no littering,"forbidden, litter, littering, no, not, prohibited",,Vincent Seitz,2018-11-16,,,,,1,4665
🚱,1F6B1,symbols,warning,non-potable water,"dry, non-drinking, non-potable, prohibited, water",,Vincent Seitz,2018-11-16,,,,,1,4666
🚷,1F6B7,symbols,warning,no pedestrians,"forbidden, no, not, pedestrian, pedestrians, prohibited",,Vincent Seitz,2018-11-16,,,,,1,4667
📵,1F4F5,symbols,warning,no mobile phones,"cell, forbidden, mobile, no, not, phone, phones, prohibited, telephone",,Miriam Vollmeier,2018-04-18,,,,,1,4668
🔞,1F51E,symbols,warning,no one under eighteen,"18, age, eighteen, forbidden, no, not, one, prohibited, restriction, underage",,Miriam Vollmeier,2018-04-18,,,,,0.6,4669
☢️,2622,symbols,warning,radioactive,sign,,Vincent Seitz,2018-11-16,,,,,1,4671
☣️,2623,symbols,warning,biohazard,sign,,Selina Lange,2019-05-06,,,,,1,4673
⬆️,2B06,symbols,arrow,up arrow,"arrow, cardinal, direction, north, up","up, above",Guemil Project,2019-01-14,,,,,0.6,4675
↗️,2197,symbols,arrow,up-right arrow,"arrow, direction, intercardinal, northeast, up-right","diagonal, right up",Guemil Project,2019-01-14,,,,,0.6,4677
➡️,27A1,symbols,arrow,right arrow,"arrow, cardinal, direction, east, right","right, soon, future",Guemil Project,2019-01-14,,,,,0.6,4679
↘️,2198,symbols,arrow,down-right arrow,"arrow, direction, down-right, intercardinal, southeast","diagonal, right down",Guemil Project,2019-01-14,,,,,0.6,4681
⬇️,2B07,symbols,arrow,down arrow,"arrow, cardinal, direction, down, south","down, underneath",Guemil Project,2019-01-14,,,,,0.6,4683
↙️,2199,symbols,arrow,down-left arrow,"arrow, direction, down-left, intercardinal, southwest","diagonal, left down",Guemil Project,2019-01-14,,,,,0.6,4685
⬅️,2B05,symbols,arrow,left arrow,"arrow, cardinal, direction, left, west","left, past",Guemil Project,2019-01-14,,,,,0.6,4687
↖️,2196,symbols,arrow,up-left arrow,"arrow, direction, intercardinal, northwest, up-left","diagonal, left up",Guemil Project,2019-01-14,,,,,0.6,4689
↕️,2195,symbols,arrow,up-down arrow,"arrow, up-down","directions, opposite, up and down",Jose Avila,2018-04-18,,,,,0.6,4691
↔️,2194,symbols,arrow,left-right arrow,"arrow, left-right","directions, opposite, left and right",Jose Avila,2018-04-18,,,,,0.6,4693
↩️,21A9,symbols,arrow,right arrow curving left,"arrow, curving, left, right","directions, turn around",Jose Avila,2018-04-18,,,,,0.6,4695
↪️,21AA,symbols,arrow,left arrow curving right,"arrow, curving, left, right","directions, turn around",Jose Avila,2018-04-18,,,,,0.6,4697
⤴️,2934,symbols,arrow,right arrow curving up,"arrow, curving, right, up","direction, curve up",Jose Avila,2018-04-18,,,,,0.6,4699
⤵️,2935,symbols,arrow,right arrow curving down,"arrow, curving, down, right","direction, curve down",Jose Avila,2018-04-18,,,,,0.6,4701
🔃,1F503,symbols,arrow,clockwise vertical arrows,"arrow, arrows, clockwise, refresh, reload, vertical",,Vincent Seitz,2018-11-16,,,,,0.6,4702
🔄,1F504,symbols,arrow,counterclockwise arrows button,"again, anticlockwise, arrow, arrows, button, counterclockwise, deja, refresh, rewindershins, vu",cycle,Jose Avila,2018-04-18,,,,,1,4703
🔙,1F519,symbols,arrow,BACK arrow,"arrow, back",,Vincent Seitz,2018-11-16,,,,,0.6,4704
🔚,1F51A,symbols,arrow,END arrow,"arrow, end",,Vincent Seitz,2018-11-16,,,,,0.6,4705
🔛,1F51B,symbols,arrow,ON! arrow,"arrow, mark, on!",,Vincent Seitz,2018-11-16,,,,,0.6,4706
🔜,1F51C,symbols,arrow,SOON arrow,"arrow, brb, omw, soon",,Vincent Seitz,2018-11-16,,,,,0.6,4707
🔝,1F51D,symbols,arrow,TOP arrow,"arrow, homie, top, up",,Vincent Seitz,2018-11-16,,,,,0.6,4708
🛐,1F6D0,symbols,religion,place of worship,"place, pray, religion, worship",pray,Jose Avila,2018-04-18,,,,,1,4709
⚛️,269B,symbols,religion,atom symbol,"atheist, atom, symbol",,Jose Avila,2018-04-18,,,,,1,4711
🕉️,1F549,symbols,religion,om,"hindu, religion",,Sina Chlod,2018-11-16,,,,,0.7,4713
✡️,2721,symbols,religion,star of David,"david, jew, jewish, judaism, religion, star",,Sina Chlod,2018-11-16,,,,,0.7,4715
☸️,2638,symbols,religion,wheel of dharma,"buddhist, dharma, religion, wheel",,Sina Chlod,2018-11-16,,,,,0.7,4717
☯️,262F,symbols,religion,yin yang,"difficult, lives, religion, tao, taoist, total, yang, yin, yinyang",balance,Jose Avila,2018-04-18,,,,,0.7,4719
✝️,271D,symbols,religion,latin cross,"christ, christian, cross, latin, religion",,Jose Avila,2018-04-18,,,,,0.7,4721
☦️,2626,symbols,religion,orthodox cross,"christian, cross, orthodox, religion",,Sina Chlod,2018-11-16,,,,,1,4723
☪️,262A,symbols,religion,star and crescent,"crescent, islam, muslim, ramadan, religion, star",,Jose Avila,2018-04-18,,,,,0.7,4725
☮️,262E,symbols,religion,peace symbol,"healing, peace, peaceful, symbol",,Jose Avila,2018-04-18,,,,,1,4727
🕎,1F54E,symbols,religion,menorah,"candelabrum, candlestick, hanukkah, jewish, judaism, religion",,Sina Chlod,2018-11-16,,,,,1,4728
🔯,1F52F,symbols,religion,dotted six-pointed star,"dotted, fortune, jewish, judaism, six-pointed, star",,Sina Chlod,2018-11-16,,,,,0.6,4729
🪯,1FAAF,symbols,religion,khanda,"deg, fateh, khalsa, religion, sikh, sikhism, tegh",,Katja Widmann,2023-10-31,,,,,15,4730
♈️,2648,symbols,zodiac,Aries,"aries, horoscope, ram, zodiac",,Sina Chlod,2018-11-16,,,,,0.6,4731
♉️,2649,symbols,zodiac,Taurus,"bull, horoscope, ox, taurus, zodiac",,Sina Chlod,2018-11-16,,,,,0.6,4732
♊️,264A,symbols,zodiac,Gemini,"gemini, horoscope, twins, zodiac",,Sina Chlod,2018-11-16,,,,,0.6,4733
♋️,264B,symbols,zodiac,Cancer,"cancer, crab, horoscope, zodiac",,Sina Chlod,2018-11-16,,,,,0.6,4734
♌️,264C,symbols,zodiac,Leo,"horoscope, leo, lion, zodiac",,Selina Lange,2019-05-06,,,,,0.6,4735
♍️,264D,symbols,zodiac,Virgo,"horoscope, virgo, zodiac",,Sina Chlod,2018-11-16,,,,,0.6,4736
♎️,264E,symbols,zodiac,Libra,"balance, horoscope, justice, libra, scales, zodiac",,Sina Chlod,2018-11-16,,,,,0.6,4737
♏️,264F,symbols,zodiac,Scorpio,"horoscope, scorpio, scorpion, scorpius, zodiac",,Sina Chlod,2018-11-16,,,,,0.6,4738
♐️,2650,symbols,zodiac,Sagittarius,"archer, horoscope, sagittarius, zodiac",,Sina Chlod,2018-11-16,,,,,0.6,4739
♑️,2651,symbols,zodiac,Capricorn,"capricorn, goat, horoscope, zodiac",,Sina Chlod,2018-11-16,,,,,0.6,4740
♒️,2652,symbols,zodiac,Aquarius,"aquarius, bearer, horoscope, water, zodiac",,Sina Chlod,2018-11-16,,,,,0.6,4741
♓️,2653,symbols,zodiac,Pisces,"fish, horoscope, pisces, zodiac",,Sina Chlod,2018-11-16,,,,,0.6,4742
⛎️,26CE,symbols,zodiac,Ophiuchus,"bearer, ophiuchus, serpent, snake, zodiac",,Sina Chlod,2018-11-16,,,,,0.6,4743
🔀,1F500,symbols,av-symbol,shuffle tracks button,"arrow, button, crossed, shuffle, tracks",random,Jose Avila,2018-04-18,,,,,1,4744
🔁,1F501,symbols,av-symbol,repeat button,"arrow, button, clockwise, repeat",cycle,Jose Avila,2018-04-18,,,,,1,4745
🔂,1F502,symbols,av-symbol,repeat single button,"arrow, button, clockwise, once, repeat, single",,Jose Avila,2018-04-18,,,,,1,4746
▶️,25B6,symbols,av-symbol,play button,"arrow, button, play, right, triangle",,Jose Avila,2018-04-18,,,,,0.6,4748
⏩️,23E9,symbols,av-symbol,fast-forward button,"arrow, button, double, fast, fast-forward, forward",,Jose Avila,2018-04-18,,,,,0.6,4749
⏭️,23ED,symbols,av-symbol,next track button,"arrow, button, next, scene, track, triangle",,Jose Avila,2018-04-18,,,,,0.7,4751
⏯️,23EF,symbols,av-symbol,play or pause button,"arrow, button, pause, play, right, triangle",,Jose Avila,2018-04-18,,,,,1,4753
◀️,25C0,symbols,av-symbol,reverse button,"arrow, button, left, reverse, triangle",,Jose Avila,2018-04-18,,,,,0.6,4755
⏪️,23EA,symbols,av-symbol,fast reverse button,"arrow, button, double, fast, reverse, rewind",,Jose Avila,2018-04-18,,,,,0.6,4756
⏮️,23EE,symbols,av-symbol,last track button,"arrow, button, last, previous, scene, track, triangle",,Jose Avila,2018-04-18,,,,,0.7,4758
🔼,1F53C,symbols,av-symbol,upwards button,"arrow, button, red, up, upwards",improve,Jose Avila,2018-04-18,,,,,0.6,4759
⏫️,23EB,symbols,av-symbol,fast up button,"arrow, button, double, fast, up",,Jose Avila,2018-04-18,,,,,0.6,4760
🔽,1F53D,symbols,av-symbol,downwards button,"arrow, button, down, downwards, red","decline, decrease",Jose Avila,2018-04-18,,,,,0.6,4761
⏬️,23EC,symbols,av-symbol,fast down button,"arrow, button, double, down, fast",,Jose Avila,2018-04-18,,,,,0.6,4762
⏸️,23F8,symbols,av-symbol,pause button,"bar, button, double, pause, vertical",,Jose Avila,2018-04-18,,,,,0.7,4764
⏹️,23F9,symbols,av-symbol,stop button,"button, square, stop",,Jose Avila,2018-04-18,,,,,0.7,4766
⏺️,23FA,symbols,av-symbol,record button,"button, circle, record",,Jose Avila,2018-04-18,,,,,0.7,4768
⏏️,23CF,symbols,av-symbol,eject button,"button, eject",,Carlin MacKenzie,2020-06-05,,,,,1,4770
🎦,1F3A6,symbols,av-symbol,cinema,"camera, film, movie",,Liz Bravo,2021-05-04,,,,,0.6,4771
🔅,1F505,symbols,av-symbol,dim button,"brightness, button, dim, low",,Jose Avila,2018-04-18,,,,,1,4772
🔆,1F506,symbols,av-symbol,bright button,"bright, brightness, button, light",,Jose Avila,2018-04-18,,,,,1,4773
📶,1F4F6,symbols,av-symbol,antenna bars,"antenna, bar, bars, cell, communication, mobile, phone, signal, telephone",,Jose Avila,2018-04-18,,,,,0.6,4774
🛜,1F6DC,symbols,av-symbol,wireless,"broadband, computer, connectivity, hotspot, internet, network, router, smartphone, wi-fi, wifi, wlan",,Linda Hartmann,2023-10-25,,,,,15,4775
📳,1F4F3,symbols,av-symbol,vibration mode,"cell, communication, mobile, mode, phone, telephone, vibration",silent mode,Jose Avila,2018-04-18,,,,,0.6,4776
📴,1F4F4,symbols,av-symbol,mobile phone off,"cell, mobile, off, phone, telephone",caos,Jose Avila,2018-04-18,,,,,0.6,4777
♀️,2640,symbols,gender,female sign,"female, sign, woman","woman, sign, gender",Hilda Kalyoncu,2018-04-18,,,,,4,4779
♂️,2642,symbols,gender,male sign,"male, man, sign","man, sign, gender",Hilda Kalyoncu,2018-04-18,,,,,4,4781
⚧️,26A7,symbols,gender,transgender symbol,"symbol, transgender","LGBT, trans, queer, gender",Carlin MacKenzie,2020-03-12,,,,,13,4783
✖️,2716,symbols,math,multiply,"cancel, multiplication, sign, x, ×","multiplication, x, cancel, wrong",Hilda Kalyoncu,2018-04-18,,,,,0.6,4785
➕️,2795,symbols,math,plus,+,"math, plus, sign",Hilda Kalyoncu,2018-04-18,,,,,0.6,4786
➖️,2796,symbols,math,minus,"-, heavy, math, sign, −","math, minus, sign",Hilda Kalyoncu,2018-04-18,,,,,0.6,4787
➗️,2797,symbols,math,divide,"division, heavy, math, sign, ÷","math, division, sign",Hilda Kalyoncu,2018-04-18,,,,,0.6,4788
🟰,1F7F0,symbols,math,heavy equals sign,"answer, equal, equality, equals, heavy, math, sign",,Aileen Gedrat,2022-05-09,,,,,14,4789
♾️,267E,symbols,math,infinity,"forever, unbounded, universal",,Selina Lange,2019-05-06,,,,,11,4791
‼️,203C,symbols,punctuation,double exclamation mark,"!, !!, bangbang, double, exclamation, mark, punctuation",,Selina Lange,2019-05-06,,,,,0.6,4793
⁉️,2049,symbols,punctuation,exclamation question mark,"!, !?, ?, exclamation, interrobang, mark, punctuation, question",,Selina Lange,2019-05-06,,,,,0.6,4795
❓️,2753,symbols,punctuation,red question mark,"?, mark, punctuation, question, red","question, punctuation",Selina Lange,2019-05-06,,,,,0.6,4796
❔️,2754,symbols,punctuation,white question mark,"?, mark, outlined, punctuation, question, white","punctuation, mark, question, white",Selina Lange,2019-05-06,,,,,0.6,4797
❕️,2755,symbols,punctuation,white exclamation mark,"!, exclamation, mark, outlined, punctuation, white","exclamation, mark, punctuation, white",Hilda Kalyoncu,2018-04-18,,,,,0.6,4798
❗️,2757,symbols,punctuation,red exclamation mark,"!, exclamation, mark, punctuation, red","exclamation, mark, punctuation",Hilda Kalyoncu,2018-04-18,,,,,0.6,4799
〰️,3030,symbols,punctuation,wavy dash,"dash, punctuation, wavy","dash, punctuation, wavy",Hilda Kalyoncu,2018-04-18,,,,,0.6,4801
💱,1F4B1,symbols,currency,currency exchange,"bank, currency, exchange, money",,Marleen Heine,2018-11-16,,,,,0.6,4802
💲,1F4B2,symbols,currency,heavy dollar sign,"billion, cash, charge, currency, dollar, heavy, million, money, pay, sign",,Marleen Heine,2018-11-16,,,,,0.6,4803
⚕️,2695,symbols,other-symbol,medical symbol,"aesculapius, medical, medicine, staff, symbol","medical, staff",Hilda Kalyoncu,2018-04-18,,,,,4,4805
♻️,267B,symbols,other-symbol,recycling symbol,"recycle, recycling, symbol","recycle, nature",Hilda Kalyoncu,2018-04-18,,,,,0.6,4807
⚜️,269C,symbols,other-symbol,fleur-de-lis,knights,,Selina Lange,2019-05-06,,,,,1,4809
🔱,1F531,symbols,other-symbol,trident emblem,"anchor, emblem, poseidon, ship, tool, trident","trident, emblem",Hilda Kalyoncu,2018-04-18,,,,,0.6,4810
📛,1F4DB,symbols,other-symbol,name badge,"badge, name",,Selina Lange,2019-05-06,,,,,0.6,4811
🔰,1F530,symbols,other-symbol,Japanese symbol for beginner,"beginner, chevron, green, japanese, leaf, symbol, tool, yellow",,Selina Lange,2019-05-06,,,,,0.6,4812
⭕️,2B55,symbols,other-symbol,hollow red circle,"circle, heavy, hollow, large, o, red","circle, red",Hilda Kalyoncu,2018-04-18,,,,,0.6,4813
✅️,2705,symbols,other-symbol,check mark button,"button, check, checked, checkmark, complete, completed, done, fixed, mark, tick, ✓","check, mark, white, right, done, todo",Hilda Kalyoncu,2018-04-18,,,,,0.6,4814
☑️,2611,symbols,other-symbol,check box with check,"ballot, box, check, checked, done, off, tick, ✓","check, right, box",Hilda Kalyoncu,2018-04-18,,,,,0.6,4816
✔️,2714,symbols,other-symbol,check mark,"check, checked, checkmark, done, heavy, mark, tick, ✓","check, mark, right, todo",Carlin MacKenzie,2020-05-12,,,,,0.6,4818
❌️,274C,symbols,other-symbol,cross mark,"cancel, cross, mark, multiplication, multiply, x, ×","cancel, wrong, multiply, x",Hilda Kalyoncu,2018-04-18,,,,,0.6,4819
❎️,274E,symbols,other-symbol,cross mark button,"button, cross, mark, multiplication, multiply, square, x, ×","mark, square, button",Hilda Kalyoncu,2018-04-18,,,,,0.6,4820
➰️,27B0,symbols,other-symbol,curly loop,"curl, curly, loop",,Selina Lange,2019-05-06,,,,,0.6,4821
➿️,27BF,symbols,other-symbol,double curly loop,"curl, curly, double, loop",,Selina Lange,2019-05-06,,,,,1,4822
〽️,303D,symbols,other-symbol,part alternation mark,"alternation, mark, part",,Selina Lange,2019-05-06,,,,,0.6,4824
✳️,2733,symbols,other-symbol,eight-spoked asterisk,"*, asterisk, eight-spoked",,Selina Lange,2019-05-06,,,,,0.6,4826
✴️,2734,symbols,other-symbol,eight-pointed star,"*, eight-pointed, star",,Selina Lange,2019-05-06,,,,,0.6,4828
❇️,2747,symbols,other-symbol,sparkle,*,,Selina Lange,2019-05-06,,,,,0.6,4830
©️,00A9,symbols,other-symbol,copyright,c,"copyright, c, sign",Carlin MacKenzie,2020-06-06,,,,,0.6,4832
®️,00AE,symbols,other-symbol,registered,r,"registered, r, sign",Carlin MacKenzie,2020-06-06,,,,,0.6,4834
™️,2122,symbols,other-symbol,trade mark,"mark, tm, trade, trademark",,Carlin MacKenzie,2020-06-06,,,,,0.6,4836
🫟,1FADF,symbols,other-symbol,splatter,"drip, holi, ink, liquid, mess, paint, spill, stain",,Daniel Utz,2025-02-18,,,,,16,4837
#️⃣,0023-FE0F-20E3,symbols,keycap,keycap: #,keycap,,Crystal Moon,2026-02-14,,,,,0.6,4838
*️⃣,002A-FE0F-20E3,symbols,keycap,keycap: *,keycap,,Crystal Moon,2026-02-14,,,,,2,4840
0️⃣,0030-FE0F-20E3,symbols,keycap,keycap: 0,"0, keycap, zero",,Crystal Moon,2026-02-14,,,,,0.6,4842
1️⃣,0031-FE0F-20E3,symbols,keycap,keycap: 1,"1, keycap, one",,Crystal Moon,2026-02-14,,,,,0.6,4844
2️⃣,0032-FE0F-20E3,symbols,keycap,keycap: 2,"2, keycap, two",,Crystal Moon,2026-02-14,,,,,0.6,4846
3️⃣,0033-FE0F-20E3,symbols,keycap,keycap: 3,"3, keycap, three",,Crystal Moon,2026-02-14,,,,,0.6,4848
4️⃣,0034-FE0F-20E3,symbols,keycap,keycap: 4,"4, four, keycap",,Crystal Moon,2026-02-14,,,,,0.6,4850
5️⃣,0035-FE0F-20E3,symbols,keycap,keycap: 5,"5, five, keycap",,Crystal Moon,2026-02-14,,,,,0.6,4852
6️⃣,0036-FE0F-20E3,symbols,keycap,keycap: 6,"6, keycap, six",,Crystal Moon,2026-02-14,,,,,0.6,4854
7️⃣,0037-FE0F-20E3,symbols,keycap,keycap: 7,"7, keycap, seven",,Crystal Moon,2026-02-14,,,,,0.6,4856
8️⃣,0038-FE0F-20E3,symbols,keycap,keycap: 8,"8, eight, keycap",,Crystal Moon,2026-02-14,,,,,0.6,4858
9️⃣,0039-FE0F-20E3,symbols,keycap,keycap: 9,"9, keycap, nine",,Crystal Moon,2026-02-14,,,,,0.6,4860
🔟,1F51F,symbols,keycap,keycap: 10,keycap,,Crystal Moon,2026-02-14,,,,,0.6,4862
🔠,1F520,symbols,alphanum,input latin uppercase,"abcd, input, latin, letters, uppercase","letters, alphabet",Crystal Moon,2026-02-14,,,,,0.6,4863
🔡,1F521,symbols,alphanum,input latin lowercase,"abcd, input, latin, letters, lowercase","letters, alphabet",Crystal Moon,2026-02-14,,,,,0.6,4864
🔢,1F522,symbols,alphanum,input numbers,"1234, input, numbers",numbers,Crystal Moon,2026-02-14,,,,,0.6,4865
🔣,1F523,symbols,alphanum,input symbols,"%, &, input, symbols, ♪, 〒",symbols,Crystal Moon,2026-02-14,,,,,0.6,4866
🔤,1F524,symbols,alphanum,input latin letters,"abc, alphabet, input, latin, letters","letters, alphabet",Crystal Moon,2026-02-14,,,,,0.6,4867
🅰️,1F170,symbols,alphanum,A button (blood type),"blood, button, type",,Crystal Moon,2024-02-14,,,,,0.6,4869
🆎,1F18E,symbols,alphanum,AB button (blood type),"ab, blood, button, type",,Crystal Moon,2024-02-14,,,,,0.6,4870
🅱️,1F171,symbols,alphanum,B button (blood type),"b, blood, button, type",,Crystal Moon,2024-02-14,,,,,0.6,4872
🆑,1F191,symbols,alphanum,CL button,"button, cl",,Crystal Moon,2024-02-14,,,,,0.6,4873
🆒,1F192,symbols,alphanum,COOL button,"button, cool","popular, nice",Crystal Moon,2026-02-14,,,,,0.6,4874
🆓,1F193,symbols,alphanum,FREE button,"button, free",,Crystal Moon,2024-02-14,,,,,0.6,4875
ℹ️,2139,symbols,alphanum,information,i,"advice, info",Crystal Moon,2026-02-14,,,,,0.6,4877
🆔,1F194,symbols,alphanum,ID button,"button, id, identity",id card,Crystal Moon,2026-02-14,,,,,0.6,4878
Ⓜ️,24C2,symbols,alphanum,circled M,"circle, circled, m",,Crystal Moon,2026-02-14,,,,,0.6,4880
🆕,1F195,symbols,alphanum,NEW button,"button, new","modern, recent",Crystal Moon,2026-02-14,,,,,0.6,4881
🆖,1F196,symbols,alphanum,NG button,"button, ng",,Crystal Moon,2024-02-14,,,,,0.6,4882
🅾️,1F17E,symbols,alphanum,O button (blood type),"blood, button, o, type",,Crystal Moon,2024-02-14,,,,,0.6,4884
🆗,1F197,symbols,alphanum,OK button,"button, ok, okay",okay,Crystal Moon,2026-02-14,,,,,0.6,4885
🅿️,1F17F,symbols,alphanum,P button,"button, p, parking","place, drive, parking",Crystal Moon,2026-02-14,,,,,0.6,4887
🆘,1F198,symbols,alphanum,SOS button,"button, help, sos","emergency, warning",Crystal Moon,2026-02-14,,,,,0.6,4888
🆙,1F199,symbols,alphanum,UP! button,"button, mark, up, up!",,Crystal Moon,2024-02-14,,,,,0.6,4889
🆚,1F19A,symbols,alphanum,VS button,"button, versus, vs",,Crystal Moon,2026-02-14,,,,,0.6,4890
🈁,1F201,symbols,alphanum,Japanese “here” button,"button, here, japanese, katakana",japanese,Crystal Moon,2026-02-10,,,,,0.6,4891
🈂️,1F202,symbols,alphanum,Japanese “service charge” button,"button, charge, japanese, katakana, service",japanese,Crystal Moon,2026-02-10,,,,,0.6,4893
🈷️,1F237,symbols,alphanum,Japanese “monthly amount” button,"amount, button, ideograph, japanese, monthly",japanese,Crystal Moon,2026-02-10,,,,,0.6,4895
🈶,1F236,symbols,alphanum,Japanese “not free of charge” button,"button, charge, free, ideograph, japanese, not",japanese,Crystal Moon,2026-02-10,,,,,0.6,4896
🈯️,1F22F,symbols,alphanum,Japanese “reserved” button,"button, ideograph, japanese, reserved",japanese,Crystal Moon,2026-02-10,,,,,0.6,4897
🉐,1F250,symbols,alphanum,Japanese “bargain” button,"bargain, button, ideograph, japanese",japanese,Crystal Moon,2026-02-10,,,,,0.6,4898
🈹,1F239,symbols,alphanum,Japanese “discount” button,"button, discount, ideograph, japanese",japanese,Crystal Moon,2026-02-10,,,,,0.6,4899
🈚️,1F21A,symbols,alphanum,Japanese “free of charge” button,"button, charge, free, ideograph, japanese",japanese,Crystal Moon,2026-02-10,,,,,0.6,4900
🈲,1F232,symbols,alphanum,Japanese “prohibited” button,"button, ideograph, japanese, prohibited",japanese,Crystal Moon,2026-02-10,,,,,0.6,4901
🉑,1F251,symbols,alphanum,Japanese “acceptable” button,"acceptable, button, ideograph, japanese",japanese,Crystal Moon,2026-02-10,,,,,0.6,4902
🈸,1F238,symbols,alphanum,Japanese “application” button,"application, button, ideograph, japanese",japanese,Crystal Moon,2026-02-10,,,,,0.6,4903
🈴,1F234,symbols,alphanum,Japanese “passing grade” button,"button, grade, ideograph, japanese, passing",japanese,Crystal Moon,2026-02-10,,,,,0.6,4904
🈳,1F233,symbols,alphanum,Japanese “vacancy” button,"button, ideograph, japanese, vacancy",japanese,Crystal Moon,2026-02-10,,,,,0.6,4905
㊗️,3297,symbols,alphanum,Japanese “congratulations” button,"button, congratulations, ideograph, japanese",japanese,Crystal Moon,2026-02-10,,,,,0.6,4907
㊙️,3299,symbols,alphanum,Japanese “secret” button,"button, ideograph, japanese, secret",japanese,Crystal Moon,2026-02-10,,,,,0.6,4909
🈺,1F23A,symbols,alphanum,Japanese “open for business” button,"business, button, ideograph, japanese, open",japanese,Crystal Moon,2026-02-10,,,,,0.6,4910
🈵,1F235,symbols,alphanum,Japanese “no vacancy” button,"button, ideograph, japanese, no, vacancy",japanese,Crystal Moon,2026-02-10,,,,,0.6,4911
🔴,1F534,symbols,geometric,red circle,"circle, geometric, red",,Ricarda Krejci,2019-05-07,,,,,0.6,4912
🟠,1F7E0,symbols,geometric,orange circle,"circle, orange",,Sam Eckert,2019-05-06,,,,,12,4913
🟡,1F7E1,symbols,geometric,yellow circle,"circle, yellow",,Sam Eckert,2019-05-06,,,,,12,4914
🟢,1F7E2,symbols,geometric,green circle,"circle, green",,Sam Eckert,2019-05-06,,,,,12,4915
🔵,1F535,symbols,geometric,blue circle,"blue, circle, geometric",,Ricarda Krejci,2019-05-07,,,,,0.6,4916
🟣,1F7E3,symbols,geometric,purple circle,"circle, purple",,Sam Eckert,2019-05-06,,,,,12,4917
🟤,1F7E4,symbols,geometric,brown circle,"brown, circle",,Sam Eckert,2019-05-06,,,,,12,4918
⚫️,26AB,symbols,geometric,black circle,"black, circle, geometric",,Ricarda Krejci,2019-05-07,,,,,0.6,4919
⚪️,26AA,symbols,geometric,white circle,"circle, geometric, white",,Ricarda Krejci,2019-05-07,,,,,0.6,4920
🟥,1F7E5,symbols,geometric,red square,"card, penalty, red, square",,Sam Eckert,2019-05-06,,,,,12,4921
🟧,1F7E7,symbols,geometric,orange square,"orange, square",,Sam Eckert,2019-05-06,,,,,12,4922
🟨,1F7E8,symbols,geometric,yellow square,"card, penalty, square, yellow",,Sam Eckert,2019-05-06,,,,,12,4923
🟩,1F7E9,symbols,geometric,green square,"green, square",,Sam Eckert,2019-05-06,,,,,12,4924
🟦,1F7E6,symbols,geometric,blue square,"blue, square",,Sam Eckert,2019-05-06,,,,,12,4925
🟪,1F7EA,symbols,geometric,purple square,"purple, square",,Sam Eckert,2019-05-06,,,,,12,4926
🟫,1F7EB,symbols,geometric,brown square,"brown, square",,Sam Eckert,2019-05-06,,,,,12,4927
⬛️,2B1B,symbols,geometric,black large square,"black, geometric, large, square",,Laura Schießer,2019-05-06,,,,,0.6,4928
⬜️,2B1C,symbols,geometric,white large square,"geometric, large, square, white",,Laura Schießer,2019-05-06,,,,,0.6,4929
◼️,25FC,symbols,geometric,black medium square,"black, geometric, medium, square",,Laura Schießer,2019-05-06,,,,,0.6,4931
◻️,25FB,symbols,geometric,white medium square,"geometric, medium, square, white",,Laura Schießer,2019-05-06,,,,,0.6,4933
◾️,25FE,symbols,geometric,black medium-small square,"black, geometric, medium-small, square",,Laura Schießer,2019-05-06,,,,,0.6,4934
◽️,25FD,symbols,geometric,white medium-small square,"geometric, medium-small, square, white",,Laura Schießer,2019-05-06,,,,,0.6,4935
▪️,25AA,symbols,geometric,black small square,"black, geometric, small, square",,Laura Schießer,2019-05-06,,,,,0.6,4937
▫️,25AB,symbols,geometric,white small square,"geometric, small, square, white",,Laura Schießer,2019-05-06,,,,,0.6,4939
🔶,1F536,symbols,geometric,large orange diamond,"diamond, geometric, large, orange",,Laura Schießer,2019-05-06,,,,,0.6,4940
🔷,1F537,symbols,geometric,large blue diamond,"blue, diamond, geometric, large",,Ricarda Krejci,2019-05-07,,,,,0.6,4941
🔸,1F538,symbols,geometric,small orange diamond,"diamond, geometric, orange, small",,Ricarda Krejci,2019-05-07,,,,,0.6,4942
🔹,1F539,symbols,geometric,small blue diamond,"blue, diamond, geometric, small",,Ricarda Krejci,2019-05-07,,,,,0.6,4943
🔺,1F53A,symbols,geometric,red triangle pointed up,"geometric, pointed, red, triangle, up",arrow,Lisa Schulz,2018-04-18,,,,,0.6,4944
🔻,1F53B,symbols,geometric,red triangle pointed down,"down, geometric, pointed, red, triangle",arrow,Lisa Schulz,2018-04-18,,,,,0.6,4945
💠,1F4A0,symbols,geometric,diamond with a dot,"comic, diamond, dot, geometric",,Ricarda Krejci,2019-05-07,,,,,0.6,4946
🔘,1F518,symbols,geometric,radio button,"button, geometric, radio",,Lisa Schulz,2018-04-18,,,,,0.6,4947
🔳,1F533,symbols,geometric,white square button,"button, geometric, outlined, square, white",,Ricarda Krejci,2019-05-07,,,,,0.6,4948
🔲,1F532,symbols,geometric,black square button,"black, button, geometric, square",,Ricarda Krejci,2019-05-07,,,,,0.6,4949
🏁,1F3C1,flags,flag,chequered flag,"checkered, chequered, finish, flag, flags, game, race, racing, sport, win","black, white, grid, racing",Aileen Gedrat,2018-11-16,,,,,0.6,4950
🚩,1F6A9,flags,flag,triangular flag,"construction, flag, golf, post, triangular",,Aileen Gedrat,2018-11-16,,,,,0.6,4951
🎌,1F38C,flags,flag,crossed flags,"celebration, cross, crossed, flags, japanese",,Laura Dworatschek,2019-05-06,,,,,0.6,4952
🏴,1F3F4,flags,flag,black flag,"black, flag, waving",,Aileen Gedrat,2018-11-16,,,,,1,4953
🏳️,1F3F3,flags,flag,white flag,"flag, waving, white",white,Aileen Gedrat,2018-11-16,,,,,0.7,4955
🏳️‍🌈,1F3F3-FE0F-200D-1F308,flags,flag,rainbow flag,"bisexual, flag, gay, genderqueer, glbt, glbtq, lesbian, lgbt, lgbtq, lgbtqia, pride, queer, rainbow, trans, transgender",color,Romain Bazile,2019-09-11,,,,,4,4956
🏳️‍⚧️,1F3F3-FE0F-200D-26A7-FE0F,flags,flag,transgender flag,"blue, flag, light, pink, transgender, white","LGBT, trans, queer, gender",Carlin MacKenzie,2020-01-09,,,,,13,4958
🏴‍☠️,1F3F4-200D-2620-FE0F,flags,flag,pirate flag,"flag, jolly, pirate, plunder, roger, treasure",,Aileen Gedrat,2018-11-16,,,,,11,4962
🇦🇨,1F1E6-1F1E8,flags,country-flag,flag: Ascension Island,"AC, flag",,Aileen Gedrat,2019-02-13,,,,,2,4964
🇦🇩,1F1E6-1F1E9,flags,country-flag,flag: Andorra,"AD, flag",,Ferdinand Sorg,2019-02-13,,,,,2,4965
🇦🇪,1F1E6-1F1EA,flags,country-flag,flag: United Arab Emirates,"AE, flag",,Ferdinand Sorg,2019-02-13,,,,,2,4966
🇦🇫,1F1E6-1F1EB,flags,country-flag,flag: Afghanistan,"AF, flag",,Aileen Gedrat,2019-02-13,,,,,2,4967
🇦🇬,1F1E6-1F1EC,flags,country-flag,flag: Antigua & Barbuda,"AG, flag",,Ferdinand Sorg,2019-02-13,,,,,2,4968
🇦🇮,1F1E6-1F1EE,flags,country-flag,flag: Anguilla,"AI, flag",,Ferdinand Sorg,2019-02-13,,,,,2,4969
🇦🇱,1F1E6-1F1F1,flags,country-flag,flag: Albania,"AL, flag",,Ferdinand Sorg,2019-02-13,,,,,2,4970
🇦🇲,1F1E6-1F1F2,flags,country-flag,flag: Armenia,"AM, flag",,Ferdinand Sorg,2019-02-13,,,,,2,4971
🇦🇴,1F1E6-1F1F4,flags,country-flag,flag: Angola,"AO, flag",,Ferdinand Sorg,2019-02-13,,,,,2,4972
🇦🇶,1F1E6-1F1F6,flags,country-flag,flag: Antarctica,"AQ, flag",,Carlin MacKenzie,2020-03-29,,,,,2,4973
🇦🇷,1F1E6-1F1F7,flags,country-flag,flag: Argentina,"AR, flag",,Ferdinand Sorg,2019-02-13,,,,,2,4974
🇦🇸,1F1E6-1F1F8,flags,country-flag,flag: American Samoa,"AS, flag",,Aileen Gedrat,2019-02-13,,,,,2,4975
🇦🇹,1F1E6-1F1F9,flags,country-flag,flag: Austria,"AT, flag",,Ferdinand Sorg,2019-02-13,,,,,2,4976
🇦🇺,1F1E6-1F1FA,flags,country-flag,flag: Australia,"AU, flag",,Ferdinand Sorg,2019-02-13,,,,,2,4977
🇦🇼,1F1E6-1F1FC,flags,country-flag,flag: Aruba,"AW, flag",,Ferdinand Sorg,2019-02-13,,,,,2,4978
🇦🇽,1F1E6-1F1FD,flags,country-flag,flag: Åland Islands,"AX, flag",,Ferdinand Sorg,2019-02-13,,,,,2,4979
🇦🇿,1F1E6-1F1FF,flags,country-flag,flag: Azerbaijan,"AZ, flag",,Ferdinand Sorg,2019-02-13,,,,,2,4980
🇧🇦,1F1E7-1F1E6,flags,country-flag,flag: Bosnia & Herzegovina,"BA, flag",,Ferdinand Sorg,2019-02-13,,,,,2,4981
🇧🇧,1F1E7-1F1E7,flags,country-flag,flag: Barbados,"BB, flag",,Ferdinand Sorg,2019-02-13,,,,,2,4982
🇧🇩,1F1E7-1F1E9,flags,country-flag,flag: Bangladesh,"BD, flag",,Ferdinand Sorg,2019-02-13,,,,,2,4983
🇧🇪,1F1E7-1F1EA,flags,country-flag,flag: Belgium,"BE, flag",,Ferdinand Sorg,2019-02-13,,,,,2,4984
🇧🇫,1F1E7-1F1EB,flags,country-flag,flag: Burkina Faso,"BF, flag",,Ferdinand Sorg,2019-02-13,,,,,2,4985
🇧🇬,1F1E7-1F1EC,flags,country-flag,flag: Bulgaria,"BG, flag",,Ferdinand Sorg,2019-02-13,,,,,2,4986
🇧🇭,1F1E7-1F1ED,flags,country-flag,flag: Bahrain,"BH, flag",,Ferdinand Sorg,2019-02-13,,,,,2,4987
🇧🇮,1F1E7-1F1EE,flags,country-flag,flag: Burundi,"BI, flag",,Ferdinand Sorg,2019-02-13,,,,,2,4988
🇧🇯,1F1E7-1F1EF,flags,country-flag,flag: Benin,"BJ, flag",,Ferdinand Sorg,2019-02-13,,,,,2,4989
🇧🇱,1F1E7-1F1F1,flags,country-flag,flag: St. Barthélemy,"BL, flag",,Ferdinand Sorg,2019-02-13,,,,,2,4990
🇧🇲,1F1E7-1F1F2,flags,country-flag,flag: Bermuda,"BM, flag",,Aileen Gedrat,2019-02-13,,,,,2,4991
🇧🇳,1F1E7-1F1F3,flags,country-flag,flag: Brunei,"BN, flag",,Ferdinand Sorg,2019-02-13,,,,,2,4992
🇧🇴,1F1E7-1F1F4,flags,country-flag,flag: Bolivia,"BO, flag",,Aileen Gedrat,2019-02-13,,,,,2,4993
🇧🇶,1F1E7-1F1F6,flags,country-flag,flag: Caribbean Netherlands,"BQ, flag",,Ferdinand Sorg,2019-02-13,,,,,2,4994
🇧🇷,1F1E7-1F1F7,flags,country-flag,flag: Brazil,"BR, flag",,Ferdinand Sorg,2019-02-13,,,,,2,4995
🇧🇸,1F1E7-1F1F8,flags,country-flag,flag: Bahamas,"BS, flag",,Ferdinand Sorg,2019-02-13,,,,,2,4996
🇧🇹,1F1E7-1F1F9,flags,country-flag,flag: Bhutan,"BT, flag",,Aileen Gedrat,2019-02-13,,,,,2,4997
🇧🇻,1F1E7-1F1FB,flags,country-flag,flag: Bouvet Island,"BV, flag",,Ferdinand Sorg,2019-02-13,,,,,2,4998
🇧🇼,1F1E7-1F1FC,flags,country-flag,flag: Botswana,"BW, flag",,Ferdinand Sorg,2019-02-13,,,,,2,4999
🇧🇾,1F1E7-1F1FE,flags,country-flag,flag: Belarus,"BY, flag",,Ferdinand Sorg,2019-02-13,,,,,2,5000
🇧🇿,1F1E7-1F1FF,flags,country-flag,flag: Belize,"BZ, flag",,Ferdinand Sorg,2019-02-13,,,,,2,5001
🇨🇦,1F1E8-1F1E6,flags,country-flag,flag: Canada,"CA, flag",,Ferdinand Sorg,2019-02-13,,,,,2,5002
🇨🇨,1F1E8-1F1E8,flags,country-flag,flag: Cocos (Keeling) Islands,"CC, flag",,Ferdinand Sorg,2019-02-13,,,,,2,5003
🇨🇩,1F1E8-1F1E9,flags,country-flag,flag: Congo - Kinshasa,"CD, flag",,Ferdinand Sorg,2019-02-13,,,,,2,5004
🇨🇫,1F1E8-1F1EB,flags,country-flag,flag: Central African Republic,"CF, flag",,Ferdinand Sorg,2019-02-13,,,,,2,5005
🇨🇬,1F1E8-1F1EC,flags,country-flag,flag: Congo - Brazzaville,"CG, flag",,Ferdinand Sorg,2019-02-13,,,,,2,5006
🇨🇭,1F1E8-1F1ED,flags,country-flag,flag: Switzerland,"CH, flag",,Ferdinand Sorg,2019-02-13,,,,,2,5007
🇨🇮,1F1E8-1F1EE,flags,country-flag,flag: Côte d’Ivoire,"CI, flag",,Ferdinand Sorg,2019-02-13,,,,,2,5008
🇨🇰,1F1E8-1F1F0,flags,country-flag,flag: Cook Islands,"CK, flag",,Ferdinand Sorg,2019-02-13,,,,,2,5009
🇨🇱,1F1E8-1F1F1,flags,country-flag,flag: Chile,"CL, flag",,Ferdinand Sorg,2019-02-13,,,,,2,5010
🇨🇲,1F1E8-1F1F2,flags,country-flag,flag: Cameroon,"CM, flag",,Ferdinand Sorg,2019-02-13,,,,,2,5011
🇨🇳,1F1E8-1F1F3,flags,country-flag,flag: China,"CN, flag",,Ferdinand Sorg,2019-02-13,,,,,0.6,5012
🇨🇴,1F1E8-1F1F4,flags,country-flag,flag: Colombia,"CO, flag",,Ferdinand Sorg,2019-02-13,,,,,2,5013
🇨🇵,1F1E8-1F1F5,flags,country-flag,flag: Clipperton Island,"CP, flag",,Ferdinand Sorg,2019-02-13,,,,,2,5014
🇨🇶,1F1E8-1F1F6,flags,country-flag,flag: Sark,"CQ, flag",,Daniel Utz,2025-02-27,,,,,16,5015
🇨🇷,1F1E8-1F1F7,flags,country-flag,flag: Costa Rica,"CR, flag",,Ferdinand Sorg,2019-02-13,,,,,2,5016
🇨🇺,1F1E8-1F1FA,flags,country-flag,flag: Cuba,"CU, flag",,Carlin MacKenzie,2020-05-15,,,,,2,5017
🇨🇻,1F1E8-1F1FB,flags,country-flag,flag: Cape Verde,"CV, flag",,Ferdinand Sorg,2019-02-13,,,,,2,5018
🇨🇼,1F1E8-1F1FC,flags,country-flag,flag: Curaçao,"CW, flag",,Ferdinand Sorg,2019-02-13,,,,,2,5019
🇨🇽,1F1E8-1F1FD,flags,country-flag,flag: Christmas Island,"CX, flag",,Ferdinand Sorg,2019-02-13,,,,,2,5020
🇨🇾,1F1E8-1F1FE,flags,country-flag,flag: Cyprus,"CY, flag",,Ferdinand Sorg,2019-02-13,,,,,2,5021
🇨🇿,1F1E8-1F1FF,flags,country-flag,flag: Czechia,"CZ, flag",,Carlin MacKenzie,2020-05-15,,,,,2,5022
🇩🇪,1F1E9-1F1EA,flags,country-flag,flag: Germany,"DE, flag",,Ferdinand Sorg,2019-02-13,,,,,0.6,5023
🇩🇬,1F1E9-1F1EC,flags,country-flag,flag: Diego Garcia,"DG, flag",,Ferdinand Sorg,2019-02-13,,,,,2,5024
🇩🇯,1F1E9-1F1EF,flags,country-flag,flag: Djibouti,"DJ, flag",,Ferdinand Sorg,2019-02-13,,,,,2,5025
🇩🇰,1F1E9-1F1F0,flags,country-flag,flag: Denmark,"DK, flag",,Ferdinand Sorg,2019-02-13,,,,,2,5026
🇩🇲,1F1E9-1F1F2,flags,country-flag,flag: Dominica,"DM, flag",,Aileen Gedrat,2019-02-13,,,,,2,5027
🇩🇴,1F1E9-1F1F4,flags,country-flag,flag: Dominican Republic,"DO, flag",,Ferdinand Sorg,2019-02-13,,,,,2,5028
🇩🇿,1F1E9-1F1FF,flags,country-flag,flag: Algeria,"DZ, flag",,Ferdinand Sorg,2019-02-13,,,,,2,5029
🇪🇦,1F1EA-1F1E6,flags,country-flag,flag: Ceuta & Melilla,"EA, flag",,Ferdinand Sorg,2019-02-13,,,,,2,5030
🇪🇨,1F1EA-1F1E8,flags,country-flag,flag: Ecuador,"EC, flag",,Daniel Utz,2019-02-13,,,,,2,5031
🇪🇪,1F1EA-1F1EA,flags,country-flag,flag: Estonia,"EE, flag",,Ferdinand Sorg,2019-02-13,,,,,2,5032
🇪🇬,1F1EA-1F1EC,flags,country-flag,flag: Egypt,"EG, flag",,Daniel Utz,2019-02-13,,,,,2,5033
🇪🇭,1F1EA-1F1ED,flags,country-flag,flag: Western Sahara,"EH, flag",,Ferdinand Sorg,2019-02-13,,,,,2,5034
🇪🇷,1F1EA-1F1F7,flags,country-flag,flag: Eritrea,"ER, flag",,Ferdinand Sorg,2019-02-13,,,,,2,5035
🇪🇸,1F1EA-1F1F8,flags,country-flag,flag: Spain,"ES, flag",,Daniel Utz,2019-02-13,,,,,0.6,5036
🇪🇹,1F1EA-1F1F9,flags,country-flag,flag: Ethiopia,"ET, flag",,Ferdinand Sorg,2019-02-13,,,,,2,5037
🇪🇺,1F1EA-1F1FA,flags,country-flag,flag: European Union,"EU, flag",,Ferdinand Sorg,2019-02-13,,,,,2,5038
🇫🇮,1F1EB-1F1EE,flags,country-flag,flag: Finland,"FI, flag",,Ferdinand Sorg,2019-02-13,,,,,2,5039
🇫🇯,1F1EB-1F1EF,flags,country-flag,flag: Fiji,"FJ, flag",,Ferdinand Sorg,2019-02-13,,,,,2,5040
🇫🇰,1F1EB-1F1F0,flags,country-flag,flag: Falkland Islands,"FK, flag",,Daniel Utz,2019-02-13,,,,,2,5041
🇫🇲,1F1EB-1F1F2,flags,country-flag,flag: Micronesia,"FM, flag",,Ferdinand Sorg,2019-02-13,,,,,2,5042
🇫🇴,1F1EB-1F1F4,flags,country-flag,flag: Faroe Islands,"FO, flag",,Ferdinand Sorg,2019-02-13,,,,,2,5043
🇫🇷,1F1EB-1F1F7,flags,country-flag,flag: France,"FR, flag",,Ferdinand Sorg,2019-02-13,,,,,0.6,5044
🇬🇦,1F1EC-1F1E6,flags,country-flag,flag: Gabon,"GA, flag",,Ferdinand Sorg,2019-02-13,,,,,2,5045
🇬🇧,1F1EC-1F1E7,flags,country-flag,flag: United Kingdom,"GB, flag","union jack, england, uk, great britain",Daniel Utz,2019-02-13,,,,,0.6,5046
🇬🇩,1F1EC-1F1E9,flags,country-flag,flag: Grenada,"GD, flag",,Ferdinand Sorg,2019-02-13,,,,,2,5047
🇬🇪,1F1EC-1F1EA,flags,country-flag,flag: Georgia,"GE, flag",,Ferdinand Sorg,2019-02-13,,,,,2,5048
🇬🇫,1F1EC-1F1EB,flags,country-flag,flag: French Guiana,"GF, flag",,Ferdinand Sorg,2019-02-13,,,,,2,5049
🇬🇬,1F1EC-1F1EC,flags,country-flag,flag: Guernsey,"GG, flag",,Ferdinand Sorg,2019-02-13,,,,,2,5050
🇬🇭,1F1EC-1F1ED,flags,country-flag,flag: Ghana,"GH, flag",,Ferdinand Sorg,2019-02-13,,,,,2,5051
🇬🇮,1F1EC-1F1EE,flags,country-flag,flag: Gibraltar,"GI, flag",,Daniel Utz,2019-02-13,,,,,2,5052
🇬🇱,1F1EC-1F1F1,flags,country-flag,flag: Greenland,"GL, flag",,Ferdinand Sorg,2019-02-13,,,,,2,5053
🇬🇲,1F1EC-1F1F2,flags,country-flag,flag: Gambia,"GM, flag",,Ferdinand Sorg,2019-02-13,,,,,2,5054
🇬🇳,1F1EC-1F1F3,flags,country-flag,flag: Guinea,"GN, flag",,Ferdinand Sorg,2019-02-13,,,,,2,5055
🇬🇵,1F1EC-1F1F5,flags,country-flag,flag: Guadeloupe,"GP, flag",,Ferdinand Sorg,2019-02-13,,,,,2,5056
🇬🇶,1F1EC-1F1F6,flags,country-flag,flag: Equatorial Guinea,"GQ, flag",,Ferdinand Sorg,2019-02-13,,,,,2,5057
🇬🇷,1F1EC-1F1F7,flags,country-flag,flag: Greece,"GR, flag",,Ferdinand Sorg,2019-02-13,,,,,2,5058
🇬🇸,1F1EC-1F1F8,flags,country-flag,flag: South Georgia & South Sandwich Islands,"GS, flag",,Daniel Utz,2019-02-13,,,,,2,5059
🇬🇹,1F1EC-1F1F9,flags,country-flag,flag: Guatemala,"GT, flag",,Daniel Utz,2019-02-13,,,,,2,5060
🇬🇺,1F1EC-1F1FA,flags,country-flag,flag: Guam,"GU, flag",,Ferdinand Sorg,2019-02-13,,,,,2,5061
🇬🇼,1F1EC-1F1FC,flags,country-flag,flag: Guinea-Bissau,"GW, flag",,Ferdinand Sorg,2019-02-13,,,,,2,5062
🇬🇾,1F1EC-1F1FE,flags,country-flag,flag: Guyana,"GY, flag",,Ferdinand Sorg,2019-02-13,,,,,2,5063
🇭🇰,1F1ED-1F1F0,flags,country-flag,flag: Hong Kong SAR China,"HK, flag",,Carlin MacKenzie,2020-03-30,,,,,2,5064
🇭🇲,1F1ED-1F1F2,flags,country-flag,flag: Heard & McDonald Islands,"HM, flag",,Ferdinand Sorg,2019-02-13,,,,,2,5065
🇭🇳,1F1ED-1F1F3,flags,country-flag,flag: Honduras,"HN, flag",,Ferdinand Sorg,2019-02-13,,,,,2,5066
🇭🇷,1F1ED-1F1F7,flags,country-flag,flag: Croatia,"HR, flag",,Benedikt Groß,2020-07-09,,,,,2,5067
🇭🇹,1F1ED-1F1F9,flags,country-flag,flag: Haiti,"HT, flag",,Daniel Utz,2019-02-13,,,,,2,5068
🇭🇺,1F1ED-1F1FA,flags,country-flag,flag: Hungary,"HU, flag",,Ferdinand Sorg,2019-02-13,,,,,2,5069
🇮🇨,1F1EE-1F1E8,flags,country-flag,flag: Canary Islands,"IC, flag",,Daniel Utz,2019-02-13,,,,,2,5070
🇮🇩,1F1EE-1F1E9,flags,country-flag,flag: Indonesia,"ID, flag",,Ferdinand Sorg,2019-02-13,,,,,2,5071
🇮🇪,1F1EE-1F1EA,flags,country-flag,flag: Ireland,"IE, flag",,Ferdinand Sorg,2019-02-13,,,,,2,5072
🇮🇱,1F1EE-1F1F1,flags,country-flag,flag: Israel,"IL, flag",,Ferdinand Sorg,2019-02-13,,,,,2,5073
🇮🇲,1F1EE-1F1F2,flags,country-flag,flag: Isle of Man,"IM, flag",,Ferdinand Sorg,2019-02-13,,,,,2,5074
🇮🇳,1F1EE-1F1F3,flags,country-flag,flag: India,"IN, flag",,Ferdinand Sorg,2019-02-13,,,,,2,5075
🇮🇴,1F1EE-1F1F4,flags,country-flag,flag: British Indian Ocean Territory,"IO, flag",,Ferdinand Sorg,2019-02-13,,,,,2,5076
🇮🇶,1F1EE-1F1F6,flags,country-flag,flag: Iraq,"IQ, flag",,Ferdinand Sorg,2019-02-13,,,,,2,5077
🇮🇷,1F1EE-1F1F7,flags,country-flag,flag: Iran,"IR, flag",,Ferdinand Sorg,2019-02-13,,,,,2,5078
🇮🇸,1F1EE-1F1F8,flags,country-flag,flag: Iceland,"IS, flag",,Ferdinand Sorg,2019-02-13,,,,,2,5079
🇮🇹,1F1EE-1F1F9,flags,country-flag,flag: Italy,"IT, flag",,Ferdinand Sorg,2019-02-13,,,,,0.6,5080
🇯🇪,1F1EF-1F1EA,flags,country-flag,flag: Jersey,"JE, flag",,Daniel Utz,2019-02-13,,,,,2,5081
🇯🇲,1F1EF-1F1F2,flags,country-flag,flag: Jamaica,"JM, flag",,Ferdinand Sorg,2019-02-13,,,,,2,5082
🇯🇴,1F1EF-1F1F4,flags,country-flag,flag: Jordan,"JO, flag",,Ferdinand Sorg,2019-02-13,,,,,2,5083
🇯🇵,1F1EF-1F1F5,flags,country-flag,flag: Japan,"JP, flag",,Ferdinand Sorg,2019-02-13,,,,,0.6,5084
🇰🇪,1F1F0-1F1EA,flags,country-flag,flag: Kenya,"KE, flag",,Ferdinand Sorg,2019-02-13,,,,,2,5085
🇰🇬,1F1F0-1F1EC,flags,country-flag,flag: Kyrgyzstan,"KG, flag",,Ferdinand Sorg,2019-02-13,,,,,2,5086
🇰🇭,1F1F0-1F1ED,flags,country-flag,flag: Cambodia,"KH, flag",,Ferdinand Sorg,2019-02-13,,,,,2,5087
🇰🇮,1F1F0-1F1EE,flags,country-flag,flag: Kiribati,"KI, flag",,Ferdinand Sorg,2019-02-13,,,,,2,5088
🇰🇲,1F1F0-1F1F2,flags,country-flag,flag: Comoros,"KM, flag",,Ferdinand Sorg,2019-02-13,,,,,2,5089
🇰🇳,1F1F0-1F1F3,flags,country-flag,flag: St. Kitts & Nevis,"KN, flag",,Ferdinand Sorg,2019-02-13,,,,,2,5090
🇰🇵,1F1F0-1F1F5,flags,country-flag,flag: North Korea,"KP, flag",,Ferdinand Sorg,2019-02-13,,,,,2,5091
🇰🇷,1F1F0-1F1F7,flags,country-flag,flag: South Korea,"KR, flag",,Ferdinand Sorg,2019-02-13,,,,,0.6,5092
🇰🇼,1F1F0-1F1FC,flags,country-flag,flag: Kuwait,"KW, flag",,Ferdinand Sorg,2019-02-13,,,,,2,5093
🇰🇾,1F1F0-1F1FE,flags,country-flag,flag: Cayman Islands,"KY, flag",,Daniel Utz,2019-02-13,,,,,2,5094
🇰🇿,1F1F0-1F1FF,flags,country-flag,flag: Kazakhstan,"KZ, flag",,Carlin MacKenzie,2020-03-29,,,,,2,5095
🇱🇦,1F1F1-1F1E6,flags,country-flag,flag: Laos,"LA, flag",,Ferdinand Sorg,2019-02-13,,,,,2,5096
🇱🇧,1F1F1-1F1E7,flags,country-flag,flag: Lebanon,"LB, flag",,Ferdinand Sorg,2019-02-13,,,,,2,5097
🇱🇨,1F1F1-1F1E8,flags,country-flag,flag: St. Lucia,"LC, flag",,Ferdinand Sorg,2019-02-13,,,,,2,5098
🇱🇮,1F1F1-1F1EE,flags,country-flag,flag: Liechtenstein,"LI, flag",,Daniel Utz,2019-02-13,,,,,2,5099
🇱🇰,1F1F1-1F1F0,flags,country-flag,flag: Sri Lanka,"LK, flag",,Daniel Utz,2019-02-13,,,,,2,5100
🇱🇷,1F1F1-1F1F7,flags,country-flag,flag: Liberia,"LR, flag",,Ferdinand Sorg,2019-02-13,,,,,2,5101
🇱🇸,1F1F1-1F1F8,flags,country-flag,flag: Lesotho,"LS, flag",,Ferdinand Sorg,2019-02-13,,,,,2,5102
🇱🇹,1F1F1-1F1F9,flags,country-flag,flag: Lithuania,"LT, flag",,Ferdinand Sorg,2019-02-13,,,,,2,5103
🇱🇺,1F1F1-1F1FA,flags,country-flag,flag: Luxembourg,"LU, flag",,Ferdinand Sorg,2019-02-13,,,,,2,5104
🇱🇻,1F1F1-1F1FB,flags,country-flag,flag: Latvia,"LV, flag",,Ferdinand Sorg,2019-02-13,,,,,2,5105
🇱🇾,1F1F1-1F1FE,flags,country-flag,flag: Libya,"LY, flag",,Ferdinand Sorg,2019-02-13,,,,,2,5106
🇲🇦,1F1F2-1F1E6,flags,country-flag,flag: Morocco,"MA, flag",,Ferdinand Sorg,2019-02-13,,,,,2,5107
🇲🇨,1F1F2-1F1E8,flags,country-flag,flag: Monaco,"MC, flag",,Ferdinand Sorg,2019-02-13,,,,,2,5108
🇲🇩,1F1F2-1F1E9,flags,country-flag,flag: Moldova,"MD, flag",,Pascal Ligon,2019-02-13,,,,,2,5109
🇲🇪,1F1F2-1F1EA,flags,country-flag,flag: Montenegro,"ME, flag",,Daniel Utz,2019-02-13,,,,,2,5110
🇲🇫,1F1F2-1F1EB,flags,country-flag,flag: St. Martin,"MF, flag",,Ferdinand Sorg,2019-02-13,,,,,2,5111
🇲🇬,1F1F2-1F1EC,flags,country-flag,flag: Madagascar,"MG, flag",,Ferdinand Sorg,2019-02-13,,,,,2,5112
🇲🇭,1F1F2-1F1ED,flags,country-flag,flag: Marshall Islands,"MH, flag",,Ferdinand Sorg,2019-02-13,,,,,2,5113
🇲🇰,1F1F2-1F1F0,flags,country-flag,flag: North Macedonia,"MK, flag",,Ferdinand Sorg,2019-02-13,,,,,2,5114
🇲🇱,1F1F2-1F1F1,flags,country-flag,flag: Mali,"ML, flag",,Ferdinand Sorg,2019-02-13,,,,,2,5115
🇲🇲,1F1F2-1F1F2,flags,country-flag,flag: Myanmar (Burma),"MM, flag",,Ferdinand Sorg,2019-02-13,,,,,2,5116
🇲🇳,1F1F2-1F1F3,flags,country-flag,flag: Mongolia,"MN, flag",,Pascal Ligon,2019-02-13,,,,,2,5117
🇲🇴,1F1F2-1F1F4,flags,country-flag,flag: Macao SAR China,"MO, flag",,Ferdinand Sorg,2019-02-13,,,,,2,5118
🇲🇵,1F1F2-1F1F5,flags,country-flag,flag: Northern Mariana Islands,"MP, flag",,Ferdinand Sorg,2019-02-13,,,,,2,5119
🇲🇶,1F1F2-1F1F6,flags,country-flag,flag: Martinique,"MQ, flag",,Natalia Kenig,2024-10-07,,,,,2,5120
🇲🇷,1F1F2-1F1F7,flags,country-flag,flag: Mauritania,"MR, flag",,Ferdinand Sorg,2019-02-13,,,,,2,5121
🇲🇸,1F1F2-1F1F8,flags,country-flag,flag: Montserrat,"MS, flag",,Ferdinand Sorg,2019-02-13,,,,,2,5122
🇲🇹,1F1F2-1F1F9,flags,country-flag,flag: Malta,"MT, flag",,Ferdinand Sorg,2019-02-13,,,,,2,5123
🇲🇺,1F1F2-1F1FA,flags,country-flag,flag: Mauritius,"MU, flag",,Ferdinand Sorg,2019-02-13,,,,,2,5124
🇲🇻,1F1F2-1F1FB,flags,country-flag,flag: Maldives,"MV, flag",,Ferdinand Sorg,2019-02-13,,,,,2,5125
🇲🇼,1F1F2-1F1FC,flags,country-flag,flag: Malawi,"MW, flag",,Ferdinand Sorg,2019-02-13,,,,,2,5126
🇲🇽,1F1F2-1F1FD,flags,country-flag,flag: Mexico,"MX, flag",,Daniel Utz,2019-02-13,,,,,2,5127
🇲🇾,1F1F2-1F1FE,flags,country-flag,flag: Malaysia,"MY, flag",,Ferdinand Sorg,2019-02-13,,,,,2,5128
🇲🇿,1F1F2-1F1FF,flags,country-flag,flag: Mozambique,"MZ, flag",,Ferdinand Sorg,2019-02-13,,,,,2,5129
🇳🇦,1F1F3-1F1E6,flags,country-flag,flag: Namibia,"NA, flag",,Ferdinand Sorg,2019-02-13,,,,,2,5130
🇳🇨,1F1F3-1F1E8,flags,country-flag,flag: New Caledonia,"NC, flag",,Carlin MacKenzie,2020-06-18,,,,,2,5131
🇳🇪,1F1F3-1F1EA,flags,country-flag,flag: Niger,"NE, flag",,Ferdinand Sorg,2019-02-13,,,,,2,5132
🇳🇫,1F1F3-1F1EB,flags,country-flag,flag: Norfolk Island,"NF, flag",,Ferdinand Sorg,2019-02-13,,,,,2,5133
🇳🇬,1F1F3-1F1EC,flags,country-flag,flag: Nigeria,"NG, flag",,Ferdinand Sorg,2019-02-13,,,,,2,5134
🇳🇮,1F1F3-1F1EE,flags,country-flag,flag: Nicaragua,"NI, flag",,Ferdinand Sorg,2019-02-13,,,,,2,5135
🇳🇱,1F1F3-1F1F1,flags,country-flag,flag: Netherlands,"NL, flag",,Ferdinand Sorg,2019-02-13,,,,,2,5136
🇳🇴,1F1F3-1F1F4,flags,country-flag,flag: Norway,"NO, flag",,Ferdinand Sorg,2019-02-13,,,,,2,5137
🇳🇵,1F1F3-1F1F5,flags,country-flag,flag: Nepal,"NP, flag",,Ferdinand Sorg,2019-02-13,,,,,2,5138
🇳🇷,1F1F3-1F1F7,flags,country-flag,flag: Nauru,"NR, flag",,Ferdinand Sorg,2019-02-13,,,,,2,5139
🇳🇺,1F1F3-1F1FA,flags,country-flag,flag: Niue,"NU, flag",,Ferdinand Sorg,2019-02-13,,,,,2,5140
🇳🇿,1F1F3-1F1FF,flags,country-flag,flag: New Zealand,"NZ, flag",,Ferdinand Sorg,2019-02-13,,,,,2,5141
🇴🇲,1F1F4-1F1F2,flags,country-flag,flag: Oman,"OM, flag",,Ferdinand Sorg,2019-02-13,,,,,2,5142
🇵🇦,1F1F5-1F1E6,flags,country-flag,flag: Panama,"PA, flag",,Ferdinand Sorg,2019-02-13,,,,,2,5143
🇵🇪,1F1F5-1F1EA,flags,country-flag,flag: Peru,"PE, flag",,Ferdinand Sorg,2019-02-13,,,,,2,5144
🇵🇫,1F1F5-1F1EB,flags,country-flag,flag: French Polynesia,"PF, flag",,Pascal Ligon,2019-02-13,,,,,2,5145
🇵🇬,1F1F5-1F1EC,flags,country-flag,flag: Papua New Guinea,"PG, flag",,Daniel Utz,2019-02-13,,,,,2,5146
🇵🇭,1F1F5-1F1ED,flags,country-flag,flag: Philippines,"PH, flag",,Ferdinand Sorg,2019-02-13,,,,,2,5147
🇵🇰,1F1F5-1F1F0,flags,country-flag,flag: Pakistan,"PK, flag",,Ferdinand Sorg,2019-02-13,,,,,2,5148
🇵🇱,1F1F5-1F1F1,flags,country-flag,flag: Poland,"PL, flag",,Ferdinand Sorg,2019-02-13,,,,,2,5149
🇵🇲,1F1F5-1F1F2,flags,country-flag,flag: St. Pierre & Miquelon,"PM, flag",,Daniel Utz,2019-02-13,,,,,2,5150
🇵🇳,1F1F5-1F1F3,flags,country-flag,flag: Pitcairn Islands,"PN, flag",,Daniel Utz,2019-02-13,,,,,2,5151
🇵🇷,1F1F5-1F1F7,flags,country-flag,flag: Puerto Rico,"PR, flag",,Ferdinand Sorg,2019-02-13,,,,,2,5152
🇵🇸,1F1F5-1F1F8,flags,country-flag,flag: Palestinian Territories,"PS, flag",,Ferdinand Sorg,2019-02-13,,,,,2,5153
🇵🇹,1F1F5-1F1F9,flags,country-flag,flag: Portugal,"PT, flag",,Ferdinand Sorg,2019-02-13,,,,,2,5154
🇵🇼,1F1F5-1F1FC,flags,country-flag,flag: Palau,"PW, flag",,Ferdinand Sorg,2019-02-13,,,,,2,5155
🇵🇾,1F1F5-1F1FE,flags,country-flag,flag: Paraguay,"PY, flag",,Ferdinand Sorg,2019-02-13,,,,,2,5156
🇶🇦,1F1F6-1F1E6,flags,country-flag,flag: Qatar,"QA, flag",,Ferdinand Sorg,2019-02-13,,,,,2,5157
🇷🇪,1F1F7-1F1EA,flags,country-flag,flag: Réunion,"RE, flag",,Ferdinand Sorg,2019-02-13,,,,,2,5158
🇷🇴,1F1F7-1F1F4,flags,country-flag,flag: Romania,"RO, flag",,Ferdinand Sorg,2019-02-13,,,,,2,5159
🇷🇸,1F1F7-1F1F8,flags,country-flag,flag: Serbia,"RS, flag",,Ferdinand Sorg,2019-02-13,,,,,2,5160
🇷🇺,1F1F7-1F1FA,flags,country-flag,flag: Russia,"RU, flag",,Ferdinand Sorg,2019-02-13,,,,,0.6,5161
🇷🇼,1F1F7-1F1FC,flags,country-flag,flag: Rwanda,"RW, flag",,Ferdinand Sorg,2019-02-13,,,,,2,5162
🇸🇦,1F1F8-1F1E6,flags,country-flag,flag: Saudi Arabia,"SA, flag",,Daniel Utz,2019-02-13,,,,,2,5163
🇸🇧,1F1F8-1F1E7,flags,country-flag,flag: Solomon Islands,"SB, flag",,Ferdinand Sorg,2019-02-13,,,,,2,5164
🇸🇨,1F1F8-1F1E8,flags,country-flag,flag: Seychelles,"SC, flag",,Ferdinand Sorg,2019-02-13,,,,,2,5165
🇸🇩,1F1F8-1F1E9,flags,country-flag,flag: Sudan,"SD, flag",,Ferdinand Sorg,2019-02-13,,,,,2,5166
🇸🇪,1F1F8-1F1EA,flags,country-flag,flag: Sweden,"SE, flag",,Ferdinand Sorg,2019-02-13,,,,,2,5167
🇸🇬,1F1F8-1F1EC,flags,country-flag,flag: Singapore,"SG, flag",,Ferdinand Sorg,2019-02-13,,,,,2,5168
🇸🇭,1F1F8-1F1ED,flags,country-flag,flag: St. Helena,"SH, flag",,Pascal Ligon,2019-02-13,,,,,2,5169
🇸🇮,1F1F8-1F1EE,flags,country-flag,flag: Slovenia,"SI, flag",,Pascal Ligon,2019-02-13,,,,,2,5170
🇸🇯,1F1F8-1F1EF,flags,country-flag,flag: Svalbard & Jan Mayen,"SJ, flag",,Ferdinand Sorg,2019-02-13,,,,,2,5171
🇸🇰,1F1F8-1F1F0,flags,country-flag,flag: Slovakia,"SK, flag",,Ferdinand Sorg,2019-02-13,,,,,2,5172
🇸🇱,1F1F8-1F1F1,flags,country-flag,flag: Sierra Leone,"SL, flag",,Ferdinand Sorg,2019-02-13,,,,,2,5173
🇸🇲,1F1F8-1F1F2,flags,country-flag,flag: San Marino,"SM, flag",,Daniel Utz,2019-02-13,,,,,2,5174
🇸🇳,1F1F8-1F1F3,flags,country-flag,flag: Senegal,"SN, flag",,Ferdinand Sorg,2019-02-13,,,,,2,5175
🇸🇴,1F1F8-1F1F4,flags,country-flag,flag: Somalia,"SO, flag",,Ferdinand Sorg,2019-02-13,,,,,2,5176
🇸🇷,1F1F8-1F1F7,flags,country-flag,flag: Suriname,"SR, flag",,Ferdinand Sorg,2019-02-13,,,,,2,5177
🇸🇸,1F1F8-1F1F8,flags,country-flag,flag: South Sudan,"SS, flag",,Ferdinand Sorg,2019-02-13,,,,,2,5178
🇸🇹,1F1F8-1F1F9,flags,country-flag,flag: São Tomé & Príncipe,"ST, flag",,Ferdinand Sorg,2019-02-13,,,,,2,5179
🇸🇻,1F1F8-1F1FB,flags,country-flag,flag: El Salvador,"SV, flag",,Pascal Ligon,2019-02-13,,,,,2,5180
🇸🇽,1F1F8-1F1FD,flags,country-flag,flag: Sint Maarten,"SX, flag",,Pascal Ligon,2019-02-13,,,,,2,5181
🇸🇾,1F1F8-1F1FE,flags,country-flag,flag: Syria,"SY, flag",,Ferdinand Sorg,2019-02-13,,,,,2,5182
🇸🇿,1F1F8-1F1FF,flags,country-flag,flag: Eswatini,"SZ, flag",,Daniela Ivandikov,2019-02-13,,,,,2,5183
🇹🇦,1F1F9-1F1E6,flags,country-flag,flag: Tristan da Cunha,"TA, flag",,Daniela Ivandikov,2019-02-13,,,,,2,5184
🇹🇨,1F1F9-1F1E8,flags,country-flag,flag: Turks & Caicos Islands,"TC, flag",,Daniela Ivandikov,2019-02-13,,,,,2,5185
🇹🇩,1F1F9-1F1E9,flags,country-flag,flag: Chad,"TD, flag",,Ferdinand Sorg,2019-02-13,,,,,2,5186
🇹🇫,1F1F9-1F1EB,flags,country-flag,flag: French Southern Territories,"TF, flag",,Daniela Ivandikov,2019-02-13,,,,,2,5187
🇹🇬,1F1F9-1F1EC,flags,country-flag,flag: Togo,"TG, flag",,Ferdinand Sorg,2019-02-13,,,,,2,5188
🇹🇭,1F1F9-1F1ED,flags,country-flag,flag: Thailand,"TH, flag",,Ferdinand Sorg,2019-02-13,,,,,2,5189
🇹🇯,1F1F9-1F1EF,flags,country-flag,flag: Tajikistan,"TJ, flag",,Daniela Ivandikov,2019-02-13,,,,,2,5190
🇹🇰,1F1F9-1F1F0,flags,country-flag,flag: Tokelau,"TK, flag",,Ferdinand Sorg,2019-02-13,,,,,2,5191
🇹🇱,1F1F9-1F1F1,flags,country-flag,flag: Timor-Leste,"TL, flag",,Ferdinand Sorg,2019-02-13,,,,,2,5192
🇹🇲,1F1F9-1F1F2,flags,country-flag,flag: Turkmenistan,"TM, flag",,Daniela Ivandikov,2019-02-13,,,,,2,5193
🇹🇳,1F1F9-1F1F3,flags,country-flag,flag: Tunisia,"TN, flag",,Ferdinand Sorg,2019-02-13,,,,,2,5194
🇹🇴,1F1F9-1F1F4,flags,country-flag,flag: Tonga,"TO, flag",,Ferdinand Sorg,2019-02-13,,,,,2,5195
🇹🇷,1F1F9-1F1F7,flags,country-flag,flag: Türkiye,"TR, flag",,Ferdinand Sorg,2019-02-13,,,,,2,5196
🇹🇹,1F1F9-1F1F9,flags,country-flag,flag: Trinidad & Tobago,"TT, flag",,Ferdinand Sorg,2019-02-13,,,,,2,5197
🇹🇻,1F1F9-1F1FB,flags,country-flag,flag: Tuvalu,"TV, flag",,Ferdinand Sorg,2019-02-13,,,,,2,5198
🇹🇼,1F1F9-1F1FC,flags,country-flag,flag: Taiwan,"TW, flag",,Ferdinand Sorg,2019-02-13,,,,,2,5199
🇹🇿,1F1F9-1F1FF,flags,country-flag,flag: Tanzania,"TZ, flag",,Ferdinand Sorg,2019-02-13,,,,,2,5200
🇺🇦,1F1FA-1F1E6,flags,country-flag,flag: Ukraine,"UA, flag",,Ferdinand Sorg,2019-02-13,,,,,2,5201
🇺🇬,1F1FA-1F1EC,flags,country-flag,flag: Uganda,"UG, flag",,Daniela Ivandikov,2019-02-13,,,,,2,5202
🇺🇲,1F1FA-1F1F2,flags,country-flag,flag: U.S. Outlying Islands,"UM, flag","usa, united states, us, america",Ferdinand Sorg,2019-02-13,,,,,2,5203
🇺🇳,1F1FA-1F1F3,flags,country-flag,flag: United Nations,"UN, flag",,Daniela Ivandikov,2019-02-13,,,,,4,5204
🇺🇸,1F1FA-1F1F8,flags,country-flag,flag: United States,"US, flag","usa, united states, us, america",Ferdinand Sorg,2019-02-13,,,,,0.6,5205
🇺🇾,1F1FA-1F1FE,flags,country-flag,flag: Uruguay,"UY, flag",,Ferdinand Sorg,2019-02-13,,,,,2,5206
🇺🇿,1F1FA-1F1FF,flags,country-flag,flag: Uzbekistan,"UZ, flag",,Ferdinand Sorg,2019-02-13,,,,,2,5207
🇻🇦,1F1FB-1F1E6,flags,country-flag,flag: Vatican City,"VA, flag",,Daniela Ivandikov,2019-02-13,,,,,2,5208
🇻🇨,1F1FB-1F1E8,flags,country-flag,flag: St. Vincent & Grenadines,"VC, flag",,Ferdinand Sorg,2019-02-13,,,,,2,5209
🇻🇪,1F1FB-1F1EA,flags,country-flag,flag: Venezuela,"VE, flag",,Ferdinand Sorg,2019-02-13,,,,,2,5210
🇻🇬,1F1FB-1F1EC,flags,country-flag,flag: British Virgin Islands,"VG, flag",,Daniela Ivandikov,2019-02-13,,,,,2,5211
🇻🇮,1F1FB-1F1EE,flags,country-flag,flag: U.S. Virgin Islands,"VI, flag",,Daniela Ivandikov,2019-02-13,,,,,2,5212
🇻🇳,1F1FB-1F1F3,flags,country-flag,flag: Vietnam,"VN, flag",,Ferdinand Sorg,2019-02-13,,,,,2,5213
🇻🇺,1F1FB-1F1FA,flags,country-flag,flag: Vanuatu,"VU, flag",,Ferdinand Sorg,2019-02-13,,,,,2,5214
🇼🇫,1F1FC-1F1EB,flags,country-flag,flag: Wallis & Futuna,"WF, flag",,Ferdinand Sorg,2019-02-13,,,,,2,5215
🇼🇸,1F1FC-1F1F8,flags,country-flag,flag: Samoa,"WS, flag",,Ferdinand Sorg,2019-02-13,,,,,2,5216
🇽🇰,1F1FD-1F1F0,flags,country-flag,flag: Kosovo,"XK, flag",,Ferdinand Sorg,2019-02-13,,,,,2,5217
🇾🇪,1F1FE-1F1EA,flags,country-flag,flag: Yemen,"YE, flag",,Ferdinand Sorg,2019-02-13,,,,,2,5218
🇾🇹,1F1FE-1F1F9,flags,country-flag,flag: Mayotte,"YT, flag",,Daniela Ivandikov,2019-02-13,,,,,2,5219
🇿🇦,1F1FF-1F1E6,flags,country-flag,flag: South Africa,"ZA, flag",,Ferdinand Sorg,2019-02-13,,,,,2,5220
🇿🇲,1F1FF-1F1F2,flags,country-flag,flag: Zambia,"ZM, flag",,Ferdinand Sorg,2019-02-13,,,,,2,5221
🇿🇼,1F1FF-1F1FC,flags,country-flag,flag: Zimbabwe,"ZW, flag",,Daniela Ivandikov,2019-02-13,,,,,2,5222
🏴󠁧󠁢󠁥󠁮󠁧󠁿,1F3F4-E0067-E0062-E0065-E006E-E0067-E007F,flags,subdivision-flag,flag: England,"flag, gbeng",,Ferdinand Sorg,2019-02-13,,,,,5,5223
🏴󠁧󠁢󠁳󠁣󠁴󠁿,1F3F4-E0067-E0062-E0073-E0063-E0074-E007F,flags,subdivision-flag,flag: Scotland,"flag, gbsct",,Ferdinand Sorg,2019-02-13,,,,,5,5224
🏴󠁧󠁢󠁷󠁬󠁳󠁿,1F3F4-E0067-E0062-E0077-E006C-E0073-E007F,flags,subdivision-flag,flag: Wales,"flag, gbwls",dragon,Daniel Utz,2019-02-13,,,,,5,5225
🫫,1FAEB,smileys-emotion,face-smiling,cracking face,,,Mark-Jonathan Freyer,2026-07-31,,,,,18,99001
🪋,1FA8B,travel-places,sky-weather,meteor,,,Mark-Jonathan Freyer,2026-07-31,,,,,18,99002
🪌,1FA8C,objects,writing,eraser,,,Mark-Jonathan Freyer,2026-07-31,,,,,18,99003
🪍,1FA8D,objects,tool,net with handle,,,Mark-Jonathan Freyer,2026-07-31,,,,,18,99004
🫌,1FACC,animals-nature,animal-bug,monarch butterfly,,,Mark-Jonathan Freyer,2026-07-31,,,,,18,99005
🫝,1FADD,food-drink,food-vegetable,pickle,,,Mark-Jonathan Freyer,2026-07-31,,,,,18,99006
🛙,1F6D9,travel-places,transport-water,lighthouse,,,Mark-Jonathan Freyer,2026-07-31,,,,,18,99007
🫹,1FAF9,people-body,hand-fingers-closed,leftwards thumb sign,,,Mark-Jonathan Freyer,2026-07-31,,single,🫹,1FAF9,18,99008
🫹🏻,1FAF9-1F3FB,people-body,hand-fingers-closed,leftwards thumb sign: light skin tone,,,Mark-Jonathan Freyer,2026-07-31,1,single,🫹,1FAF9,18,99009
🫹🏼,1FAF9-1F3FC,people-body,hand-fingers-closed,leftwards thumb sign: medium-light skin tone,,,Mark-Jonathan Freyer,2026-07-31,2,single,🫹,1FAF9,18,99010
🫹🏽,1FAF9-1F3FD,people-body,hand-fingers-closed,leftwards thumb sign: medium skin tone,,,Mark-Jonathan Freyer,2026-07-31,3,single,🫹,1FAF9,18,99011
🫹🏾,1FAF9-1F3FE,people-body,hand-fingers-closed,leftwards thumb sign: medium-dark skin tone,,,Mark-Jonathan Freyer,2026-07-31,4,single,🫹,1FAF9,18,99012
🫹🏿,1FAF9-1F3FF,people-body,hand-fingers-closed,leftwards thumb sign: dark skin tone,,,Mark-Jonathan Freyer,2026-07-31,5,single,🫹,1FAF9,18,99013
🫺,1FAFA,people-body,hand-fingers-closed,rightwards thumb sign,,,Mark-Jonathan Freyer,2026-07-31,,single,🫺,1FAFA,18,99014
🫺🏻,1FAFA-1F3FB,people-body,hand-fingers-closed,rightwards thumb sign: light skin tone,,,Mark-Jonathan Freyer,2026-07-31,1,single,🫺,1FAFA,18,99015
🫺🏼,1FAFA-1F3FC,people-body,hand-fingers-closed,rightwards thumb sign: medium-light skin tone,,,Mark-Jonathan Freyer,2026-07-31,2,single,🫺,1FAFA,18,99016
🫺🏽,1FAFA-1F3FD,people-body,hand-fingers-closed,rightwards thumb sign: medium skin tone,,,Mark-Jonathan Freyer,2026-07-31,3,single,🫺,1FAFA,18,99017
🫺🏾,1FAFA-1F3FE,people-body,hand-fingers-closed,rightwards thumb sign: medium-dark skin tone,,,Mark-Jonathan Freyer,2026-07-31,4,single,🫺,1FAFA,18,99018
🫺🏿,1FAFA-1F3FF,people-body,hand-fingers-closed,rightwards thumb sign: dark skin tone,,,Mark-Jonathan Freyer,2026-07-31,5,single,🫺,1FAFA,18,99019
,E000,extras-openmoji,animals-nature,goldfish,,"goldfish, fish, water",Kai Magnus Müller,2018-04-18,,,,,,
,E001,extras-openmoji,animals-nature,donkey,,,Baris Camli,2018-04-18,,,,,,
,E002,extras-openmoji,animals-nature,poppy,,"poppy, remembrance, veterans",Carlin MacKenzie,2019-12-20,,,,,,
,E003,extras-openmoji,animals-nature,doe,,"forest, hunt, antler, deer",Carlin MacKenzie,2020-03-21,,,,,,
,E004,extras-openmoji,animals-nature,spouting-orca,,"cetacean, whale, spouting, orca, killer whale, blackfish, swim, animal, water",Selina Bauder,2018-04-18,,,,,,
,E006,extras-openmoji,animals-nature,narwhal,,"cetacean, whale, swim, animal, water",Kris Kowal,2020-04-04,,,,,,
,E007,extras-openmoji,animals-nature,beluga,,"cetacean, whale, swim, animal, water",Kris Kowal,2020-04-04,,,,,,
,E008,extras-openmoji,animals-nature,porpoise,,"cetacean, swim, animal, water",Kris Kowal,2020-04-04,,,,,,
,E009,extras-openmoji,animals-nature,pigeon,,"vermin, rock dove, bird, city",Carlin MacKenzie,2020-06-13,,,,,,
,E010,extras-openmoji,animals-nature,macaw,,"tropical, jungle, exotic, parrots",Carlin MacKenzie,2020-06-13,,,,,,
,E011,extras-openmoji,animals-nature,microbe,,"amoeba, bacteria, virus",Ricarda Krejci,2019-05-07,,,,,,
,E040,extras-openmoji,brand,Twitter,,,Baris Camli,2018-04-18,,,,,,
,E041,extras-openmoji,brand,pinterest,,"social, platform, pins",Kai Wanschura,2018-04-18,,,,,,
,E042,extras-openmoji,brand,facebook,,"facebook, company, social-media",Kai Magnus Müller,2018-04-18,,,,,,
,E043,extras-openmoji,brand,instagram,,"instagram, facebook, company, social-media",Kai Magnus Müller,2018-04-18,,,,,,
,E044,extras-openmoji,brand,youtube,,"social, platform, video, brand",Romain Bazile,2019-09-03,,,,,,
,E045,extras-openmoji,brand,github,,"social, platform, code, git, brand",Romain Bazile,2019-09-06,,,,,,
,E046,extras-openmoji,brand,linkedin,,business,Daniel Utz,2020-04-25,,,,,,
,E047,extras-openmoji,brand,android,,google play,Alexander Müller,2020-04-26,,,,,,
,E048,extras-openmoji,brand,musicbrainz,,music metadata,Alexander Müller,2020-10-03,,,,,,
,E049,extras-openmoji,brand,openfoodfact,,nutrition data,Alexander Müller,2020-10-03,,,,,,
,E04A,extras-openmoji,brand,openstreetmap,,"map, osm, geodata",Alexander Müller,2020-10-03,,,,,,
,E04B,extras-openmoji,brand,wikidata,,open knowledge graph,Alexander Müller,2020-10-03,,,,,,
,E04C,extras-openmoji,brand,dotnet,,"logo, net, dotnet, programming, framework",Xavier Martinez,2024-04-08,,,,,,
,E04D,extras-openmoji,brand,golang,,"logo, go, golang, google, programming, language",Xavier Martinez,2024-06-16,,,,,,
,E04E,extras-openmoji,brand,kotlin,,"logo, kotlin, jvm, programming, language",Xavier Martinez,2024-04-08,,,,,,
,E04F,extras-openmoji,brand,ruby,,"logo, ruby, programming, language",Xavier Martinez,2024-04-08,,,,,,
,E050,extras-openmoji,brand,Firefox,,"browser, fire, fox",Alexander Müller,2020-11-04,,,,,,
,E051,extras-openmoji,brand,Safari,,"browser, compass, webkit, apple",Alexander Müller,2020-11-04,,,,,,
,E052,extras-openmoji,brand,Opera,,browser,Alexander Müller,2020-11-04,,,,,,
,E053,extras-openmoji,brand,Chromium,,browser,Alexander Müller,2020-11-04,,,,,,
,E054,extras-openmoji,brand,Chrome,,"browser, google",Alexander Müller,2020-11-04,,,,,,
,E055,extras-openmoji,brand,Netscape Navigator,,browser,Alexander Müller,2020-11-04,,,,,,
,E056,extras-openmoji,brand,Internet Explorer,,"browser, ie, microsoft",Alexander Müller,2020-11-04,,,,,,
,E057,extras-openmoji,brand,Edge,,"browser, microsoft",Alexander Müller,2020-11-04,,,,,,
,E058,extras-openmoji,brand,iNaturalist,,"opendata, nature, observation",Alexander Müller,2020-11-04,,,,,,
,E059,extras-openmoji,brand,gitlab,,"git, code",Liz Bravo,2022-03-07,,,,,,
,E05A,extras-openmoji,brand,mastodon,,"social media, twitter",Liz Bravo,2022-03-07,,,,,,
,E05B,extras-openmoji,brand,peertube,,"social media, youtube",Liz Bravo,2022-03-07,,,,,,
,E05C,extras-openmoji,brand,pixelfed,,"social media, image sharing platform, photo",Liz Bravo,2022-03-07,,,,,,
,E05D,extras-openmoji,brand,signal,,"social media, messenger, whatsapp, app",Liz Bravo,2022-03-07,,,,,,
,E05E,extras-openmoji,brand,element,,"social media, messenger, whatsapp, app",Seth Falco,2023-05-23,,,,,,
,E05F,extras-openmoji,brand,jellyfin,,"media, app",Jennifer Falco,2023-05-26,,,,,,
,E060,extras-openmoji,brand,reddit,,"social, app, discussion",Allison Fister,2023-09-28,,,,,,
,E061,extras-openmoji,brand,discord,,"social, app, video, voice, chat",Allison Fister,2023-09-28,,,,,,
,E062,extras-openmoji,brand,c,,"logo, c, programming, language, hexagon",Xavier Martinez,2023-12-04,,,,,,
,E063,extras-openmoji,brand,cplusplus,,"logo, c, cplusplus, plusplus, programming, language, hexagon",Xavier Martinez,2023-12-04,,,,,,
,E064,extras-openmoji,brand,csharp,,"logo, c, csharp, sharp, programming, language, hexagon",Xavier Martinez,2023-12-04,,,,,,
,E065,extras-openmoji,brand,chrome canary,,"logo, brand, browser, google, chrome, canary",Xavier Martinez,2023-12-04,,,,,,
,E066,extras-openmoji,brand,firefox developer,,"logo, brand, browser, fire, fox, firefox, developer",Xavier Martinez,2023-12-04,,,,,,
,E067,extras-openmoji,brand,firefox nightly,,"logo, brand, browser, fire, fox, firefox, nightly",Xavier Martinez,2023-12-04,,,,,,
,E068,extras-openmoji,brand,javascript,,"logo, js, javascript, programming, language",Xavier Martinez,2023-12-04,,,,,,
,E069,extras-openmoji,brand,typescript,,"logo, ts, typescript, programming, language",Xavier Martinez,2023-12-04,,,,,,
,E06A,extras-openmoji,brand,webassembly,,"logo, wa, wasm, webassembly, web, assembly, browser",Xavier Martinez,2023-12-04,,,,,,
,E06B,extras-openmoji,brand,svg,,"logo, svg, drawing, vector, vectorial, drawing",Xavier Martinez,2023-12-04,,,,,,
,E06C,extras-openmoji,brand,markdown,,"logo, md, markdown, mark, down, markup, language",Xavier Martinez,2023-12-04,,,,,,
,E06D,extras-openmoji,brand,winrar,,"logo, brand, winrar, win, rar",Xavier Martinez,2023-12-04,,,,,,
,E06E,extras-openmoji,brand,facetime,,"facetime, video call, communication, apple, app, video chat, camera",Natalia Kenig,2026-04-01,,,,,,
,E06F,extras-openmoji,brand,ecosia browser,,browser,Natalia Kenig,2026-04-01,,,,,,
,E070,extras-openmoji,brand,bluesky,,"logo, brand, bluesky, company, social-media",Agriya Khetarpal,2025-08-21,,,,,,
,E0FF,extras-openmoji,brand,ubuntu,,Linux,Alexander Müller,2020-04-26,,,,,,
,F000,extras-openmoji,brand,windows,,Microsoft,Alexander Müller,2020-04-26,,,,,,
,F77A,extras-openmoji,brand,artstation,,"art, brand",Seth Falco,2023-09-09,,,,,,
,F8FF,extras-openmoji,brand,apple,,"iOS, OSX",Alexander Müller,2020-04-26,,,,,,
,E2C0,extras-openmoji,climate-environment,iceberg,,"Titanic, ship wreck, ice, cold, sea",Sina Grund,2020-02-18,,,,,,
,E2C1,extras-openmoji,climate-environment,floating ice,,"glacier, polar, sea, melt",Sina Grund,2020-02-18,,,,,,
,E2C2,extras-openmoji,climate-environment,floating ice broken,,"glacier, polar, sea, melt",Sina Grund,2020-02-18,,,,,,
,E2C3,extras-openmoji,climate-environment,polar research station,,"Neumayer station, arctic, science",Sina Grund,2020-02-18,,,,,,
,E2C4,extras-openmoji,climate-environment,ice core sample,,"science, research, arctic, polar",Sina Grund,2020-02-18,,,,,,
,E2C6,extras-openmoji,climate-environment,ice shelf,,"glacier, polar, sea, melt",Sina Grund,2020-02-18,,,,,,
,E2C7,extras-openmoji,climate-environment,ice shelf melting,,"glacier, sea, melt, climate, global, warming",Sina Grund,2020-02-18,,,,,,
,E2C8,extras-openmoji,climate-environment,polar explorer,,"inuit, anorak with fur",Sina Grund,2020-02-18,,,,,,
,E2C9,extras-openmoji,climate-environment,polar explorer man,,research,Sina Grund,2020-02-18,,,,,,
,E2CA,extras-openmoji,climate-environment,polar explorer woman,,research,Sina Grund,2020-02-18,,,,,,
,E2CB,extras-openmoji,climate-environment,oil spill,,"pollution, petrol, fossil, fuel",Ricarda Krejci,2020-02-18,,,,,,
,E2CC,extras-openmoji,climate-environment,exhaust gases factory,,"pollution, CO2, carbon",Ricarda Krejci,2020-02-18,,,,,,
,E2CD,extras-openmoji,climate-environment,solar energy,,"sun, panel, clean, power, renewable",Ricarda Krejci,2020-02-18,,,,,,
,E2CE,extras-openmoji,climate-environment,meat consumption,,carnivore,Ricarda Krejci,2020-02-18,,,,,,
,E2CF,extras-openmoji,climate-environment,exhaust gases car,,"pollution, carbon, CO2",Ricarda Krejci,2020-02-18,,,,,,
,E2D0,extras-openmoji,climate-environment,sea level rise,,"flood, tsunami, sinking",Ricarda Krejci,2020-02-18,,,,,,
,E2D1,extras-openmoji,climate-environment,wind energy,,"turbine, clean, power, renewable",Ricarda Krejci,2020-02-18,,,,,,
,E2D2,extras-openmoji,climate-environment,reusable bag,,"recycle, nondisposable, tote, paper",Ricarda Krejci,2020-02-18,,,,,,
,E2D3,extras-openmoji,climate-environment,radioactive waste,,"nuclear, hazardous",Robin Kurz,2020-02-18,,,,,,
,E2D4,extras-openmoji,climate-environment,nuclear power plant,,"reactor, stacks, cooling",Robin Kurz,2020-02-18,,,,,,
,E2D5,extras-openmoji,climate-environment,nuclear power plant ruin,,"Chernobyl, Fukushima, reactor",Robin Kurz,2020-02-18,,,,,,
,E2D6,extras-openmoji,climate-environment,geiger counter,,"radiation, radioactive, science, research",Robin Kurz,2020-02-18,,,,,,
,E2D7,extras-openmoji,climate-environment,nuclear worker man,,"radiation, protection suit",Robin Kurz,2020-02-18,,,,,,
,E2D8,extras-openmoji,climate-environment,nuclear worker woman,,"radiation, protection suit, ",Robin Kurz,2020-02-18,,,,,,
,E2D9,extras-openmoji,climate-environment,nuclear protection,,"radiation, suit, gas mask, nbc suit, hazmat",Robin Kurz,2020-02-18,,,,,,
,E2DA,extras-openmoji,climate-environment,atom bomb,,"nuclear, radioactive, nuke, WW2",Robin Kurz,2020-02-18,,,,,,
,E080,extras-openmoji,emergency,assembly point,,,Guemil Project,2019-01-14,,,,,,
,E081,extras-openmoji,emergency,assembly group,,,Guemil Project,2019-01-14,,,,,,
,E082,extras-openmoji,emergency,authority instruction,,,Guemil Project,2019-01-14,,,,,,
,E083,extras-openmoji,emergency,help others,,"help elderly, help wheelchair",Guemil Project,2019-01-14,,,,,,
,E084,extras-openmoji,emergency,drop cover hold,,earthquake safety,Guemil Project,2019-01-14,,,,,,
,E085,extras-openmoji,emergency,evacuate,,,Guemil Project,2019-01-14,,,,,,
,E086,extras-openmoji,emergency,evacuate vertical,,,Guemil Project,2019-01-14,,,,,,
,E087,extras-openmoji,emergency,evacuate downstairs,,,Guemil Project,2019-01-14,,,,,,
,E088,extras-openmoji,emergency,evacuate to shelter,,,Guemil Project,2019-01-14,,,,,,
,E089,extras-openmoji,emergency,structural fire,,,Guemil Project,2019-01-14,,,,,,
,E08A,extras-openmoji,emergency,wild fire,,,Guemil Project,2019-01-14,,,,,,
,E08B,extras-openmoji,emergency,evacuate fire,,,Guemil Project,2020-11-06,,,,,,
,E08C,extras-openmoji,emergency,warning tsunami,,,Guemil Project,2019-01-14,,,,,,
,E08D,extras-openmoji,emergency,warning volcano,,,Guemil Project,2019-01-14,,,,,,
,E08E,extras-openmoji,emergency,warning fire,,,Guemil Project,2019-01-14,,,,,,
,E08F,extras-openmoji,emergency,authority,,,Guemil Project,2019-01-14,,,,,,
,E090,extras-openmoji,emergency,first aid,,red cross,Guemil Project,2019-01-14,,,,,,
,E091,extras-openmoji,emergency,flagged point,,white flag,Guemil Project,2019-01-14,,,,,,
,E092,extras-openmoji,emergency,flagged building,,white flag,Guemil Project,2019-01-14,,,,,,
,E093,extras-openmoji,emergency,authority building,,white flag,Guemil Project,2019-01-14,,,,,,
,E094,extras-openmoji,emergency,signpost,,"orientation, crossroad",Guemil Project,2019-01-14,,,,,,
,E095,extras-openmoji,emergency,mobile info,,,Guemil Project,2019-01-14,,,,,,
,E096,extras-openmoji,emergency,mobile message,,,Guemil Project,2019-01-14,,,,,,
,E097,extras-openmoji,emergency,charge plug,,low battery,Guemil Project,2019-01-14,,,,,,
,E098,extras-openmoji,emergency,shelter,,,Guemil Project,2019-01-14,,,,,,
,E099,extras-openmoji,emergency,volcano eruption,,volcano fumarole,Guemil Project,2019-01-14,,,,,,
,E09A,extras-openmoji,emergency,volcano ashes,,volcano eruption,Guemil Project,2019-01-14,,,,,,
,E09B,extras-openmoji,emergency,tsunami,,,Guemil Project,2019-01-14,,,,,,
,E09C,extras-openmoji,emergency,earthquake,,,Guemil Project,2019-01-14,,,,,,
,E09E,extras-openmoji,emergency,avalanche,,,Guemil Project,2019-01-14,,,,,,
,E09F,extras-openmoji,emergency,flood,,,Guemil Project,2019-01-14,,,,,,
,E0A0,extras-openmoji,emergency,north,,,Guemil Project,2019-01-14,,,,,,
,E0A1,extras-openmoji,emergency,transmission,,,Guemil Project,2019-01-14,,,,,,
,E0A2,extras-openmoji,emergency,sos stencil,,,Guemil Project,2019-01-14,,,,,,
,E0A3,extras-openmoji,emergency,ok stencil,,,Guemil Project,2019-01-14,,,,,,
,E0A4,extras-openmoji,emergency,no stencil,,,Guemil Project,2019-01-14,,,,,,
,E0A5,extras-openmoji,emergency,warning strip,,,Guemil Project,2019-01-14,,,,,,
,E0A6,extras-openmoji,emergency,warning strip right,,arrow,Guemil Project,2019-01-14,,,,,,
,E0A7,extras-openmoji,emergency,arrow turn right,,,Guemil Project,2019-01-14,,,,,,
,E0A8,extras-openmoji,emergency,emergency exit door,,,Guemil Project,2020-11-06,,,,,,
,E0A9,extras-openmoji,emergency,location indicator red,,,Guemil Project,2019-01-14,,,,,,
,E0AA,extras-openmoji,emergency,electric plug red,,,Guemil Project,2019-01-14,,,,,,
,E0AB,extras-openmoji,emergency,timer,,"clock, alarm",Guemil Project,2019-01-14,,,,,,
,E0AC,extras-openmoji,emergency,person with medical mask,,"coronavirus, COVID-19",Guemil Project,2020-11-06,,,,,,
‍♀️,E0AC-200D-2640-FE0F,extras-openmoji,emergency,woman with medical mask,,"coronavirus, COVID-19",Guemil Project,2020-11-06,,,,,,
‍♂️,E0AC-200D-2642-FE0F,extras-openmoji,emergency,man with medical mask,,"coronavirus, COVID-19",Guemil Project,2020-11-06,,,,,,
,E0AD,extras-openmoji,emergency,person sneezing into elbow,,"coronavirus, COVID-19, dab",Guemil Project,2020-11-06,,,,,,
‍♀️,E0AD-200D-2640-FE0F,extras-openmoji,emergency,woman sneezing into elbow,,"coronavirus, COVID-19, dab",Guemil Project,2020-11-06,,,,,,
‍♂️,E0AD-200D-2642-FE0F,extras-openmoji,emergency,man sneezing into elbow,,"coronavirus, COVID-19, dab",Guemil Project,2020-11-06,,,,,,
,E0AE,extras-openmoji,emergency,disinfect surface,,"coronavirus, COVID-19, sanitize, clean",Guemil Project,2020-11-06,,,,,,
,E0AF,extras-openmoji,emergency,quarantine,,"coronavirus, COVID-19",Guemil Project,2020-11-06,,,,,,
,E0B0,extras-openmoji,emergency,social distancing,,"coronavirus, COVID-19",Guemil Project,2020-11-06,,,,,,
,E0B1,extras-openmoji,emergency,sanitizer spray,,"coronavirus, COVID-19, disinfect, clean",Guemil Project,2020-11-06,,,,,,
,E0B2,extras-openmoji,emergency,wash hands,,"coronavirus, COVID-19, sanitize, clean",Guemil Project,2020-11-06,,,,,,
,E0B3,extras-openmoji,emergency,temperature taking,,"coronavirus, COVID-19, thermometer",Guemil Project,2020-11-06,,,,,,
,E0B4,extras-openmoji,emergency,medical gloves,,"coronavirus, COVID-19",Guemil Project,2020-11-06,,,,,,
🏳‍🟦‍🟩‍🟨,1F3F3-200D-1F7E6-200D-1F7E9-200D-1F7E8,extras-openmoji,flags,berber flag,,,Daniel Utz,2022-07-01,,,,,,
🏳️‍📌‍⚙️,1F3F3-FE0F-200D-1F4CC-200D-2699-FE0F,extras-openmoji,flags,nail and gear flag,,"Hello Internet, CGP Grey, Brady Haran",Alexander Müller,2020-05-08,,,,,,
🏳️‍🟥,1F3F3-FE0F-200D-1F7E5,extras-openmoji,flags,red flag,,"socialism, communism",Alexander Müller,2020-05-08,,,,,,
🏳️‍🟦,1F3F3-FE0F-200D-1F7E6,extras-openmoji,flags,blue flag,,,Alexander Müller,2020-05-08,,,,,,
🏳️‍🟦‍🌌,1F3F3-FE0F-200D-1F7E6-200D-1F30C,extras-openmoji,flags,united federation of planets flag (star trek),,"Star Trek, future, utopia, trekkie, trekker, space",Alexander Müller,2020-04-25,,,,,,
🏳️‍🟧,1F3F3-FE0F-200D-1F7E7,extras-openmoji,flags,orange flag,,"maratha, pirate party, Christian democracy",Alexander Müller,2020-05-08,,,,,,
🏳️‍🟨,1F3F3-FE0F-200D-1F7E8,extras-openmoji,flags,yellow flag,,"Quebec, yellow jack",Alexander Müller,2020-05-08,,,,,,
🏳️‍🟩,1F3F3-FE0F-200D-1F7E9,extras-openmoji,flags,green flag,,"green party, environmentalism",Alexander Müller,2020-05-08,,,,,,
🏳️‍🟩‍⭐‍🟩,1F3F3-FE0F-200D-1F7E9-200D-2B50-200D-1F7E9,extras-openmoji,flags,esperanto flag,,"constructed, Zamenhof",Carlin MacKenzie,2020-04-08,,,,,,
🏳️‍🟪,1F3F3-FE0F-200D-1F7EA,extras-openmoji,flags,purple flag,,,Alexander Müller,2020-05-08,,,,,,
🏳️‍🟫,1F3F3-FE0F-200D-1F7EB,extras-openmoji,flags,brown flag,,,Alexander Müller,2020-05-08,,,,,,
🏳️‍🧊‍💎,1F3F3-FE0F-200D-1F9CA-200D-1F48E,extras-openmoji,flags,true south (antarctica) flag,,"antarctica flag, antarctica, antarctic",Spangle Labs,2022-04-24,,,,,,
🏳️‍⬜,1F3F3-FE0F-200D-2B1C,extras-openmoji,flags,white flag,,surrender,Alexander Müller,2020-05-08,,,,,,
🏴️‍🅰️,1F3F4-FE0F-200D-1F170-FE0F,extras-openmoji,flags,red and black flag,,"anarchist flag, bisected flag",Sam Hocevar,2021-03-15,,,,,,
🏴️‍🟥,1F3F4-FE0F-200D-1F7E5,extras-openmoji,flags,deep red flag,,"socialism, communism",Alexander Müller,2020-05-08,,,,,,
🏴️‍🟦,1F3F4-FE0F-200D-1F7E6,extras-openmoji,flags,deep blue flag,,,Alexander Müller,2020-05-08,,,,,,
🏴️‍🟧,1F3F4-FE0F-200D-1F7E7,extras-openmoji,flags,deep orange flag,,"maratha, pirate party, Christian democracy",Alexander Müller,2020-05-08,,,,,,
🏴️‍🟨,1F3F4-FE0F-200D-1F7E8,extras-openmoji,flags,deep yellow flag,,"Quebec, yellow jack",Alexander Müller,2020-05-08,,,,,,
🏴️‍🟩,1F3F4-FE0F-200D-1F7E9,extras-openmoji,flags,deep green flag,,"green party, environmentalism",Alexander Müller,2020-05-08,,,,,,
🏴️‍🟩‍⭐,1F3F4-FE0F-200D-1F7E9-200D-2B50,extras-openmoji,flags,browncoat flag,,"Firefly, Serenity, independent planets",Alexander Müller,2020-05-08,,,,,,
🏴️‍🟪,1F3F4-FE0F-200D-1F7EA,extras-openmoji,flags,deep purple flag,,,Alexander Müller,2020-05-08,,,,,,
🏴️‍🟫,1F3F4-FE0F-200D-1F7EB,extras-openmoji,flags,deep brown flag,,,Alexander Müller,2020-05-08,,,,,,
,E0C0,extras-openmoji,food-drink,half orange fruit,,"citrus fruits, half",Hend Hourani,2018-11-16,,,,,,
,E0C1,extras-openmoji,food-drink,maultasche,,"swabian, schwäbisch, schwaebisch, meal, germany",Fanny Jung,2019-05-06,,,,,,
,E0C2,extras-openmoji,food-drink,lentils with spaetzle,,"swabian, schwäbisch, meal, germany",Ricarda Krejci,2019-05-07,,,,,,
,E0C3,extras-openmoji,food-drink,pretzel,,"swabian, schwäbisch, schwaebisch, brezel, germany",Tonia Reinhardt,2019-05-07,,,,,,
,E0C4,extras-openmoji,food-drink,pomegranate,,"pomegranate, fruit, seeds",Carlin MacKenzie,2019-12-18,,,,,,
,E0C5,extras-openmoji,food-drink,latte macchiato,,coffee,Alexander Müller,2020-05-11,,,,,,
,E0C6,extras-openmoji,food-drink,roasted coffee bean,,,Alexander Müller,2020-05-11,,,,,,
,E0C7,extras-openmoji,food-drink,cake,,"custard, cherry",Miriam Vollmeier,2018-04-18,,,,,,
,E0C8,extras-openmoji,food-drink,champignon brown,,mushroom fungi,Liz Bravo,2021-05-04,,,,,,
,E0C9,extras-openmoji,food-drink,champignon white,,mushroom fungi,Liz Bravo,2021-05-04,,,,,,
,E0CA,extras-openmoji,food-drink,boule bread,,"french bread, traditional bread, round bread",Alexander Müller,2021-05-08,,,,,,
,E0CB,extras-openmoji,food-drink,glass bottle,,water bottle,Benedikt Seidl,2023-06-04,,,,,,
,E0CC,extras-openmoji,food-drink,plastic bottle,,water bottle,Benedikt Seidl,2023-06-04,,,,,,
,E0CD,extras-openmoji,food-drink,beer bottle,,,Mark-Jonathan Freyer,2026-07-31,,,,,,
,E0CE,extras-openmoji,food-drink,pepper,,,Mark-Jonathan Freyer,2026-07-31,,,,,,
,E0CF,extras-openmoji,food-drink,pepper mill,,,Mark-Jonathan Freyer,2026-07-31,,,,,,
,E0D0,extras-openmoji,food-drink,salt mill,,,Mark-Jonathan Freyer,2026-07-31,,,,,,
,E340,extras-openmoji,gardening,gardener man,,,Fanny Jung,2020-06-11,,,,,,
,E341,extras-openmoji,gardening,gardener woman,,,Fanny Jung,2020-06-11,,,,,,
,E342,extras-openmoji,gardening,gardening gloves,,,Fanny Jung,2020-06-11,,,,,,
,E343,extras-openmoji,gardening,lawn mower,,,Fanny Jung,2020-06-11,,,,,,
,E344,extras-openmoji,gardening,wheelbarrow,,pushcart,Fanny Jung,2020-06-11,,,,,,
,E345,extras-openmoji,gardening,spade,,shovel,Tonia Reinhardt,2020-06-11,,,,,,
,E346,extras-openmoji,gardening,trowel,,shovel,Tonia Reinhardt,2020-06-11,,,,,,
,E347,extras-openmoji,gardening,axe,,"wood, chop, stump",Tonia Reinhardt,2020-06-11,,,,,,
,E348,extras-openmoji,gardening,saw,,"foxtail, carpentry, wood, branch, rip saw",Tonia Reinhardt,2020-06-11,,,,,,
,E300,extras-openmoji,healthcare,female doctor,,"hospital, care, surgery",Tonia Reinhardt,2010-01-31,,,,,,
,E301,extras-openmoji,healthcare,male doctor,,"hospital, care, surgery",Fanny Jung,2010-01-31,,,,,,
,E302,extras-openmoji,healthcare,female nurse,,"hospital, care, surgery",Tonia Reinhardt,2010-01-31,,,,,,
,E303,extras-openmoji,healthcare,male nurse,,"hospital, care, surgery",Fanny Jung,2010-01-31,,,,,,
,E305,extras-openmoji,healthcare,pills,,"drug, medicine, tablets, pain killers",Fanny Jung,2010-01-31,,,,,,
,E306,extras-openmoji,healthcare,plaster,,"patch, band aid, plaster, wound, dressing, bandage",Tonia Reinhardt,2010-01-31,,,,,,
,E307,extras-openmoji,healthcare,medication,,"drug, medicine, tablets, pain killers",Fanny Jung,2010-01-31,,,,,,
,E308,extras-openmoji,healthcare,ecg waves,,"heartbeats, beat, hospital, electrocardiogram",Tonia Reinhardt,2010-01-31,,,,,,
,E309,extras-openmoji,healthcare,first aid bag,,"briefcase, medicine, kit",Fanny Jung,2010-01-31,,,,,,
,E30A,extras-openmoji,healthcare,patient file,,"hospital, record, filing",Tonia Reinhardt,2010-01-31,,,,,,
,E30B,extras-openmoji,healthcare,patient clipboard,,"hospital, notes, transcript",Fanny Jung,2010-01-31,,,,,,
,E30C,extras-openmoji,healthcare,saline drip,,"hospital, bag",Tonia Reinhardt,2010-01-31,,,,,,
,E30D,extras-openmoji,healthcare,blood transfusion,,"medical, bleeding, loss",Fanny Jung,2010-01-31,,,,,,
,E30E,extras-openmoji,healthcare,swab pliers,,"surgery, scissors",Fanny Jung,2010-01-31,,,,,,
,E30F,extras-openmoji,healthcare,hot-water bottle,,"cramps, comfort, warm, period",Tonia Reinhardt,2010-01-31,,,,,,
,E312,extras-openmoji,healthcare,liver,,"organ, toxins, bile",Tonia Reinhardt,2010-01-31,,,,,,
,E313,extras-openmoji,healthcare,stomach,,"gut, digestion, bile, acid",Fanny Jung,2010-01-31,,,,,,
,E314,extras-openmoji,healthcare,large intestine,,"organ, colon, gut",Tonia Reinhardt,2010-01-31,,,,,,
,E315,extras-openmoji,healthcare,intestine,,"organ, digestion, colon, gut",Fanny Jung,2010-01-31,,,,,,
,E316,extras-openmoji,healthcare,kidney,,"urine, toxins, blood, organ",Tonia Reinhardt,2010-01-31,,,,,,
,E318,extras-openmoji,healthcare,forceps,,"surgery, tweezers, tongs",Tonia Reinhardt,2010-01-31,,,,,,
,E319,extras-openmoji,healthcare,brain,,"cortex, grey matter, intelligence, IQ",Fanny Jung,2010-01-31,,,,,,
,E31A,extras-openmoji,healthcare,bed linen,,"hospital, bedding, sheets",Tonia Reinhardt,2010-01-31,,,,,,
,E31B,extras-openmoji,healthcare,bandage change,,"hospital, gauze, dressing, wound",Fanny Jung,2010-01-31,,,,,,
,E31C,extras-openmoji,healthcare,eye pain,,"migraine, headache, strain, sore",Tonia Reinhardt,2010-01-31,,,,,,
,E31D,extras-openmoji,healthcare,headache,,"migraine, sore, tension, stress",Fanny Jung,2010-01-31,,,,,,
,E31E,extras-openmoji,healthcare,earache,,"tinnitus, headache, sore",Tonia Reinhardt,2010-01-31,,,,,,
,E31F,extras-openmoji,healthcare,fracture leg,,"broken, cast, bone",Fanny Jung,2010-01-31,,,,,,
,E320,extras-openmoji,healthcare,knee pain,,"ACL, ache, patella",Tonia Reinhardt,2010-01-31,,,,,,
,E321,extras-openmoji,healthcare,backache,,"spine, ache, lumbar, pain",Fanny Jung,2010-01-31,,,,,,
,E322,extras-openmoji,healthcare,joint pain,,"ache, arthritis, strain, cartilage",Tonia Reinhardt,2010-01-31,,,,,,
,E324,extras-openmoji,healthcare,clinical thermometer,,"temperature, fever, mercury, heat",Tonia Reinhardt,2010-01-31,,,,,,
,E325,extras-openmoji,healthcare,bandage scissors,,"hospital, gauze, dressing",Fanny Jung,2010-01-31,,,,,,
,E326,extras-openmoji,healthcare,crutches,,"walk, broken leg, accessibility",Tonia Reinhardt,2010-01-31,,,,,,
,E327,extras-openmoji,healthcare,wheel chair,,"accessibility, DACA, disability, mobility",Fanny Jung,2010-01-31,,,,,,
,E328,extras-openmoji,healthcare,stretcher,,"hospital, ambulance, patient, gurney",Tonia Reinhardt,2010-01-31,,,,,,
,E329,extras-openmoji,healthcare,ct scan,,"MRI, cat, cancer, tumour",Fanny Jung,2010-01-31,,,,,,
,E32B,extras-openmoji,healthcare,scales,,"BMI, weight, mass, heavy",Fanny Jung,2010-01-31,,,,,,
,E100,extras-openmoji,interaction,tap,,,Baris Camli,2018-04-18,,,,,,
,E101,extras-openmoji,interaction,double tap,,,Baris Camli,2018-04-18,,,,,,
,E102,extras-openmoji,interaction,three finger operation,,,Baris Camli,2018-04-18,,,,,,
,E103,extras-openmoji,interaction,move,,,Baris Camli,2018-04-18,,,,,,
,E104,extras-openmoji,interaction,scroll,,"vertical, y-axis, mouse, wheel, movement, up, down",Kai Wanschura,2018-04-18,,,,,,
,E105,extras-openmoji,interaction,swipe,,"swipe, finger, move, hand, sideways, app",Kai Wanschura,2018-04-18,,,,,,
,E106,extras-openmoji,interaction,scroll horizontal,,"x-axis, move, mouse, scrollwheel, scrolling",Kai Wanschura,2018-04-18,,,,,,
,E107,extras-openmoji,interaction,page move,,"movement, left, right, site, document, next, previous, paper",Kai Wanschura,2018-04-18,,,,,,
,E108,extras-openmoji,interaction,swipe left,,"finger, movement, gesture, touch, app, left, x-axis, hand",Kai Wanschura,2018-04-18,,,,,,
,E109,extras-openmoji,interaction,swipe up,,"finger, movement, gesture, touch, app, up, y-axis, hand",Kai Wanschura,2018-04-18,,,,,,
,E10A,extras-openmoji,interaction,swipe right,,"finger, movement, gesture, touch, app, right, x-axis, hand",Kai Wanschura,2018-04-18,,,,,,
,E10B,extras-openmoji,interaction,swipe down,,"finger, movement, gesture, touch, app, down, y-axis, hand",Kai Wanschura,2018-04-18,,,,,,
,E10C,extras-openmoji,interaction,finger pushing button,,"pushing, pressing, red, alarm, nuclear missile, launch, start, stop",Kai Wanschura,2018-04-18,,,,,,
,E10D,extras-openmoji,interaction,exit,,,Baris Camli,2018-04-18,,,,,,
,E140,extras-openmoji,objects,first aid kit,,,Baris Camli,2018-04-18,,,,,,
,E141,extras-openmoji,objects,armchair,,,Baris Camli,2018-04-18,,,,,,
,E142,extras-openmoji,objects,picture,,"photo, picture, frame, landscape",Kai Magnus Müller,2018-04-18,,,,,,
,E143,extras-openmoji,objects,lighter,,"lighter, bic",Kai Magnus Müller,2018-04-18,,,,,,
,E144,extras-openmoji,objects,outlet,,outlet,Kai Magnus Müller,2018-04-18,,,,,,
,E145,extras-openmoji,objects,guy fawkes mask,,"mask, guy, fawkes, anonymous, vendetta",Xavier Martinez,2023-12-04,,,,,,
,E146,extras-openmoji,objects,spätzlepresse,,"swabian, schwäbisch, schwaebisch, spätzle, germany",Fanny Jung,2019-05-06,,,,,,
,E147,extras-openmoji,objects,european name badge,,,Selina Lange,2019-05-06,,,,,,
,E148,extras-openmoji,objects,kehrwoche,,"swabian, schwäbisch, schwaebisch, germany, broom",Tonia Reinhardt,2019-05-07,,,,,,
,E149,extras-openmoji,objects,tardis,,"time machine, doctor who, police booth, police box",Alexander Müller,2020-04-19,,,,,,
,E14A,extras-openmoji,objects,motorbike helmet,,"helmet, motorbike, motorcycle, motor",Xavier Martinez,2023-12-04,,,,,,
,E14B,extras-openmoji,objects,sneaker,,,Mark-Jonathan Freyer,2026-07-31,,,,,,
,E14C,extras-openmoji,objects,sneaker high,,,Mark-Jonathan Freyer,2026-07-31,,,,,,
,E14D,extras-openmoji,objects,3d printer,,,Mark-Jonathan Freyer,2026-07-31,,,,,,
,E14E,extras-openmoji,objects,3d printer low,,,Mark-Jonathan Freyer,2026-07-31,,,,,,
,E14F,extras-openmoji,objects,snorkling,,,Mark-Jonathan Freyer,2026-07-31,,,,,,
,E150,extras-openmoji,objects,espresso machine,,coffee,Alexander Müller,2020-05-11,,,,,,
,E151,extras-openmoji,objects,french press,,coffee,Alexander Müller,2020-05-11,,,,,,
,E152,extras-openmoji,objects,moka pot,,coffee,Alexander Müller,2020-05-11,,,,,,
,E153,extras-openmoji,objects,milk jug,,"coffee, latte",Alexander Müller,2020-05-11,,,,,,
,E154,extras-openmoji,objects,electric coffee percolator,,burned coffee,Alexander Müller,2020-05-11,,,,,,
,E155,extras-openmoji,objects,drip coffee maker,,,Alexander Müller,2020-05-11,,,,,,
,E156,extras-openmoji,objects,coffee grinder,,,Alexander Müller,2020-05-11,,,,,,
,E157,extras-openmoji,objects,horse jumping hurdle,,equestrian,Carlin MacKenzie,2020-09-13,,,,,,
,E158,extras-openmoji,objects,ventilator,,,Mark-Jonathan Freyer,2026-07-31,,,,,,
,E159,extras-openmoji,objects,bicycle helmet,,,Mark-Jonathan Freyer,2026-07-31,,,,,,
,E15A,extras-openmoji,objects,vr headset,,,Mark-Jonathan Freyer,2026-07-31,,,,,,
,E15B,extras-openmoji,objects,ulmer hocker,,"HfG, Ulm",Mark-Jonathan Freyer,2026-07-31,,,,,,
,E15C,extras-openmoji,objects,adilette,,,Mark-Jonathan Freyer,2026-07-31,,,,,,
,E15D,extras-openmoji,objects,football figure white,,,Mark-Jonathan Freyer,2026-07-31,,,,,,
,E15E,extras-openmoji,objects,football figure black,,,Mark-Jonathan Freyer,2026-07-31,,,,,,
,E15F,extras-openmoji,objects,rubber duck,,,Mark-Jonathan Freyer,2026-07-31,,,,,,
,E160,extras-openmoji,objects,rubber duck in water,,,Mark-Jonathan Freyer,2026-07-31,,,,,,
,E161,extras-openmoji,objects,charging station,,,Mark-Jonathan Freyer,2026-07-31,,,,,,
,E162,extras-openmoji,objects,trash bin,,,Mark-Jonathan Freyer,2026-07-31,,,,,,
,E163,extras-openmoji,objects,desk lamp,,,Mark-Jonathan Freyer,2026-07-31,,,,,,
,E164,extras-openmoji,objects,crocs,,,Mark-Jonathan Freyer,2026-07-31,,,,,,
,E165,extras-openmoji,objects,water pistol,,"gun, weapon, pistol",Hilda Kalyoncu,2018-04-18,,,,,,
👨‍🪩,1F468-200D-1FAA9,extras-openmoji,people,dj man,,"party, disc jockey, Diskjockey, music, rave, techno",Liz Bravo,2022-07-01,,,,,,
👩‍🪩,1F469-200D-1FAA9,extras-openmoji,people,dj woman,,"party, disc jockey, Diskjockey, music, rave, techno",Liz Bravo,2022-07-01,,,,,,
🧑‍🪩,1F9D1-200D-1FAA9,extras-openmoji,people,dj,,"party, disc jockey, Diskjockey, music, rave, techno",Liz Bravo,2022-07-01,,,,,,
,E181,extras-openmoji,people,drunk person,,"person, person-activity, person-gesture, person-sport, drunk, alcohol, party, beer, drinking",Johanna Wellnitz,2018-04-18,,,,,,
,E182,extras-openmoji,people,person with dog,,"person, person-activity, dog, walking, animal, pet",Johanna Wellnitz,2018-04-18,,,,,,
,E183,extras-openmoji,people,trump,,"trump, donald, president, america, usa",Sina Schulz,2018-04-18,,,,,,
,E184,extras-openmoji,people,horse riding,,equestrian,Johanna Wellnitz,2018-04-18,,,,,,
,E185,extras-openmoji,people,barista,,person,Alexander Müller,2020-05-11,,,,,,
,E186,extras-openmoji,people,man barista,,male,Alexander Müller,2020-05-11,,,,,,
,E187,extras-openmoji,people,woman barista,,female,Alexander Müller,2020-05-11,,,,,,
,E188,extras-openmoji,people,Greta Thunberg,,"climate change, Sweden, activist, Fridays for Future, FFF",Daniel Utz,2020-06-02,,,,,,
,E189,extras-openmoji,people,windsurfing,,"windsurfing, watersport, surf, wave, sea", Mostafa Hussein Omar,2023-10-09,,,,,,
,E18A,extras-openmoji,people,captain jack,,,Mark-Jonathan Freyer,2026-07-31,,,,,,
,E18B,extras-openmoji,people,darth vader,,,Mark-Jonathan Freyer,2026-07-31,,,,,,
,E18C,extras-openmoji,people,pirate male,,,Mark-Jonathan Freyer,2026-07-31,,,,,,
,E18D,extras-openmoji,people,pirate female,,,Mark-Jonathan Freyer,2026-07-31,,,,,,
,E18E,extras-openmoji,people,pirate with sword,,,Mark-Jonathan Freyer,2026-07-31,,,,,,
,E18F,extras-openmoji,people,pirate with hook,,,Mark-Jonathan Freyer,2026-07-31,,,,,,
,E190,extras-openmoji,people,boy standing,,,Mark-Jonathan Freyer,2026-07-31,,,,,,
,E191,extras-openmoji,people,girl standing,,,Mark-Jonathan Freyer,2026-07-31,,,,,,
,E420,extras-openmoji,queer-symbols,pride,,"pride flag, lgbtq, queer, rainbow, gender",Feli Berner,2025-11-19,,,,,,
,E421,extras-openmoji,queer-symbols,lesbian,,"pride flag, lgbtq, queer, sapphic, sexuality",Feli Berner,2025-11-19,,,,,,
,E422,extras-openmoji,queer-symbols,gay,,"pride flag, lgbtq, queer, achillean, sexuality",Feli Berner,2025-11-19,,,,,,
,E423,extras-openmoji,queer-symbols,bisexual,,"pride flag, lgbtq, queer, sexuality",Feli Berner,2025-11-19,,,,,,
,E424,extras-openmoji,queer-symbols,pansexual,,"pride flag, lgbtq, queer, sexuality",Feli Berner,2025-11-19,,,,,,
,E425,extras-openmoji,queer-symbols,asexual,,"pride flag, lgbtq, queer, sexuality, ace",Feli Berner,2025-11-19,,,,,,
,E426,extras-openmoji,queer-symbols,demisexual,,"pride flag, lgbtq, queer, sexuality, ace",Feli Berner,2025-11-19,,,,,,
,E427,extras-openmoji,queer-symbols,greysexual,,"pride flag, lgbtq, queer, sexuality, ace",Feli Berner,2025-11-19,,,,,,
,E428,extras-openmoji,queer-symbols,polysexual,,"pride flag, lgbtq, queer, sexuality",Feli Berner,2025-11-19,,,,,,
,E429,extras-openmoji,queer-symbols,aroace,,"pride flag, lgbtq, queer, sexuality",Feli Berner,2025-11-19,,,,,,
,E42A,extras-openmoji,queer-symbols,aromantic,,"pride flag, lgbtq, queer, aro, romantic",Feli Berner,2025-11-19,,,,,,
,E42B,extras-openmoji,queer-symbols,polyamory,,"pride flag, lgbtq, queer, poly",Feli Berner,2025-11-19,,,,,,
,E42C,extras-openmoji,queer-symbols,bdsm rights,,"pride flag, lgbtq, queer, kink",Feli Berner,2025-11-19,,,,,,
,E42D,extras-openmoji,queer-symbols,intersex,,"pride flag, lgbtq, queer",Feli Berner,2025-11-19,,,,,,
,E42E,extras-openmoji,queer-symbols,nonbinary,,"pride flag, lgbtq, queer, enby, gender",Feli Berner,2025-11-19,,,,,,
,E42F,extras-openmoji,queer-symbols,genderfluid,,"pride flag, lgbtq, queer, gender",Feli Berner,2025-11-19,,,,,,
,E430,extras-openmoji,queer-symbols,genderqueer,,"pride flag, lgbtq, queer, gender",Feli Berner,2025-11-19,,,,,,
,E431,extras-openmoji,queer-symbols,agender,,"pride flag, lgbtq, queer, gender",Feli Berner,2025-11-19,,,,,,
,E432,extras-openmoji,queer-symbols,demigirl,,"pride flag, lgbtq, queer, gender",Feli Berner,2025-11-19,,,,,,
,E433,extras-openmoji,queer-symbols,demiboy,,"pride flag, lgbtq, queer, gender",Feli Berner,2025-11-19,,,,,,
,E434,extras-openmoji,queer-symbols,demigender,,"pride flag, lgbtq, queer, gender",Feli Berner,2025-11-19,,,,,,
,E435,extras-openmoji,queer-symbols,bigender,,"pride flag, lgbtq, queer, gender",Feli Berner,2025-11-19,,,,,,
,E280,extras-openmoji,smileys-emotion,exhausted face,,"exhausted, sleepy, tired, face",Mariella Steeb,2018-04-18,,,,,,
,E281,extras-openmoji,smileys-emotion,incredulous face,,"incredulous, disbelief, shocked",Mariella Steeb,2018-04-18,,,,,,
,E282,extras-openmoji,smileys-emotion,dejected face,,"sigh, ._., pensive, disappointed",Carlin MacKenzie,2020-01-10,,,,,,
,E283,extras-openmoji,smileys-emotion,annoyed face with tongue,,"disappointed, playful, goofy, tongue out, annoyed, frustrated, childish, offended",Barkin Simsek,2021-01-16,,,,,,
🯆‍👗,1FBC6-200D-1F457,extras-openmoji,symbol-other,stick figure with dress and arms raised,,legacy computing,Alexander Müller,2020-11-04,,,,,,
🯇‍👗,1FBC7-200D-1F457,extras-openmoji,symbol-other,stick figure with dress leaning left,,legacy computing,Alexander Müller,2020-11-04,,,,,,
🯈‍👗,1FBC8-200D-1F457,extras-openmoji,symbol-other,stick figure with dress leaning right,,legacy computing,Alexander Müller,2020-11-04,,,,,,
⬡️‍🌈,2B21-FE0F-200D-1F308,extras-openmoji,symbol-other,rainbow hexagon,,pride,Alexander Müller,2020-11-14,,,,,,
⬡️‍🟥,2B21-FE0F-200D-1F7E5,extras-openmoji,symbol-other,red hexagon,,,Alexander Müller,2020-11-14,,,,,,
⬡️‍🟦,2B21-FE0F-200D-1F7E6,extras-openmoji,symbol-other,blue hexagon,,,Alexander Müller,2020-11-14,,,,,,
⬡️‍🟧,2B21-FE0F-200D-1F7E7,extras-openmoji,symbol-other,orange hexagon,,,Alexander Müller,2020-11-14,,,,,,
⬡️‍🟨,2B21-FE0F-200D-1F7E8,extras-openmoji,symbol-other,yellow hexagon,,,Alexander Müller,2020-11-14,,,,,,
⬡️‍🟩,2B21-FE0F-200D-1F7E9,extras-openmoji,symbol-other,green hexagon,,,Alexander Müller,2020-11-14,,,,,,
⬡️‍🟪,2B21-FE0F-200D-1F7EA,extras-openmoji,symbol-other,purple hexagon,,,Alexander Müller,2020-11-14,,,,,,
⬡️‍🟫,2B21-FE0F-200D-1F7EB,extras-openmoji,symbol-other,brown hexagon,,,Alexander Müller,2020-11-14,,,,,,
,E380,extras-openmoji,symbols,no handshaking,,"hygiene, agreement, virus, meeting, spread, germs",Julian Grüneberg,2020-04-05,,,,,,
,E381,extras-openmoji,symbols,web syndication,,"feed, RSS, atom feed, podcast, subscribe, web feed",Alexander Müller,2020-04-19,,,,,,
◉️‍🔴,25C9-FE0F-200D-1F534,extras-openmoji,technology,red eye,,"turret, AI, rogue AI, Portal",Alexander Müller,2021-10-20,,,,,,
◉️‍🔴‍▮️,25C9-FE0F-200D-1F534-200D-25AE-FE0F,extras-openmoji,technology,HAL 9000,,"AI, artificial intelligence, rogue AI, I'm sorry Dave, I'm afraid I can't do that, 2001, Space Odyssey, Stanley Kubrick, science fiction, movie, film",Alexander Müller,2021-10-20,,,,,,
,E1C0,extras-openmoji,technology,wireframes,,,Baris Camli,2018-04-18,,,,,,
,E1C1,extras-openmoji,technology,code editor,,,Baris Camli,2018-04-18,,,,,,
,E1C2,extras-openmoji,technology,autonomous car,,,Baris Camli,2018-04-18,,,,,,
,E1C3,extras-openmoji,technology,switch,,"toggling, changeover switch, exchange counter, left, right",Kai Wanschura,2018-04-18,,,,,,
,E1C4,extras-openmoji,technology,surveillance,,"surveillance, camera, CCTV",Kai Magnus Müller,2018-04-18,,,,,,
,E1C6,extras-openmoji,technology,augmented reality,,,Baris Camli,2018-04-18,,,,,,
,E1C7,extras-openmoji,technology,led,,,Baris Camli,2018-04-18,,,,,,
,E1C8,extras-openmoji,technology,motor,,,Baris Camli,2018-04-18,,,,,,
,E1C9,extras-openmoji,technology,raspberry pi,,,Baris Camli,2018-04-18,,,,,,
,E1CA,extras-openmoji,technology,virtual reality,,,Baris Camli,2018-04-18,,,,,,
,E1CB,extras-openmoji,technology,cable,,,Baris Camli,2018-04-18,,,,,,
,E1CC,extras-openmoji,technology,tablet,,"technology, device, portable, screen, phablet, ipad",Kai Wanschura,2018-04-18,,,,,,
,E1CD,extras-openmoji,technology,gps,,"navigation, localization, location, reception, signal, wireless, crosshair, where",Kai Wanschura,2018-04-18,,,,,,
,E1CE,extras-openmoji,technology,smartwatch,,"clock, apps, monitor, intelligent, device, armlet",Kai Wanschura,2018-04-18,,,,,,
,E1CF,extras-openmoji,technology,washing machine,,"clothing, garment, cleaner, home electronics, appliance",Kai Wanschura,2018-04-18,,,,,,
,E1D0,extras-openmoji,technology,ibeacon,,"wireless, technology, iot, internet of things, navigation, localization, antenna, connection, reception",Kai Wanschura,2018-04-18,,,,,,
,E1D1,extras-openmoji,technology,keyboard,,"keyboard, key, type",Kai Magnus Müller,2018-04-18,,,,,,
,E1D2,extras-openmoji,technology,drone,,"drone, UAV, quadcopter, RC",Kai Magnus Müller,2018-04-18,,,,,,
,E1D3,extras-openmoji,technology,arduino,,"arduino, prototyping, electric, sensor",Kai Magnus Müller,2018-04-18,,,,,,
,E1D4,extras-openmoji,technology,wire,,"wire, cord, electric, litz-wire",Kai Magnus Müller,2018-04-18,,,,,,
,E1D5,extras-openmoji,technology,potentiometer,,potentiometer,Kai Magnus Müller,2018-04-18,,,,,,
,E1D6,extras-openmoji,technology,solar cell,,"solar, module, cell, photovoltaic",Kai Magnus Müller,2018-04-18,,,,,,
,E1D7,extras-openmoji,technology,circuit,,"circuit, electric, prototype",Kai Magnus Müller,2018-04-18,,,,,,
,E1D8,extras-openmoji,technology,qr code,,"scan, tag, matrix, barcode, quick response",Alexander Müller,2021-10-08,,,,,,
,E1D9,extras-openmoji,technology,barcode,,"scan, tag, machine readable, data",Alexander Müller,2021-10-20,,,,,,
,E1DA,extras-openmoji,technology,ai hand,,"artificial intelligence hand, ai hand, six-fingered hand, hallucination, error, bug, glitch",Joe Crawford,2025-09-08,,,,,,
,E1DB,extras-openmoji,technology,calculator,,,Mark-Jonathan Freyer,2026-07-31,,,,,,
,E200,extras-openmoji,travel-places,cafeteria,,,Baris Camli,2018-04-18,,,,,,
,E201,extras-openmoji,travel-places,emergency exit,,"alarm, fire, escape, way, route, guidance, signage, run, person, people, humans",Kai Wanschura,2018-04-18,,,,,,
,E202,extras-openmoji,travel-places,stairway,,"steps, up, down, ascend, descend, walk",Kai Wanschura,2018-04-18,,,,,,
,E203,extras-openmoji,travel-places,town,,"city, village, town",Kai Magnus Müller,2018-04-18,,,,,,
,E204,extras-openmoji,travel-places,elevator,,elevator,Kai Magnus Müller,2018-04-18,,,,,,
,E205,extras-openmoji,travel-places,eiffel tower,,"paris, tower, france",Louisa Mantsch,2018-11-16,,,,,,
,E206,extras-openmoji,travel-places,parking garage,,"parking lot, car, automobile, vehicle, sign, traffic sign, p",Kai Wanschura,2018-04-18,,,,,,
,E207,extras-openmoji,travel-places,schwäbisch gmünd forum gold und silber,,"swabian, schwäbisch, schwaebisch, germany, schwaebisch gmuend",Ricarda Krejci,2019-05-07,,,,,,
,E208,extras-openmoji,travel-places,schwäbisch gmünd fünfknopfturm,,"tower, schwaebisch gmuend",Ricarda Krejci,2019-05-07,,,,,,
,E209,extras-openmoji,travel-places,schwäbisch gmünd ratshaus,,"town hall, schwaebisch gmuend",Ricarda Krejci,2019-05-07,,,,,,
,E20A,extras-openmoji,travel-places,stuttgart fernsehturm,,"swabian, schwäbisch, schwaebisch, germany",Tonia Reinhardt,2019-05-07,,,,,,
,E20B,extras-openmoji,travel-places,space shuttle,,"nasa, shuttle, rocket, space, galaxy, adventure, alien, transportation",Ronja Bäurlen,2018-04-18,,,,,,
,E20C,extras-openmoji,travel-places,viennese coffee house,,viennese coffee culture,Alexander Müller,2020-05-11,,,,,,
,E20D,extras-openmoji,travel-places,black hole,,"interstellar, event horizon, accretion disc",Alexander Müller,2020-06-28,,,,,,
,E20E,extras-openmoji,travel-places,foggy mountain,,"fog, weather, berg, peak, elevation, hiking",Jonas Dunkel,2019-05-07,,,,,,
,E20F,extras-openmoji,travel-places,great pyramid of giza,,"seven wonders of the ancient world, egypt",Niklas Kuntz,2022-07-01,,,,,,
,E210,extras-openmoji,travel-places,colossus of rhodes,,"seven wonders of the ancient world, greece",Niklas Kuntz,2022-07-01,,,,,,
,E211,extras-openmoji,travel-places,hanging gardens of babylon,,"seven wonders of the ancient world, iraq",Niklas Kuntz,2022-07-01,,,,,,
,E212,extras-openmoji,travel-places,lighthouse of alexandria,,"seven wonders of the ancient world, egypt",Niklas Kuntz,2022-07-01,,,,,,
,E213,extras-openmoji,travel-places,mausoleum at halicarnassus,,"seven wonders of the ancient world, turkey",Niklas Kuntz,2022-07-01,,,,,,
,E214,extras-openmoji,travel-places,statue of zeus at olympia,,"seven wonders of the ancient world, greece",Niklas Kuntz,2022-07-01,,,,,,
,E215,extras-openmoji,travel-places,temple of artemis at ephesus,,"seven wonders of the ancient world, turkey",Niklas Kuntz,2022-07-01,,,,,,
,E216,extras-openmoji,travel-places,moai,,"stone, easter island",Liz Bravo,2022-07-05,,,,,,
,E217,extras-openmoji,travel-places,HfG Hochschule für Gestaltung Schwäbisch Gmünd,,"hochschule für gestaltung, schwäbisch gmünd",Mark-Jonathan Freyer,2026-07-31,,,,,,
,E218,extras-openmoji,travel-places,cargo bike,,,Mark-Jonathan Freyer,2026-07-31,,,,,,
,E219,extras-openmoji,travel-places,titanic,,,Mark-Jonathan Freyer,2026-07-31,,,,,,
,E21A,extras-openmoji,travel-places,submarine,,,Mark-Jonathan Freyer,2026-07-31,,,,,,
,E21B,extras-openmoji,travel-places,submarine under water,,,Mark-Jonathan Freyer,2026-07-31,,,,,,
,E21C,extras-openmoji,travel-places,nessy,,loch ness,Mark-Jonathan Freyer,2026-07-31,,,,,,
,E240,extras-openmoji,ui-element,mark,,,Baris Camli,2018-04-18,,,,,,
,E241,extras-openmoji,ui-element,toggle button,,,Baris Camli,2018-04-18,,,,,,
,E242,extras-openmoji,ui-element,location indicator,,,Baris Camli,2018-04-18,,,,,,
,E243,extras-openmoji,ui-element,scale,,"measurement, scaling, size, distance, meters, inches, miles, kilometers",Kai Wanschura,2018-04-18,,,,,,
,E244,extras-openmoji,ui-element,locomotion,,"movement, transport, driving, destination, start, end, distance, track",Kai Wanschura,2018-04-18,,,,,,
,E245,extras-openmoji,ui-element,toggle button state B,,,Baris Camli,2018-04-18,,,,,,
,E246,extras-openmoji,ui-element,people dialogue,,"communication, talking, chatting, users, humans, conversation, two, face-to-face",Kai Wanschura,2018-04-18,,,,,,
,E247,extras-openmoji,ui-element,safety,,,Baris Camli,2018-04-18,,,,,,
,E248,extras-openmoji,ui-element,chats,,"messaging, typing, message, text, writing, write, dialog",Kai Wanschura,2018-04-18,,,,,,
,E249,extras-openmoji,ui-element,collaboration,,"collab, team, teamwork, group, work, communication, circle",Kai Wanschura,2018-04-18,,,,,,
,E24A,extras-openmoji,ui-element,interview,,"interview, talk, speak, bubble",Kai Magnus Müller,2018-04-18,,,,,,
,E24B,extras-openmoji,ui-element,intricate,,"intricate, abstract",Kai Magnus Müller,2018-04-18,,,,,,
,E24C,extras-openmoji,ui-element,simple,,"simple, abstract",Kai Magnus Müller,2018-04-18,,,,,,
,E24D,extras-openmoji,ui-element,return,,back button,Jose Avila,2018-04-18,,,,,,
,E24E,extras-openmoji,ui-element,close,,,Jose Avila,2018-04-18,,,,,,
,E24F,extras-openmoji,ui-element,forward,,,Jose Avila,2018-04-18,,,,,,
,E250,extras-openmoji,ui-element,hamburger menu,,,Jose Avila,2018-04-18,,,,,,
,E251,extras-openmoji,ui-element,upload,,,Jose Avila,2018-04-18,,,,,,
,E252,extras-openmoji,ui-element,download,,,Jose Avila,2018-04-18,,,,,,
,E253,extras-openmoji,ui-element,share,,,Jose Avila,2018-04-18,,,,,,
,E254,extras-openmoji,ui-element,wifi,,,Baris Camli,2018-04-18,,,,,,
,E255,extras-openmoji,ui-element,copy,,,Baris Camli,2018-04-18,,,,,,
,E256,extras-openmoji,ui-element,contacts,,,Baris Camli,2018-04-18,,,,,,
,E257,extras-openmoji,ui-element,filter,,,Baris Camli,2018-04-18,,,,,,
,E258,extras-openmoji,ui-element,cursor,,pointer,Carlin MacKenzie,2020-05-03,,,,,,
,E259,extras-openmoji,ui-element,details,,,Baris Camli,2018-04-18,,,,,,
,E25A,extras-openmoji,ui-element,hold,,,Baris Camli,2018-04-18,,,,,,
,E25B,extras-openmoji,ui-element,duplicate,,"make copy, second, file, create, page, document",Kai Wanschura,2018-04-18,,,,,,
,E25C,extras-openmoji,ui-element,save,,"store, hard drive, record, hdd, harddisk, download",Kai Wanschura,2018-04-18,,,,,,
,E25D,extras-openmoji,ui-element,edit,,"change, editing, pencil, page, document, file, write, writing, scribble",Kai Wanschura,2018-04-18,,,,,,
,E25E,extras-openmoji,ui-element,home button,,"house, main, page, website, navigation, app, ui, symbol, internet, homepage",Kai Wanschura,2018-04-18,,,,,,
,E25F,extras-openmoji,ui-element,add button,,"new, file, plus, more, create, set",Kai Wanschura,2018-04-18,,,,,,
,E260,extras-openmoji,ui-element,archive,,"save, save to, library, cupboard, drawer",Kai Wanschura,2018-04-18,,,,,,
,E261,extras-openmoji,ui-element,overview,,"overview, lines, list",Kai Wanschura,2018-04-18,,,,,,
,E262,extras-openmoji,ui-element,delete,,"delete, bin, waste, remove",Kai Magnus Müller,2018-04-18,,,,,,
,E263,extras-openmoji,ui-element,comment,,"comment, write",Kai Magnus Müller,2018-04-18,,,,,,
,E264,extras-openmoji,ui-element,more information,,"more, plus, add, cross",Kai Magnus Müller,2018-04-18,,,,,,
,E265,extras-openmoji,ui-element,sort,,"sort, list, hierarchy",Kai Magnus Müller,2018-04-18,,,,,,
,E266,extras-openmoji,ui-element,inbox,,"entrance, inbox, in",Kai Magnus Müller,2018-04-18,,,,,,
,E267,extras-openmoji,ui-element,compose,,"write, compose, author",Kai Magnus Müller,2018-04-18,,,,,,
,E268,extras-openmoji,ui-element,add contact,,"add, contact",Kai Magnus Müller,2018-04-18,,,,,,
,E269,extras-openmoji,ui-element,link,,"link, chain",Kai Magnus Müller,2018-04-18,,,,,,
🫙‍🟥,1FAD9-200D-1F7E5,extras-unicode,food-drink,jar with red content,,"red potion, health potion, jam, jelly",Alexander Müller,2021-10-22,,,,,?,
🫙‍🟦,1FAD9-200D-1F7E6,extras-unicode,food-drink,jar with blue content,,"blue potion, magic potion, mana potion, water",Alexander Müller,2021-10-22,,,,,?,
🫙‍🟧,1FAD9-200D-1F7E7,extras-unicode,food-drink,jar with orange content,,"marmelade, jelly",Alexander Müller,2021-10-22,,,,,?,
🫙‍🟨,1FAD9-200D-1F7E8,extras-unicode,food-drink,jar with yellow content,,"urine, marmelade",Alexander Müller,2021-10-22,,,,,?,
🫙‍🟩,1FAD9-200D-1F7E9,extras-unicode,food-drink,jar with green content,,kiwi jam,Alexander Müller,2021-10-22,,,,,?,
🫙‍🟪,1FAD9-200D-1F7EA,extras-unicode,food-drink,jar with purple content,,"potion of health and magic, jam",Alexander Müller,2021-10-22,,,,,?,
🫙‍🟫,1FAD9-200D-1F7EB,extras-unicode,food-drink,jar with brown content,,"nutella, peanut butter, nut spread, chocolate",Alexander Müller,2021-10-22,,,,,?,
🇦,1F1E6,extras-unicode,regional-indicator,regional indicator A,,"alphabet, letter, upper case, type",Daniel Utz,2022-06-12,,,,,6,
🇧,1F1E7,extras-unicode,regional-indicator,regional indicator B,,"alphabet, letter, upper case, type",Daniel Utz,2022-06-12,,,,,6,
🇨,1F1E8,extras-unicode,regional-indicator,regional indicator C,,"alphabet, letter, upper case, type",Daniel Utz,2022-06-12,,,,,6,
🇩,1F1E9,extras-unicode,regional-indicator,regional indicator D,,"alphabet, letter, upper case, type",Daniel Utz,2022-06-12,,,,,6,
🇪,1F1EA,extras-unicode,regional-indicator,regional indicator E,,"alphabet, letter, upper case, type",Daniel Utz,2022-06-12,,,,,6,
🇫,1F1EB,extras-unicode,regional-indicator,regional indicator F,,"alphabet, letter, upper case, type",Daniel Utz,2022-06-12,,,,,6,
🇬,1F1EC,extras-unicode,regional-indicator,regional indicator G,,"alphabet, letter, upper case, type",Daniel Utz,2022-06-12,,,,,6,
🇭,1F1ED,extras-unicode,regional-indicator,regional indicator H,,"alphabet, letter, upper case, type",Daniel Utz,2022-06-12,,,,,6,
🇮,1F1EE,extras-unicode,regional-indicator,regional indicator I,,"alphabet, letter, upper case, type",Daniel Utz,2022-06-12,,,,,6,
🇯,1F1EF,extras-unicode,regional-indicator,regional indicator J,,"alphabet, letter, upper case, type",Daniel Utz,2022-06-12,,,,,6,
🇰,1F1F0,extras-unicode,regional-indicator,regional indicator K,,"alphabet, letter, upper case, type",Daniel Utz,2022-06-12,,,,,6,
🇱,1F1F1,extras-unicode,regional-indicator,regional indicator L,,"alphabet, letter, upper case, type",Daniel Utz,2022-06-12,,,,,6,
🇲,1F1F2,extras-unicode,regional-indicator,regional indicator M,,"alphabet, letter, upper case, type",Daniel Utz,2022-06-12,,,,,6,
🇳,1F1F3,extras-unicode,regional-indicator,regional indicator N,,"alphabet, letter, upper case, type",Daniel Utz,2022-06-12,,,,,6,
🇴,1F1F4,extras-unicode,regional-indicator,regional indicator O,,"alphabet, letter, upper case, type",Daniel Utz,2022-06-12,,,,,6,
🇵,1F1F5,extras-unicode,regional-indicator,regional indicator P,,"alphabet, letter, upper case, type",Daniel Utz,2022-06-12,,,,,6,
🇶,1F1F6,extras-unicode,regional-indicator,regional indicator Q,,"alphabet, letter, upper case, type",Daniel Utz,2022-06-12,,,,,6,
🇷,1F1F7,extras-unicode,regional-indicator,regional indicator R,,"alphabet, letter, upper case, type",Daniel Utz,2022-06-12,,,,,6,
🇸,1F1F8,extras-unicode,regional-indicator,regional indicator S,,"alphabet, letter, upper case, type",Daniel Utz,2022-06-12,,,,,6,
🇹,1F1F9,extras-unicode,regional-indicator,regional indicator T,,"alphabet, letter, upper case, type",Daniel Utz,2022-06-12,,,,,6,
🇺,1F1FA,extras-unicode,regional-indicator,regional indicator U,,"alphabet, letter, upper case, type",Daniel Utz,2022-06-12,,,,,6,
🇻,1F1FB,extras-unicode,regional-indicator,regional indicator V,,"alphabet, letter, upper case, type",Daniel Utz,2022-06-12,,,,,6,
🇼,1F1FC,extras-unicode,regional-indicator,regional indicator W,,"alphabet, letter, upper case, type",Daniel Utz,2022-06-12,,,,,6,
🇽,1F1FD,extras-unicode,regional-indicator,regional indicator X,,"alphabet, letter, upper case, type",Daniel Utz,2022-06-12,,,,,6,
🇾,1F1FE,extras-unicode,regional-indicator,regional indicator Y,,"alphabet, letter, upper case, type",Daniel Utz,2022-06-12,,,,,6,
🇿,1F1FF,extras-unicode,regional-indicator,regional indicator Z,,"alphabet, letter, upper case, type",Daniel Utz,2022-06-12,,,,,6,
🏴󠁣󠁡󠁯󠁮󠁿,1F3F4-E0063-E0061-E006F-E006E-E007F,extras-unicode,subdivision-flag,ontario flag,,"ontario, canada, province, red ensign",JJ Marr,2026-03-16,,,,,?,
🏴󠁣󠁡󠁱󠁣󠁿,1F3F4-E0063-E0061-E0071-E0063-E007F,extras-unicode,subdivision-flag,quebec flag,,"fleur-de-lis, quebec, canada, province",Denis Blanchette,2021-02-10,,,,,?,
🏴󠁤󠁥󠁢󠁥󠁿,1F3F4-E0064-E0065-E0062-E0065-E007F,extras-unicode,subdivision-flag,berlin flag,,"bear, city, capital",Alexander Müller,2020-04-26,,,,,?,
🏴󠁤󠁥󠁢󠁹󠁿,1F3F4-E0064-E0065-E0062-E0079-E007F,extras-unicode,subdivision-flag,bavaria flag,,"state, lozenge",Manuel Strehl,2020-07-09,,,,,?,
🏴󠁥󠁳󠁡󠁮󠁿,1F3F4-E0065-E0073-E0061-E006E-E007F,extras-unicode,subdivision-flag,andalusia flag,,"andalusia, arbonaida",Xavier Martinez,2024-04-08,,,,,?,
🏴󠁥󠁳󠁡󠁲󠁿,1F3F4-E0065-E0073-E0061-E0072-E007F,extras-unicode,subdivision-flag,aragon flag,,"aragon, arago",Xavier Martinez,2023-12-04,,,,,?,
🏴󠁥󠁳󠁡󠁳󠁿,1F3F4-E0065-E0073-E0061-E0073-E007F,extras-unicode,subdivision-flag,asturian flag,,"asturian, asturina",Mikel González,2020-10-11,,,,,?,
🏴󠁥󠁳󠁣󠁢󠁿,1F3F4-E0065-E0073-E0063-E0062-E007F,extras-unicode,subdivision-flag,cantabria flag,,cantabria,Xavier Martinez,2024-04-08,,,,,?,
🏴󠁥󠁳󠁣󠁥󠁿,1F3F4-E0065-E0073-E0063-E0065-E007F,extras-unicode,subdivision-flag,ceuta flag,,ceuta,Xavier Martinez,2024-04-08,,,,,?,
🏴󠁥󠁳󠁣󠁬󠁿,1F3F4-E0065-E0073-E0063-E006C-E007F,extras-unicode,subdivision-flag,castile and le�n flag,,"castile and le�n, castile and leon, castile, and le�n, leon",Xavier Martinez,2024-04-08,,,,,?,
🏴󠁥󠁳󠁣󠁭󠁿,1F3F4-E0065-E0073-E0063-E006D-E007F,extras-unicode,subdivision-flag,castile-la mancha flag,,"castile-la mancha, castile, la, mancha, castilla-la mancha, castilla",Xavier Martinez,2024-04-08,,,,,?,
🏴󠁥󠁳󠁣󠁮󠁿,1F3F4-E0065-E0073-E0063-E006E-E007F,extras-unicode,subdivision-flag,canary islands flag,,"canary, islands, canaries",Xavier Martinez,2024-04-08,,,,,?,
🏴󠁥󠁳󠁣󠁴󠁿,1F3F4-E0065-E0073-E0063-E0074-E007F,extras-unicode,subdivision-flag,catalonia flag,,"catalan, senyera",Joan Montané,2020-08-24,,,,,?,
🏴󠁥󠁳󠁥󠁸󠁿,1F3F4-E0065-E0073-E0065-E0078-E007F,extras-unicode,subdivision-flag,extremadura flag,,extremadura,Xavier Martinez,2024-04-08,,,,,?,
🏴󠁥󠁳󠁧󠁡󠁿,1F3F4-E0065-E0073-E0067-E0061-E007F,extras-unicode,subdivision-flag,galicia flag,,galicia,Xavier Martinez,2024-04-08,,,,,?,
🏴󠁥󠁳󠁩󠁢󠁿,1F3F4-E0065-E0073-E0069-E0062-E007F,extras-unicode,subdivision-flag,balearic islands flag,,"balearic, balearic, islands, illes, balears, balears",Xavier Martinez,2023-12-04,,,,,?,
🏴󠁥󠁳󠁭󠁣󠁿,1F3F4-E0065-E0073-E006D-E0063-E007F,extras-unicode,subdivision-flag,murcia flag,,"murcia, region",Xavier Martinez,2023-12-04,,,,,?,
🏴󠁥󠁳󠁭󠁤󠁿,1F3F4-E0065-E0073-E006D-E0064-E007F,extras-unicode,subdivision-flag,madrid autonomous community flag,,"madrid autonomous community, madrid, autonomous, community",Xavier Martinez,2024-04-08,,,,,?,
🏴󠁥󠁳󠁭󠁬󠁿,1F3F4-E0065-E0073-E006D-E006C-E007F,extras-unicode,subdivision-flag,melilla flag,,melilla,Xavier Martinez,2024-04-08,,,,,?,
🏴󠁥󠁳󠁮󠁣󠁿,1F3F4-E0065-E0073-E006E-E0063-E007F,extras-unicode,subdivision-flag,navarra chartered community,,"navarra chartered community, navarra, chartered, community, navarre",Xavier Martinez,2024-04-08,,,,,?,
🏴󠁥󠁳󠁰󠁶󠁿,1F3F4-E0065-E0073-E0070-E0076-E007F,extras-unicode,subdivision-flag,basque flag,,"basque, ikurrina, euskal",Sam Hocevar,2021-03-15,,,,,?,
🏴󠁥󠁳󠁲󠁩󠁿,1F3F4-E0065-E0073-E0072-E0069-E007F,extras-unicode,subdivision-flag,la rioja flag,,"la rioja, la, rioja",Xavier Martinez,2024-04-08,,,,,?,
🏴󠁥󠁳󠁶󠁣󠁿,1F3F4-E0065-E0073-E0076-E0063-E007F,extras-unicode,subdivision-flag,valencian community flag,,"valencian, community, comunitat, valenciana, reial, senyera, valencia",Xavier Martinez,2023-12-04,,,,,?,
🏴󠁦󠁲󠁢󠁲󠁥󠁿,1F3F4-E0066-E0072-E0062-E0072-E0065-E007F,extras-unicode,subdivision-flag,bretagne flag,,"breton, brittany, gwenn-ha-du",Sam Hocevar,2021-03-15,,,,,?,
🏴󠁩󠁴󠁢󠁡󠁿,1F3F4-E0069-E0074-E0062-E0061-E007F,extras-unicode,subdivision-flag,bari flag,,"bari, italy, province, apulia",JJ Marr,2026-03-16,,,,,?,
🏴󠁭󠁸󠁱󠁵󠁥󠁿,1F3F4-E006D-E0078-E0071-E0075-E0065-E007F,extras-unicode,subdivision-flag,queretaro flag,,"queretaro, mexico, state",Ramb Memburg,2025-12-18,,,,,?,
🏴󠁭󠁸󠁹󠁵󠁣󠁿,1F3F4-E006D-E0078-E0079-E0075-E0063-E007F,extras-unicode,subdivision-flag,yucatan flag,,"yucatan, mexico, state",Ramb Memburg,2025-12-24,,,,,?,
🏴󠁵󠁳󠁡󠁬󠁿,1F3F4-E0075-E0073-E0061-E006C-E007F,extras-unicode,subdivision-flag,alabama flag,,"alabama, state",Varvara Kirylchyk,2024-04-04,,,,,?,
🏴󠁵󠁳󠁣󠁡󠁿,1F3F4-E0075-E0073-E0063-E0061-E007F,extras-unicode,subdivision-flag,california flag,,"bear, republic, state",Alexander Müller,2020-04-26,,,,,?,
🏴󠁵󠁳󠁣󠁯󠁿,1F3F4-E0075-E0073-E0063-E006F-E007F,extras-unicode,subdivision-flag,colorado flag,,"colorado, mountains, state",Alex Cochran,2024-02-26,,,,,?,
🏴󠁵󠁳󠁤󠁣󠁿,1F3F4-E0075-E0073-E0064-E0063-E007F,extras-unicode,subdivision-flag,washington dc flag,,"washington, district",Varvara Kirylchyk,2024-02-20,,,,,?,
🏴󠁵󠁳󠁴󠁸󠁿,1F3F4-E0075-E0073-E0074-E0078-E007F,extras-unicode,subdivision-flag,texas flag,,"cowboy, lone star, republic, state",Carlin MacKenzie,2020-04-03,,,,,?,
-,002D,extras-unicode,symbol-other,hyphen-minus,,"hyphen, minus, dash, line",Robert Winslow,2022-12-24,,,,,1,
🄍,1F10D,extras-unicode,symbol-other,circled zero with slash,,"license, copyright, creative commons, open, libre, public domain",Carlin MacKenzie,2020-04-17,,,,,13,
🄎,1F10E,extras-unicode,symbol-other,circled anticlockwise arrow,,"license, copyright, creative commons, open, libre, share alike",Carlin MacKenzie,2020-04-17,,,,,13,
🄏,1F10F,extras-unicode,symbol-other,circled dollar sign with overlaid backslash,,"license, copyright, creative commons, open, libre, non commercial",Carlin MacKenzie,2020-04-17,,,,,13,
🄯,1F12F,extras-unicode,symbol-other,copyleft symbol,,"open source, free, libre, reciprocal",Carlin MacKenzie,2020-06-06,,,,,11,
🅭,1F16D,extras-unicode,symbol-other,circled cc,,"license, copyright, creative commons, open, libre, public domain",Carlin MacKenzie,2020-04-17,,,,,13,
🅮,1F16E,extras-unicode,symbol-other,circled c with overlaid backslash,,"license, copyright, creative commons, open, libre, public domain",Carlin MacKenzie,2020-04-17,,,,,13,
🅯,1F16F,extras-unicode,symbol-other,circled human figure,,"license, copyright, creative commons, open, libre, by, attribution, credit",Carlin MacKenzie,2020-04-17,,,,,13,
🉠,1F260,extras-unicode,symbol-other,rounded symbol for fu,,"ideograph, chinese, religion, luck, 福",Robert Winslow,2023-01-06,,,,,10,
🉡,1F261,extras-unicode,symbol-other,rounded symbol for lu,,"ideograph, chinese, religion, prosperity, 禄, 祿",Robert Winslow,2023-01-06,,,,,10,
🉢,1F262,extras-unicode,symbol-other,rounded symbol for shou,,"ideograph, chinese, religion, longevity, 寿, 壽",Robert Winslow,2023-01-06,,,,,10,
🉣,1F263,extras-unicode,symbol-other,rounded symbol for xi,,"ideograph, chinese, religion, happiness, 喜",Robert Winslow,2023-01-06,,,,,10,
🉤,1F264,extras-unicode,symbol-other,rounded symbol for shuangxi,,"ideograph, chinese, religion, double happiness, love and marriage, 囍",Robert Winslow,2023-01-06,,,,,10,
🉥,1F265,extras-unicode,symbol-other,rounded symbol for cai,,"ideograph, chinese, religion, wealth, 财, 財",Robert Winslow,2023-01-06,,,,,10,
🐱‍💻,1F431-200D-1F4BB,extras-unicode,symbol-other,hacker cat,,"coder, developer, software, technologist, smart, clever, code, notebook, computer",Benedikt Groß,2020-03-06,,,,,?,
🯅,1FBC5,extras-unicode,symbol-other,stick figure,,legacy computing,Alexander Müller,2020-11-04,,,,,13,
🯆,1FBC6,extras-unicode,symbol-other,stick figure with arms raised,,legacy computing,Alexander Müller,2020-11-04,,,,,13,
🯇,1FBC7,extras-unicode,symbol-other,stick figure leaning left,,legacy computing,Alexander Müller,2020-11-04,,,,,13,
🯈,1FBC8,extras-unicode,symbol-other,stick figure leaning right,,legacy computing,Alexander Müller,2020-11-04,,,,,13,
🯉,1FBC9,extras-unicode,symbol-other,stick figure with dress,,legacy computing,Alexander Müller,2020-11-04,,,,,13,
⃣,20E3,extras-unicode,symbol-other,combining enclosing keycap,,keycap,Crystal Moon,2025-02-15,,,,,3,
℗,2117,extras-unicode,symbol-other,sound recording copyright,,"trademark, music, phonogram",Carlin MacKenzie,2020-06-06,,,,,1.1,
℠,2120,extras-unicode,symbol-other,service mark,,"trademark, sm",Carlin MacKenzie,2020-06-06,,,,,1.1,
⊜,229C,extras-unicode,symbol-other,circled equals,,"license, copyright, creative commons, open, libre",Carlin MacKenzie,2020-04-18,,,,,1.1,
⏻,23FB,extras-unicode,symbol-other,power symbol,,"enable, on, off",Alexander Müller,2020-04-20,,,,,5,
⏼,23FC,extras-unicode,symbol-other,power on-off symbol,,"enable, disable, on, off",Alexander Müller,2020-04-20,,,,,5,
⏽,23FD,extras-unicode,symbol-other,power on symbol,,"enable, on, I",Alexander Müller,2020-04-20,,,,,5,
⏾,23FE,extras-unicode,symbol-other,power sleep symbol,,"sleep, standby, crescent moon",Alexander Müller,2020-04-20,,,,,5,
□,25A1,extras-unicode,symbol-other,white square,,missing glyph,Benedikt Groß,2019-04-15,,,,,1,
▬,25AC,extras-unicode,symbol-other,black rectangle,,,loominade,2020-04-22,,,,,1.1,
▭,25AD,extras-unicode,symbol-other,white rectangle,,,loominade,2020-04-22,,,,,1.1,
▮,25AE,extras-unicode,symbol-other,black vertical rectangle,,,Alexander Müller,2021-11-17,,,,,1.1,
◉,25C9,extras-unicode,symbol-other,fisheye,,iris,Alexander Müller,2021-11-17,,,,,1.1,
◐,25D0,extras-unicode,symbol-other,circle with left half black,,,loominade,2020-04-22,,,,,1.1,
◑,25D1,extras-unicode,symbol-other,circle with right half black,,,loominade,2020-04-22,,,,,1.1,
◧,25E7,extras-unicode,symbol-other,square with left half black,,,loominade,2020-04-22,,,,,1.1,
◨,25E8,extras-unicode,symbol-other,square with right half black,,,loominade,2020-04-22,,,,,1.1,
◩,25E9,extras-unicode,symbol-other,square with upper left diagonal black,,,loominade,2020-04-22,,,,,1.1,
◪,25EA,extras-unicode,symbol-other,square with lower right diagonal black,,,loominade,2020-04-22,,,,,1.1,
◭,25ED,extras-unicode,symbol-other,up-pointing triangle with left half black,,,loominade,2020-04-22,,,,,1.1,
◮,25EE,extras-unicode,symbol-other,up-pointing triangle with right half black,,,loominade,2020-04-22,,,,,1.1,
★,2605,extras-unicode,symbol-other,black star,,full star,Alexander Müller,2020-11-09,,,,,1,
♔,2654,extras-unicode,symbol-other,white chess king,,,Natalia Kenig,2026-02-02,,,,,1.1,
♕,2655,extras-unicode,symbol-other,white chess queen,,,Natalia Kenig,2026-02-02,,,,,1.1,
♖,2656,extras-unicode,symbol-other,white chess rook,,,Natalia Kenig,2026-02-02,,,,,1.1,
♗,2657,extras-unicode,symbol-other,white chess bishop,,,Natalia Kenig,2026-02-02,,,,,1.1,
♘,2658,extras-unicode,symbol-other,white chess knight,,,Natalia Kenig,2026-02-02,,,,,1.1,
♙,2659,extras-unicode,symbol-other,white chess pawn,,,Natalia Kenig,2026-02-02,,,,,1.1,
♚,265A,extras-unicode,symbol-other,black chess king,,,Natalia Kenig,2026-02-02,,,,,1.1,
♛,265B,extras-unicode,symbol-other,black chess queen,,,Natalia Kenig,2026-02-02,,,,,1.1,
♜,265C,extras-unicode,symbol-other,black chess rook,,,Natalia Kenig,2026-02-02,,,,,1.1,
♝,265D,extras-unicode,symbol-other,black chess bishop,,,Natalia Kenig,2026-02-02,,,,,1.1,
♞,265E,extras-unicode,symbol-other,black chess knight,,,Natalia Kenig,2026-02-02,,,,,1.1,
⬌,2B0C,extras-unicode,symbol-other,left right black arrow,,,Guemil Project,2019-01-14,,,,,4,
⬍,2B0D,extras-unicode,symbol-other,up down black arrow,,,Guemil Project,2019-01-14,,,,,4,
⬟,2B1F,extras-unicode,symbol-other,black pentagon,,equilateral polygon,loominade,2020-04-17,,,,,5,
⬠,2B20,extras-unicode,symbol-other,white pentagon,,equilateral polygon,loominade,2020-04-17,,,,,5,
⬡,2B21,extras-unicode,symbol-other,white hexagon,,equilateral polygon,loominade,2020-04-17,,,,,5,
⬢,2B22,extras-unicode,symbol-other,black hexagon,,equilateral polygon,loominade,2020-04-17,,,,,5,
⬣,2B23,extras-unicode,symbol-other,horizontal black hexagon ,,equilateral polygon,loominade,2020-04-17,,,,,5,
⬤,2B24,extras-unicode,symbol-other,black large circle,,,loominade,2020-04-22,,,,,1.1,
⬮,2B2E,extras-unicode,symbol-other,black vertical ellipse,,,loominade,2020-04-17,,,,,5,
⬯,2B2F,extras-unicode,symbol-other,white vertical ellipse,,,loominade,2020-04-17,,,,,5,
⭘,2B58,extras-unicode,symbol-other,heavy circle,,"off, disable, power off, O",Alexander Müller,2020-04-20,,,,,5,
⮏,2B8F,extras-unicode,symbol-other,anticlockwise triangle-headed top u-shaped arrow,,,Guemil Project,2019-01-14,,,,,7,
⮺,2BBA,extras-unicode,symbol-other,overlapping white squares,,,loominade,2020-04-22,,,,,1.1,
⮻,2BBB,extras-unicode,symbol-other,overlapping white and black squares,,,loominade,2020-04-22,,,,,1.1,
⮼,2BBC,extras-unicode,symbol-other,overlapping black squares,,,loominade,2020-04-22,,,,,1.1,
⯃,2BC3,extras-unicode,symbol-other,horizontal black octagon,,equilateral polygon,loominade,2020-04-17,,,,,5,
⯄,2BC4,extras-unicode,symbol-other,black octagon,,equilateral polygon,loominade,2020-04-17,,,,,5,
⯪,2BEA,extras-unicode,symbol-other,star with left half black,,half star,Alexander Müller,2020-11-09,,,,,11,
⯫,2BEB,extras-unicode,symbol-other,star with right half black,,half star,Alexander Müller,2020-11-09,,,,,11,
🛆,1F6C6,extras-unicode,transport-and-map-symbols,triangle with rounded corners,,,Mark-Jonathan Freyer,2026-07-31,,,,,?,
🛇,1F6C7,extras-unicode,transport-and-map-symbols,prohibited sign,,,Mark-Jonathan Freyer,2026-07-31,,,,,?,
🛈,1F6C8,extras-unicode,transport-and-map-symbols,circled information source,,,Mark-Jonathan Freyer,2026-07-31,,,,,?,
🛉,1F6C9,extras-unicode,transport-and-map-symbols,boys symbol,,,Mark-Jonathan Freyer,2026-07-31,,,,,?,
🛊,1F6CA,extras-unicode,transport-and-map-symbols,girls symbol,,,Mark-Jonathan Freyer,2026-07-31,,,,,?,
🛓,1F6D3,extras-unicode,transport-and-map-symbols,stupa,,,Mark-Jonathan Freyer,2026-07-31,,,,,?,
🛔,1F6D4,extras-unicode,transport-and-map-symbols,pagoda,,,Mark-Jonathan Freyer,2026-07-31,,,,,?,
🛦,1F6E6,extras-unicode,transport-and-map-symbols,up-pointing military airplane,,,Mark-Jonathan Freyer,2026-07-31,,,,,?,
🛧,1F6E7,extras-unicode,transport-and-map-symbols,up-pointing airplane,,,Mark-Jonathan Freyer,2026-07-31,,,,,?,
🛨,1F6E8,extras-unicode,transport-and-map-symbols,up-pointing small airplane,,,Mark-Jonathan Freyer,2026-07-31,,,,,?,
🛪,1F6EA,extras-unicode,transport-and-map-symbols,northeast-pointing airplane,,,Mark-Jonathan Freyer,2026-07-31,,,,,?,
🛱,1F6F1,extras-unicode,transport-and-map-symbols,oncoming fire engine,,,Mark-Jonathan Freyer,2026-07-31,,,,,?,
🛲,1F6F2,extras-unicode,transport-and-map-symbols,diesel locomotive,,,Mark-Jonathan Freyer,2026-07-31,,,,,?,
